{"type": "FeatureCollection", "features": [{"type": "Feature", "properties": {"code": "1", "nbhd": "City Centre", "eds": "CASTLE B, CASTLE C, CUSTOM HOUSE, DOCK A, DOCK B, DOCK C, DOCK D, GLENTWORTH A, GLENTWORTH B, GLENTWORTH C, KILLEELY B, MARKET, PROSPECT A, SHANNON A, SHANNON B"}, "geometry": {"type": "Polygon", "coordinates": [[[-8.632535584076571, 52.65249353704653], [-8.632591378233604, 52.652451687123026], [-8.632642089341038, 52.65240889359097], [-8.632795609518736, 52.65227936396389], [-8.6329685028773, 52.65210981438854], [-8.632980787953509, 52.6520977765859], [-8.633072377555486, 52.6520119990057], [-8.63337091236149, 52.651732392064076], [-8.633588225464099, 52.651544313302566], [-8.633728792475848, 52.651434140210576], [-8.634076265404426, 52.65120754236647], [-8.63444968467007, 52.65099000842203], [-8.634595486302867, 52.65090582689109], [-8.634930763392418, 52.650712242293196], [-8.635198831879668, 52.65056408348376], [-8.63542365504822, 52.65046580638207], [-8.635732675469184, 52.650335205280015], [-8.635924874913192, 52.65025492569222], [-8.635970486238328, 52.65023587775067], [-8.636130277923433, 52.65029732581458], [-8.636345323525978, 52.65035747928953], [-8.6368694719835, 52.65049228081111], [-8.637258605030864, 52.650595583695704], [-8.637400600419777, 52.65063732489673], [-8.637436336676526, 52.65064655223686], [-8.638951352137731, 52.651034751851256], [-8.639035388709873, 52.651056292670056], [-8.639676038826916, 52.65125064701977], [-8.639584656206456, 52.651328348300886], [-8.639515636801232, 52.65138699982524], [-8.639504688464278, 52.651396316682224], [-8.63955038493357, 52.65140338641337], [-8.639838380429467, 52.65146186352618], [-8.640204514946056, 52.65153661777912], [-8.64054360039006, 52.651604991728455], [-8.640897068703694, 52.65166944000492], [-8.641279282739522, 52.65174797786491], [-8.641759072720268, 52.65183879420385], [-8.642036676898853, 52.65189575832112], [-8.642346095981734, 52.65195940728814], [-8.64250933587781, 52.65198978217267], [-8.642542011735223, 52.6519958616453], [-8.642784196037116, 52.65204503459672], [-8.642914820044732, 52.65207056236391], [-8.643548536383717, 52.65225854287215], [-8.643600828107964, 52.65227380835602], [-8.6437532914577, 52.65232511139562], [-8.644977499147027, 52.652742227289416], [-8.645060462869868, 52.65277178709517], [-8.645176053388605, 52.652813959330125], [-8.645753901124785, 52.6530174760851], [-8.64610732116954, 52.65314051172485], [-8.646266472289698, 52.65319591860297], [-8.64633347480918, 52.653220405373894], [-8.64685762436577, 52.653430968687346], [-8.646843166798005, 52.653641064262736], [-8.64683744973061, 52.653749402439466], [-8.646825559064613, 52.653895093026506], [-8.646826976368345, 52.653957076423865], [-8.646831564067227, 52.65397550401458], [-8.646841358622899, 52.65399722879312], [-8.646909829835963, 52.65414213917419], [-8.646928010562718, 52.65417627571436], [-8.646956378708989, 52.65420767817445], [-8.646987426768796, 52.65423939855767], [-8.64721609346309, 52.654409904114935], [-8.647383670397508, 52.65452201452738], [-8.647489193922327, 52.654592615026914], [-8.647522455017482, 52.65461601814661], [-8.647628192784675, 52.65470908767491], [-8.647733059306924, 52.654802179846634], [-8.647774141541088, 52.654822726862854], [-8.647889645972503, 52.65488952439899], [-8.648194931104662, 52.65507138361511], [-8.648485849992523, 52.65524509652048], [-8.648768146997412, 52.65541233053036], [-8.6490578685176, 52.655583729649535], [-8.649063922936058, 52.655587345670526], [-8.649131490377773, 52.655627664850044], [-8.649305759501502, 52.65572992085063], [-8.649426588701425, 52.65580164017401], [-8.64983763896293, 52.65604511337485], [-8.649857472692668, 52.6560569498395], [-8.650190996763403, 52.65625616692369], [-8.650664249705189, 52.65653824153444], [-8.650780153905803, 52.65660647215998], [-8.650939762927887, 52.65670041134948], [-8.652097059038574, 52.65738589222768], [-8.652147999350891, 52.65741600976984], [-8.652181057758392, 52.6574354129802], [-8.652657686586311, 52.657715160094476], [-8.65370199399634, 52.6583306637301], [-8.653026421359009, 52.65843451591143], [-8.652783501258348, 52.6584800038705], [-8.652425602562442, 52.65854282429253], [-8.652169515897569, 52.658584671376055], [-8.651977949741212, 52.658616572644554], [-8.651772823517884, 52.658639182551596], [-8.651536135453311, 52.65866456318942], [-8.651247915983296, 52.658696715964346], [-8.650744652196629, 52.65874562544065], [-8.650514837156225, 52.65878101501943], [-8.65021722137326, 52.65882753494112], [-8.649906795947782, 52.658872506497865], [-8.649733615699027, 52.65889846102309], [-8.649542478438297, 52.65892759664041], [-8.649337087831189, 52.65895648647146], [-8.649116120118565, 52.65899455724597], [-8.648950000872997, 52.659022260585544], [-8.64883308151913, 52.659041443247105], [-8.648747072787533, 52.65905479407365], [-8.648656813942901, 52.6590646267792], [-8.648492012055032, 52.659080502883036], [-8.648288947323081, 52.65909784640488], [-8.647999866973137, 52.65912211339145], [-8.647793441498342, 52.65913512418742], [-8.647643236885697, 52.65914456471742], [-8.64719552532943, 52.65917325580438], [-8.64678740516843, 52.65920139657495], [-8.646469024897522, 52.65922558603255], [-8.646186875518882, 52.65924585601103], [-8.646141263790163, 52.65925819372023], [-8.645997818450583, 52.659285005302415], [-8.646689550161222, 52.66081390511109], [-8.647589241360878, 52.662802305490686], [-8.647644416199212, 52.6629236581625], [-8.647659848607201, 52.66295759385315], [-8.648084924084127, 52.6638924700818], [-8.647984623013457, 52.663927676678284], [-8.647669614537, 52.66403822661875], [-8.647669850231498, 52.66405816995842], [-8.647862506164405, 52.66409814774535], [-8.648062014014648, 52.664175568194175], [-8.648163185930793, 52.66422417094702], [-8.648206283848575, 52.66426443569088], [-8.648269588849738, 52.66432355481638], [-8.648277210543535, 52.66433310344635], [-8.648300240037939, 52.66435887223715], [-8.648556443776565, 52.66489762027531], [-8.64866862320205, 52.66513435549602], [-8.648751965687238, 52.665335484748695], [-8.648784132396083, 52.665439121385596], [-8.648783744452242, 52.665440777322125], [-8.648768355710857, 52.665506843301], [-8.64876296764011, 52.665537333511196], [-8.64868098462105, 52.66574254944057], [-8.648672600377578, 52.66577238193512], [-8.648676128276511, 52.66587784712105], [-8.64867342599804, 52.66598289699764], [-8.648670922352562, 52.666033468834335], [-8.648638011577821, 52.66648666778945], [-8.648620417560373, 52.66674322186926], [-8.648598102076527, 52.666989447468474], [-8.648570136078016, 52.667340244689385], [-8.648557778934528, 52.66749530328683], [-8.648131623090979, 52.66738382698756], [-8.647550470036188, 52.66724535990988], [-8.647166958454902, 52.6671509762304], [-8.647123799304156, 52.667140722758504], [-8.647100115241203, 52.667134749142036], [-8.646715279784553, 52.66703768378665], [-8.646351610461465, 52.66694918427288], [-8.646094171687126, 52.66688903733201], [-8.645940830664665, 52.666865065946425], [-8.645903083324288, 52.66686585588833], [-8.645597160316623, 52.66686336116326], [-8.645315398173059, 52.66687012667808], [-8.645213483062761, 52.666871643255426], [-8.6449662043449, 52.66687584735289], [-8.64414176563212, 52.66689230300808], [-8.643234007566637, 52.66691013091361], [-8.642474063536515, 52.66692302516165], [-8.64224546689164, 52.66692690659545], [-8.641338477606958, 52.666942810334284], [-8.641022071649065, 52.66694835095071], [-8.640935210116885, 52.66695010600299], [-8.640121427670541, 52.66696652998698], [-8.640083899111112, 52.666967128143185], [-8.639267579822004, 52.6669799557322], [-8.638890341500906, 52.66698587267633], [-8.638733543050089, 52.66698917063995], [-8.638156437585282, 52.66700130428266], [-8.637075155546947, 52.66701735869437], [-8.636891088442638, 52.667021249295594], [-8.636271328509968, 52.667034340879376], [-8.636083034209902, 52.6670383176326], [-8.634930877645251, 52.667056620324026], [-8.634855661819515, 52.66705300555073], [-8.6344538716687, 52.66702463341313], [-8.634031309013833, 52.666994141987665], [-8.633817045924781, 52.66697409403184], [-8.633749804691268, 52.66696780239712], [-8.633292084794597, 52.666924948927516], [-8.632901865208177, 52.66688887880776], [-8.632781054113407, 52.66687392950689], [-8.632695435827882, 52.66685838775812], [-8.63258473319974, 52.66695782083575], [-8.632486192435643, 52.66704676180817], [-8.632391857193685, 52.667131898063545], [-8.632307197821845, 52.66722276107423], [-8.632060492294102, 52.667508721196846], [-8.631967516446728, 52.66769241248828], [-8.631959160660246, 52.667717857418516], [-8.631964957490197, 52.66775176558486], [-8.631974976532835, 52.66778196611582], [-8.63198587019313, 52.66781478650808], [-8.632034462479593, 52.66791181461604], [-8.632101089582099, 52.668046568456155], [-8.632166614951183, 52.66818383581337], [-8.632173758191827, 52.66820755326674], [-8.632194676495613, 52.668277072517114], [-8.632201225692844, 52.668298555099774], [-8.632199578560678, 52.668320674615515], [-8.632195420501095, 52.668410577809894], [-8.632188773394406, 52.66852368358037], [-8.632173422646517, 52.668723166481946], [-8.632168268608108, 52.668788115025116], [-8.632161361444462, 52.668879111445776], [-8.63217156941407, 52.66936309317245], [-8.632187216678556, 52.66940746485748], [-8.63231999212162, 52.6696802644696], [-8.632464313097154, 52.669835069464945], [-8.632447816465842, 52.669874237747415], [-8.632325136375211, 52.66997311424548], [-8.63222244647854, 52.670054644813355], [-8.632169544640572, 52.67009664973656], [-8.631955915279764, 52.670245517342586], [-8.631796109381016, 52.670356868964525], [-8.631765153153228, 52.67037870427496], [-8.631603170105656, 52.67049294342797], [-8.631576531393526, 52.67051172669204], [-8.63133975671471, 52.6706737941788], [-8.63132959583318, 52.670680751159765], [-8.63160966488213, 52.670765958244466], [-8.631627829433148, 52.67077368199136], [-8.631870827678327, 52.670877025347465], [-8.632116074194691, 52.670980348126626], [-8.632587677044283, 52.671186140245844], [-8.6328068663711, 52.671280711434875], [-8.632910133725737, 52.67132906429529], [-8.632980288729414, 52.671350315026274], [-8.63317013899744, 52.67139744125774], [-8.63325908580252, 52.67141963405698], [-8.633330195792352, 52.67143737412099], [-8.633612885443885, 52.671467025023546], [-8.633837251057875, 52.6714919538242], [-8.63391002568536, 52.67150004939848], [-8.633957046221909, 52.671505271666085], [-8.634002146974098, 52.67151065698157], [-8.63438835539842, 52.671623152831984], [-8.635054767470542, 52.67181581232948], [-8.635099701853056, 52.671828047049885], [-8.63501475456976, 52.67192070208938], [-8.634932597523761, 52.67200390461692], [-8.634769681918325, 52.67216892682724], [-8.634756450272521, 52.67218231804707], [-8.634729768569608, 52.672209335342274], [-8.634600731600543, 52.67234614201096], [-8.634461061509587, 52.67249420372082], [-8.634383415424912, 52.67257651076211], [-8.63427435607542, 52.6726921240648], [-8.634179198738375, 52.672787556512965], [-8.634123553010463, 52.67284337369366], [-8.634042226538982, 52.6729249442947], [-8.633923491725215, 52.67305462146021], [-8.633914932409493, 52.67306395193942], [-8.633904720920421, 52.67307355190869], [-8.633492881899079, 52.67324767801247], [-8.633139255905359, 52.67339739465635], [-8.632955490555899, 52.67347519735368], [-8.632672347759096, 52.67359928863216], [-8.63256291048231, 52.67364724896025], [-8.632514593332246, 52.673667064896904], [-8.632144311792056, 52.67381888974547], [-8.631653651059578, 52.674006696172974], [-8.631285836998348, 52.674142380530846], [-8.63108030501289, 52.67421853455573], [-8.630977447813585, 52.67426569438618], [-8.63009722491303, 52.674638924508535], [-8.630061666821875, 52.6746029436483], [-8.62956101183876, 52.67407751033947], [-8.629221350277012, 52.6736845838848], [-8.629206509288178, 52.673667414518505], [-8.629036917447454, 52.673487932632554], [-8.628799853362471, 52.67322480574561], [-8.628705709948669, 52.67313014819939], [-8.628598384357133, 52.67299269627225], [-8.628496137142555, 52.672865967077946], [-8.628393854752424, 52.672729530839824], [-8.628283941576676, 52.67257648002306], [-8.628076563276855, 52.672271121044794], [-8.627963926065796, 52.67210323602763], [-8.627963170585353, 52.6721021075303], [-8.62780192561403, 52.67185119618826], [-8.62777818113638, 52.67181211588409], [-8.627747786013467, 52.67170412312557], [-8.627664747458963, 52.67141308796075], [-8.627620518780938, 52.671270384490406], [-8.627578154389933, 52.67112155922498], [-8.62754099957701, 52.67097822505014], [-8.627498243871125, 52.67085777724002], [-8.627455256725822, 52.670773795342456], [-8.627397427076469, 52.6706228587754], [-8.62733267052015, 52.67046415717223], [-8.627285342860535, 52.670347535440165], [-8.627257417598662, 52.67023427142643], [-8.627239079794402, 52.670165852210836], [-8.627228303826191, 52.67011234018043], [-8.627179775598782, 52.66987155419501], [-8.627179525827495, 52.66984584955914], [-8.627128890892717, 52.669733604482374], [-8.627082457924683, 52.6696277456647], [-8.62692726575305, 52.66928532916571], [-8.626803966626685, 52.66886745049207], [-8.626711405835326, 52.66866130356698], [-8.626600672275723, 52.66842082822034], [-8.626583862222047, 52.66838466808524], [-8.626570508471778, 52.668306928706045], [-8.626361069155013, 52.667094156858624], [-8.624762742859867, 52.66696086841791], [-8.624271368870803, 52.666921168536916], [-8.624139646854895, 52.666911193380976], [-8.624064989716057, 52.66690831483217], [-8.623805261219047, 52.66688452441773], [-8.623755866483311, 52.666879292650826], [-8.623667098986743, 52.66686870441537], [-8.623576934653343, 52.66685345863872], [-8.623140525680233, 52.66678326486128], [-8.622741255224131, 52.66671613703222], [-8.622682146492824, 52.6667097874042], [-8.622222064997962, 52.66663813270969], [-8.622027260158411, 52.66660315790019], [-8.62174347905625, 52.66654695228198], [-8.621477735530481, 52.66649805759992], [-8.62111728636197, 52.66643252734839], [-8.620870695779015, 52.66638928331829], [-8.620653271386319, 52.66635102724083], [-8.620619947209684, 52.66634574596497], [-8.620466805862797, 52.66633265216032], [-8.620414676726108, 52.66633052522346], [-8.620328290728638, 52.666330330243284], [-8.620288993018766, 52.66633125496309], [-8.620250907869575, 52.66633324290812], [-8.620221648399486, 52.666335202633064], [-8.620122344887289, 52.66635093909383], [-8.620096734449827, 52.66627229239828], [-8.620070613498417, 52.66619203949741], [-8.619976437675712, 52.66592344643453], [-8.619915546578854, 52.66573461936118], [-8.619898033809246, 52.66567967682223], [-8.619875121692194, 52.66560778399815], [-8.619836704339376, 52.66547967079811], [-8.619809387465207, 52.66536288745702], [-8.61975276367585, 52.66513910122168], [-8.619671053925407, 52.665015735345094], [-8.619653441358448, 52.664996547952256], [-8.619605369168964, 52.66494666364735], [-8.619569958269702, 52.66491082445493], [-8.619449686609844, 52.66479216303905], [-8.619310529273184, 52.66465935404528], [-8.619215836701471, 52.66457432702471], [-8.619160410547423, 52.664525999948], [-8.619137612895265, 52.66450601265974], [-8.618990768378529, 52.66437727011456], [-8.618872659249773, 52.664268106226515], [-8.618792514581756, 52.664199783686534], [-8.61864855104717, 52.664080193537465], [-8.618167919360157, 52.66373778294758], [-8.617815465925805, 52.66350136411962], [-8.617800002757923, 52.66348878048856], [-8.617778748502227, 52.66347122965662], [-8.617765413141807, 52.66345123772154], [-8.617755035309944, 52.66342187375476], [-8.617748545155296, 52.66337466611613], [-8.617745895368843, 52.663308356718126], [-8.617741460098125, 52.66317517615247], [-8.617733001587162, 52.66312151632456], [-8.617720678961957, 52.663076882714726], [-8.617668499993426, 52.662987048927526], [-8.61764808915175, 52.66295485205577], [-8.617637581854417, 52.66294040900268], [-8.617624627626, 52.66292331822159], [-8.617608918080721, 52.66290372512835], [-8.617588831655706, 52.66288509859147], [-8.617564654189954, 52.66286883926338], [-8.617532579922276, 52.66285448161379], [-8.617481785266666, 52.66283765089288], [-8.616670277865012, 52.662564467261106], [-8.616633685287848, 52.662547292637456], [-8.61656987999494, 52.66251137557003], [-8.616497042123125, 52.66247017550826], [-8.616452582820656, 52.66244337054971], [-8.616418381100683, 52.66242274996842], [-8.616369898873954, 52.66239474352018], [-8.616315058707974, 52.66235297337592], [-8.616185655754428, 52.66225241321533], [-8.615867017698474, 52.661991778578546], [-8.61577232281975, 52.661904645591214], [-8.615705951098345, 52.66184377243976], [-8.615607512782924, 52.66175003453466], [-8.615543533849719, 52.66168793546884], [-8.615510076372798, 52.661654979080694], [-8.615377161002389, 52.66152402951864], [-8.615352452569061, 52.66150037528603], [-8.615346129390412, 52.66149432316985], [-8.61512107835323, 52.66134350258902], [-8.614954757385904, 52.66123890827561], [-8.614844611165118, 52.66117021741367], [-8.614788762498803, 52.661135372633524], [-8.614618958383366, 52.661040539022494], [-8.614230371570859, 52.6608292568618], [-8.614114490377002, 52.660737243947004], [-8.614025242463898, 52.660654395624476], [-8.613863181461547, 52.660509736597966], [-8.613717938050033, 52.66038009746947], [-8.613464677772035, 52.66008978060673], [-8.613442355823192, 52.660070688566876], [-8.613327481387454, 52.659989086882206], [-8.613168135061452, 52.65986568679833], [-8.612893659893075, 52.65967190286572], [-8.61284876145328, 52.659639759889494], [-8.612464845657213, 52.65937303610605], [-8.612187894502691, 52.65920366604062], [-8.612059185160225, 52.65912495685377], [-8.6113443626545, 52.658739425393264], [-8.61127389329971, 52.65870159032843], [-8.611257625656428, 52.65869285600155], [-8.611015017983869, 52.65856145158219], [-8.610699073205685, 52.658385978406], [-8.610330148757562, 52.65818460387138], [-8.610231321176862, 52.658129422470076], [-8.610056608591947, 52.65802871139602], [-8.61000553399631, 52.65799222192579], [-8.60993254816955, 52.6579404665512], [-8.609892196375908, 52.65791185834485], [-8.60973341800994, 52.65779510191334], [-8.6092118493212, 52.65738679396839], [-8.609019500479949, 52.657236593618684], [-8.608993088307514, 52.65720372501223], [-8.608946799437907, 52.65715303624586], [-8.608852431046037, 52.65703658581219], [-8.609630144276728, 52.657276767712474], [-8.610405528232677, 52.65751995854271], [-8.61122085055536, 52.6577837008653], [-8.611439242499412, 52.657853634305845], [-8.612017956552453, 52.65803891206543], [-8.612813258806177, 52.65829342616756], [-8.613553560112821, 52.65852410460457], [-8.614037399080914, 52.658673812355765], [-8.614367704701179, 52.6587760030607], [-8.614802294457117, 52.658911824695], [-8.614863269623836, 52.658930877737504], [-8.615507653252777, 52.659132677432346], [-8.615626660620368, 52.659171642931014], [-8.615739683592357, 52.65920864404241], [-8.616020356057916, 52.65929791144098], [-8.616323765759212, 52.65939571548311], [-8.616605705087578, 52.65948765336566], [-8.616829954496787, 52.65955979344054], [-8.616936278683768, 52.65959856298233], [-8.617139041255065, 52.659659498294786], [-8.617265160742907, 52.65970155297743], [-8.617600721862804, 52.65980846202334], [-8.61794392139465, 52.659916031366315], [-8.618139597102425, 52.65997736144525], [-8.61829388631278, 52.66002628781893], [-8.618445043025801, 52.660074232658395], [-8.618742096257481, 52.660167066301376], [-8.61893470763823, 52.660228968330586], [-8.619116260074335, 52.66028650566987], [-8.619348252768232, 52.6603599757176], [-8.619588938094738, 52.66043658165816], [-8.619793187116747, 52.66050383229428], [-8.620021990914264, 52.66057742555941], [-8.620467835161719, 52.660720502768925], [-8.62064971386307, 52.66077887105022], [-8.62089347742572, 52.66085957477905], [-8.621011227262668, 52.66089988069595], [-8.621156131911478, 52.66094850198722], [-8.621217384195191, 52.66096897942281], [-8.621146954847971, 52.660882999814625], [-8.621055923708797, 52.66077229398244], [-8.620975763379294, 52.66067761983456], [-8.620944102106346, 52.66063917281037], [-8.620890360227927, 52.660547793642785], [-8.620884351587332, 52.66053581700861], [-8.620882255568501, 52.660525599522074], [-8.620879688478594, 52.660482137490696], [-8.620874583128412, 52.660377425809116], [-8.620868778998851, 52.6603068546228], [-8.62086487030621, 52.660249036620165], [-8.62085705865992, 52.66022665221147], [-8.620846985008644, 52.66020737156124], [-8.620828957711945, 52.66018906733797], [-8.620820065181409, 52.660180116823284], [-8.620818895463987, 52.66017893652028], [-8.620788874585394, 52.66015503260774], [-8.620738992202178, 52.66012003353291], [-8.620664229270636, 52.66006502238723], [-8.620624840390903, 52.66003510950756], [-8.620329243286063, 52.65980206744088], [-8.62020647925585, 52.65970593497656], [-8.620075950360143, 52.659607362293016], [-8.619989569467164, 52.65953972928377], [-8.61963151276634, 52.65925763152945], [-8.619544449994766, 52.65918767383946], [-8.61945435368184, 52.659114325447575], [-8.618831512221666, 52.658656704985404], [-8.618806252693114, 52.65863381832793], [-8.618773554942422, 52.658600238697545], [-8.61874318675839, 52.65856519082186], [-8.61859257148829, 52.658374107877066], [-8.618560191848047, 52.65832219976931], [-8.618525811758223, 52.65826365089101], [-8.618505098358147, 52.65822561345186], [-8.618413718233505, 52.65803798713582], [-8.618386435762087, 52.65795131333184], [-8.618362065673502, 52.65787304618485], [-8.618281110447262, 52.657622763167744], [-8.618267524896437, 52.65756711673966], [-8.618251056228694, 52.65750826760622], [-8.618203384889803, 52.657338362343324], [-8.618143543752103, 52.65713034802179], [-8.618111686383632, 52.657029433871585], [-8.618096599342602, 52.65693437338937], [-8.618090371865936, 52.656882688269356], [-8.618084790195088, 52.65667872317488], [-8.61808290902201, 52.65658831257023], [-8.617945140904977, 52.65610532670209], [-8.617868337650235, 52.65594574771322], [-8.617764458859805, 52.65570136314633], [-8.61764906073593, 52.655428195658374], [-8.617629602114388, 52.655385702396295], [-8.617621693304287, 52.655365682142076], [-8.61762110091637, 52.65534357446739], [-8.617621627154183, 52.655206817559126], [-8.617620952415635, 52.65517152474848], [-8.61761696491485, 52.6550070899891], [-8.617615566052931, 52.65495292590914], [-8.61761487420302, 52.65492585731163], [-8.617613290715912, 52.6547621021017], [-8.617611500156144, 52.65471789889289], [-8.617596035388734, 52.654678755350254], [-8.617560212928156, 52.65458258044124], [-8.617499487473532, 52.65447705281959], [-8.617453995094229, 52.65439736752571], [-8.617399710660184, 52.65430522554889], [-8.61721216117155, 52.65410433838479], [-8.617118901160355, 52.65400576603213], [-8.617029456671554, 52.65391362720704], [-8.616918916847956, 52.65380434094806], [-8.61687093156959, 52.65375112941811], [-8.616847373713258, 52.65372285858106], [-8.616792020362455, 52.6536564818267], [-8.616735225553306, 52.653582185028604], [-8.616701716988345, 52.653535765010204], [-8.616634148236985, 52.653436267619945], [-8.61651622774392, 52.653253928015786], [-8.616338313509523, 52.65295356276853], [-8.616288763776327, 52.65286990739236], [-8.616260856021835, 52.65280865468903], [-8.616166871532538, 52.65263296729118], [-8.61612589648205, 52.65255996312074], [-8.61610791786105, 52.65252793305735], [-8.616074492595986, 52.65246840774709], [-8.616434935859477, 52.65218495359703], [-8.616642739031384, 52.65202153806374], [-8.616781254309807, 52.651915773071295], [-8.616859767938431, 52.65185533275925], [-8.616915295234946, 52.65181137043605], [-8.617022490854836, 52.65172650378691], [-8.61715927735649, 52.651599903894144], [-8.617311867888581, 52.65145589241857], [-8.617481847543763, 52.6512989550982], [-8.617654593848348, 52.651134974396726], [-8.617975804882875, 52.650839783699695], [-8.618061758197404, 52.650781065447845], [-8.618244682331483, 52.65065581452614], [-8.618478754301261, 52.65049807396698], [-8.61869137759103, 52.650355814609554], [-8.61894723593482, 52.650183839023356], [-8.619193852579205, 52.65001896684144], [-8.619397650543576, 52.64987894541037], [-8.61951919691533, 52.649797947230944], [-8.619539957278242, 52.6497841138317], [-8.619606498738523, 52.64973977805328], [-8.619941486047198, 52.64951957869229], [-8.620246441670027, 52.64931512995591], [-8.620477588798275, 52.64915848825349], [-8.620560828469177, 52.64909854200518], [-8.62061603575569, 52.64905127195746], [-8.620770708354959, 52.64894310674102], [-8.620843568734106, 52.64889214975717], [-8.621016427181651, 52.648778317196665], [-8.62132077442617, 52.64858483435038], [-8.621350554727687, 52.64856624355732], [-8.621591478358692, 52.64841594792912], [-8.62183040317332, 52.648443645184294], [-8.622106121044103, 52.648477269723756], [-8.622339043667248, 52.64851204415603], [-8.622627381180626, 52.64856532115936], [-8.622914529147492, 52.64861699484033], [-8.623454521092256, 52.648709528120875], [-8.623618778160688, 52.64872914777181], [-8.62380757168224, 52.648750130064556], [-8.62393407670982, 52.648761849700875], [-8.624099962951014, 52.648765083739455], [-8.624246522506757, 52.64876438368748], [-8.624455831872627, 52.64875551515872], [-8.624632157991597, 52.648740537420146], [-8.624811572653917, 52.648719341326135], [-8.625015685732087, 52.648693268964095], [-8.625312798219278, 52.64865173132442], [-8.625484160483989, 52.64862759264234], [-8.625497616164408, 52.6485442376217], [-8.62591948776039, 52.64848230193429], [-8.626041549218408, 52.648460211474685], [-8.626146607180853, 52.64844061955288], [-8.626217426763267, 52.64842740129471], [-8.62624105315491, 52.64842300707843], [-8.626489167884579, 52.648376934734266], [-8.626711798408486, 52.64833558059444], [-8.62690169872398, 52.648308932995576], [-8.627063820304155, 52.648289802355414], [-8.627129132143574, 52.64828209545461], [-8.627175075515138, 52.64827683692971], [-8.627295960831098, 52.64826661573049], [-8.627750808177057, 52.64822817367892], [-8.628245140534332, 52.64818142224761], [-8.62844962654159, 52.648162092066926], [-8.628943332427202, 52.64811606908008], [-8.628961942364656, 52.64811432547885], [-8.62957142264751, 52.648057357964575], [-8.630102288223291, 52.648008975564174], [-8.630223144654204, 52.647997870691846], [-8.630555916702598, 52.6479673114621], [-8.630655124431627, 52.64796450054123], [-8.63078660369399, 52.64796351312413], [-8.630850228180213, 52.6479669943871], [-8.630833224287004, 52.647992017984755], [-8.630804165856677, 52.64803479439199], [-8.630781142030136, 52.64806869434826], [-8.630774976965403, 52.64807775124874], [-8.630677063880087, 52.64822397899102], [-8.630634376828699, 52.648293252991955], [-8.630595548364331, 52.64833079631714], [-8.630560221307855, 52.64835800262349], [-8.6303833809465, 52.64843871314025], [-8.630130863483007, 52.648561710514485], [-8.630002633728783, 52.64862645969741], [-8.629825730307209, 52.64872658406995], [-8.62964502477438, 52.64882853499107], [-8.629496522521286, 52.64891830642894], [-8.629396869662378, 52.64898496142285], [-8.629300085847346, 52.64904972257668], [-8.62919823336647, 52.64911761146728], [-8.62900636874832, 52.64925365869481], [-8.628900165501548, 52.64933561886368], [-8.628753757635018, 52.64945932640234], [-8.628614239571123, 52.64957506069081], [-8.628522389900313, 52.64965738479042], [-8.628500332035438, 52.649677410483626], [-8.628482041728654, 52.64969427933471], [-8.628348743097968, 52.64981717082012], [-8.62823262287886, 52.64993536017377], [-8.62816840478149, 52.650006140556414], [-8.628106718089004, 52.65007413914255], [-8.628012499585195, 52.65017384045273], [-8.627932998892975, 52.65025797715627], [-8.627844286781087, 52.65036154100916], [-8.627812135425605, 52.65039907498822], [-8.627761231726083, 52.650458513493085], [-8.6275540737039, 52.65070487869714], [-8.627353855098837, 52.650945777959315], [-8.627304479704096, 52.65100469584586], [-8.62721560972575, 52.651110758743066], [-8.626935495981618, 52.651452153891505], [-8.626701709611433, 52.65173249870167], [-8.62722707865877, 52.65191222305046], [-8.62729735914428, 52.65193531904108], [-8.627874409921507, 52.65212492352227], [-8.628149651602698, 52.65221618639113], [-8.628178207863453, 52.65222565231596], [-8.628216095024175, 52.65223341495515], [-8.628218600394952, 52.6522339499494], [-8.628251629890261, 52.65224101029028], [-8.628570475882073, 52.65227791452669], [-8.629377357133736, 52.65237083855095], [-8.629617960189826, 52.65239931117415], [-8.629914495216832, 52.65243440687466], [-8.630123428871975, 52.652469194682986], [-8.630322139776728, 52.652516610883914], [-8.6305406094, 52.6525885580726], [-8.630871584789494, 52.652727514659226], [-8.630887152927766, 52.652734047040646], [-8.631255074321954, 52.65289523123523], [-8.631719349050446, 52.653098630245516], [-8.631757166655111, 52.653068659979], [-8.632337686703345, 52.65264198944162], [-8.632535584076571, 52.65249353704653]]]}}, {"type": "Feature", "properties": {"code": "1a", "nbhd": "Kings Island", "eds": "JOHN'S A, JOHN'S B, JOHN'S C"}, "geometry": {"type": "Polygon", "coordinates": [[[-8.620221648399486, 52.666335202633064], [-8.620250907869575, 52.66633324290812], [-8.620288993018766, 52.66633125496309], [-8.620328290728638, 52.666330330243284], [-8.620414676726108, 52.66633052522346], [-8.620466805862797, 52.66633265216032], [-8.620619947209684, 52.66634574596497], [-8.620653271386319, 52.66635102724083], [-8.620870695779015, 52.66638928331829], [-8.62111728636197, 52.66643252734839], [-8.621477735530481, 52.66649805759992], [-8.62174347905625, 52.66654695228198], [-8.622027260158411, 52.66660315790019], [-8.622222064997962, 52.66663813270969], [-8.622682146492824, 52.6667097874042], [-8.622741255224131, 52.66671613703222], [-8.623140525680233, 52.66678326486128], [-8.623576934653343, 52.66685345863872], [-8.623667098986743, 52.66686870441537], [-8.623755866483311, 52.666879292650826], [-8.623805261219047, 52.66688452441773], [-8.624064989716057, 52.66690831483217], [-8.624139646854895, 52.666911193380976], [-8.624271368870803, 52.666921168536916], [-8.624762742859867, 52.66696086841791], [-8.626361069155013, 52.667094156858624], [-8.626570508471778, 52.668306928706045], [-8.626583862222047, 52.66838466808524], [-8.626600672275723, 52.66842082822034], [-8.626711405835326, 52.66866130356698], [-8.626803966626685, 52.66886745049207], [-8.62692726575305, 52.66928532916571], [-8.627082457924683, 52.6696277456647], [-8.627128890892717, 52.669733604482374], [-8.627179525827495, 52.66984584955914], [-8.627179775598782, 52.66987155419501], [-8.627228303826191, 52.67011234018043], [-8.627239079794402, 52.670165852210836], [-8.627257417598662, 52.67023427142643], [-8.627285342860535, 52.670347535440165], [-8.62733267052015, 52.67046415717223], [-8.627397427076469, 52.6706228587754], [-8.627455256725822, 52.670773795342456], [-8.627498243871125, 52.67085777724002], [-8.62754099957701, 52.67097822505014], [-8.627578154389933, 52.67112155922498], [-8.627620518780938, 52.671270384490406], [-8.627664747458963, 52.67141308796075], [-8.627747786013467, 52.67170412312557], [-8.62777818113638, 52.67181211588409], [-8.62780192561403, 52.67185119618826], [-8.627963170585353, 52.6721021075303], [-8.627963926065796, 52.67210323602763], [-8.628076563276855, 52.672271121044794], [-8.628283941576676, 52.67257648002306], [-8.628393854752424, 52.672729530839824], [-8.628496137142555, 52.672865967077946], [-8.628598384357133, 52.67299269627225], [-8.628705709948669, 52.67313014819939], [-8.628799853362471, 52.67322480574561], [-8.629036917447454, 52.673487932632554], [-8.629206509288178, 52.673667414518505], [-8.629221350277012, 52.6736845838848], [-8.62956101183876, 52.67407751033947], [-8.630061666821875, 52.6746029436483], [-8.63009722491303, 52.674638924508535], [-8.630176440964902, 52.674718245725735], [-8.63023457059546, 52.67476896295606], [-8.630280007633537, 52.6748086096075], [-8.63055309605409, 52.67501425177994], [-8.630839565443887, 52.675254525125645], [-8.630931170014634, 52.67533038240413], [-8.631031154038569, 52.675417169460616], [-8.631073027567565, 52.6754610421029], [-8.631347320547725, 52.67564097008915], [-8.63141784657142, 52.67568239802957], [-8.63190763730366, 52.67612876100645], [-8.632141700166652, 52.67636187741246], [-8.63247466833608, 52.676607543323826], [-8.632645745011377, 52.67673035141639], [-8.63270446357619, 52.67677416053605], [-8.632732209815327, 52.6767959793204], [-8.632823224234219, 52.6768980835016], [-8.632850320210588, 52.67694345452283], [-8.632949259209212, 52.6771794298308], [-8.632955749919791, 52.677204930331385], [-8.632959841005592, 52.677228106742206], [-8.632966528809657, 52.677273379984314], [-8.632983781190623, 52.67752981688517], [-8.63297758788325, 52.67758627717455], [-8.632964404976414, 52.677625697419835], [-8.632942204629526, 52.67767863895784], [-8.632914068476493, 52.677730156115025], [-8.632886512666996, 52.677779881536914], [-8.632830015367116, 52.677862253403184], [-8.632658576662685, 52.67809139405911], [-8.63258796152496, 52.678180294600324], [-8.632451345195848, 52.67831925138665], [-8.63241358353162, 52.6783566096091], [-8.63232272640749, 52.67843246840912], [-8.632222712696386, 52.67851123418707], [-8.632107686400818, 52.678595994096696], [-8.631890848807588, 52.67875701230461], [-8.631775173594171, 52.678808159904214], [-8.631120326081536, 52.67906617289326], [-8.631058109870514, 52.67909069106848], [-8.630929862629163, 52.67917878287718], [-8.630807353915687, 52.679251555274824], [-8.63037046835351, 52.67950795456514], [-8.63006727187264, 52.6796095320154], [-8.630051644240982, 52.67961391138459], [-8.629807912927344, 52.67968990657937], [-8.629692923681336, 52.67972327904268], [-8.628677415013222, 52.68015647502083], [-8.628608336462115, 52.680212073129674], [-8.628458263628758, 52.680332859765244], [-8.628451833680653, 52.68033823277553], [-8.62827823072196, 52.68014053440166], [-8.628242592343643, 52.680102568879356], [-8.628065847758062, 52.679931096089085], [-8.627953163496136, 52.67982731448695], [-8.627881177257832, 52.679765767924344], [-8.627784697165726, 52.67968330095264], [-8.62762260361219, 52.67953810296136], [-8.62748596365345, 52.679415716584806], [-8.627444671980598, 52.679382535442606], [-8.627415027116388, 52.67936644190226], [-8.62738440768323, 52.67934838512248], [-8.627327162817915, 52.6793154411715], [-8.627256568939336, 52.67928180384483], [-8.627193124265883, 52.679256865065696], [-8.62715911401149, 52.679242628127994], [-8.62677497394891, 52.67915921920942], [-8.626537375462755, 52.679121440051404], [-8.62637036885692, 52.67909135871684], [-8.62618029461924, 52.679064517870856], [-8.625925630399864, 52.679034943876765], [-8.625690660422327, 52.679011287398], [-8.625452696102732, 52.678987115956566], [-8.625273748711665, 52.678966839164694], [-8.624960692805045, 52.67893355342478], [-8.624831320378442, 52.67891978260747], [-8.624777020949253, 52.67892519202534], [-8.62455061591708, 52.678932730718586], [-8.624190178722923, 52.67897203765209], [-8.624037419391854, 52.67898996424858], [-8.62386512800595, 52.67901539962699], [-8.623859461233184, 52.679016238378715], [-8.623718691787733, 52.67906612599512], [-8.62371473373246, 52.67906753098616], [-8.623664801920604, 52.67907020251154], [-8.623541475407594, 52.67907183101285], [-8.623393494343818, 52.67901616419571], [-8.62331516910321, 52.6789554751094], [-8.623162333227452, 52.678842309810086], [-8.62300797233596, 52.678727920961315], [-8.62291987181843, 52.67863387428969], [-8.622842983783308, 52.67852857847497], [-8.622771648914355, 52.678410274643305], [-8.622740584985092, 52.678250557837245], [-8.622724946418392, 52.678198032748575], [-8.622707559146058, 52.6781473234486], [-8.622690631433503, 52.67811332956518], [-8.62261661418759, 52.6780049445925], [-8.62254360777524, 52.67791146549299], [-8.62247909328062, 52.67784630814308], [-8.622381382443885, 52.6777469815979], [-8.622267543470278, 52.67763749592119], [-8.622161744393969, 52.67754543807255], [-8.622114270832732, 52.67749827510108], [-8.622021802613052, 52.677363984061884], [-8.621909188451873, 52.67719701910809], [-8.621822279664787, 52.677065814909376], [-8.62171416295807, 52.676911382525226], [-8.621650818786582, 52.67681493106058], [-8.621594511294358, 52.676725597175974], [-8.621552894930632, 52.67665445900471], [-8.621535026661832, 52.676629107431914], [-8.621416089867616, 52.67653214738726], [-8.621314515823704, 52.67645407006081], [-8.621160087501199, 52.67632564874218], [-8.621041465819404, 52.67621950983454], [-8.620954670208617, 52.67611880366331], [-8.620914912821668, 52.67607228287833], [-8.620891406307386, 52.67603511444623], [-8.62085387899832, 52.67596230978666], [-8.62074681301185, 52.67574907993609], [-8.620664897949275, 52.6755690191471], [-8.620600768094095, 52.67543247537285], [-8.620491461714717, 52.67522375105116], [-8.620401845547983, 52.67506462768262], [-8.620269883044303, 52.67482844627956], [-8.620027377188102, 52.67439289403577], [-8.619889675770725, 52.67413123401951], [-8.619811047009568, 52.67397290659105], [-8.619690108931882, 52.67373477037837], [-8.619523797332423, 52.673008817993846], [-8.619516794634533, 52.67298415532664], [-8.619496235012441, 52.6729335070451], [-8.619476649332697, 52.67289003515263], [-8.619272515910334, 52.67248679062904], [-8.619173237681974, 52.67229300475821], [-8.619149782050643, 52.67224872611994], [-8.619121566603855, 52.672204535255815], [-8.6190044596087, 52.67200878408978], [-8.61891286108311, 52.67186233410763], [-8.618781593063831, 52.67160915984163], [-8.618753185816663, 52.671534590141505], [-8.618651708871734, 52.67129494456808], [-8.618641769542903, 52.67127147011721], [-8.618551580695712, 52.67110214678193], [-8.618518870309819, 52.671051570716905], [-8.618505108724465, 52.67102776117008], [-8.618339541332363, 52.67085405831143], [-8.618279522479368, 52.67079091547854], [-8.618262404917221, 52.67076502019537], [-8.618236474710267, 52.6707139502912], [-8.618165458695337, 52.67055986931829], [-8.618088167130214, 52.67037804782074], [-8.618033056345912, 52.67022257155773], [-8.618003970305494, 52.670109167657095], [-8.617997317456446, 52.670069385095125], [-8.617981705620684, 52.66996469229791], [-8.617959952648995, 52.669823989262476], [-8.617933952887984, 52.669665215329125], [-8.617909240109354, 52.66958298626788], [-8.617912798297262, 52.66953546564479], [-8.617920276881797, 52.66949020755849], [-8.617920385898731, 52.66948955085931], [-8.617924527905833, 52.66946455135371], [-8.617929410807411, 52.66944071643736], [-8.617931538919967, 52.6694401256105], [-8.617947398377336, 52.66938475266905], [-8.617953303989292, 52.669373675512304], [-8.617976536622944, 52.66933003403347], [-8.618043281190355, 52.66921301157221], [-8.618112093445875, 52.66908014126546], [-8.618132332500087, 52.66902973834174], [-8.61818892252613, 52.66888992101205], [-8.618229092538165, 52.668784074416365], [-8.618227703643548, 52.66878382280372], [-8.61827560916313, 52.66869004100733], [-8.618345825654533, 52.66854887620115], [-8.618373265852151, 52.66848915095974], [-8.618384977386771, 52.668466251107354], [-8.618470277481348, 52.66834944615462], [-8.618595043204987, 52.668178605462515], [-8.618619516128904, 52.66813075094404], [-8.618652811490554, 52.6680669144765], [-8.61870379958305, 52.667932635814914], [-8.618741196969294, 52.66782951790238], [-8.618793803136624, 52.66768422931836], [-8.618827452493747, 52.66759107177616], [-8.618859620834122, 52.66749774219372], [-8.618889933178076, 52.66740281342277], [-8.618905131246528, 52.66735256250486], [-8.61896114152443, 52.66715739009262], [-8.618975111964891, 52.6671060670026], [-8.61899649777002, 52.667009306302255], [-8.61901362338933, 52.6669176191571], [-8.619020343674572, 52.66687739827327], [-8.619023425852438, 52.66682767799426], [-8.619025486202379, 52.66672866333376], [-8.619021976258724, 52.66666859622953], [-8.619015302998795, 52.66661902576849], [-8.618999323056643, 52.66653502646591], [-8.61942419255736, 52.66646249197477], [-8.61959642246401, 52.66643392637084], [-8.61982739493557, 52.66639531022994], [-8.620122344887289, 52.66635093909383], [-8.620221648399486, 52.666335202633064]]]}}, {"type": "Feature", "properties": {"code": "2", "nbhd": "Corbally/Grove Island", "eds": "ABBEY A"}, "geometry": {"type": "Polygon", "coordinates": [[[-8.62719906599264, 52.68409651882009], [-8.627184317380244, 52.68424291373345], [-8.627166116438648, 52.68447880409222], [-8.627100310482655, 52.68487250542918], [-8.627119208941298, 52.68558755772794], [-8.6271191432201, 52.68558968105854], [-8.627119290269167, 52.685592305696815], [-8.627118717394694, 52.68609157550564], [-8.627118363111029, 52.68639981523054], [-8.62715748735894, 52.687142590108664], [-8.62716682542526, 52.68749352486766], [-8.627095885850624, 52.68762190015834], [-8.626939756380152, 52.687814579908746], [-8.626830888231625, 52.68792492151478], [-8.6267310600663, 52.68804497626904], [-8.626544118811447, 52.688198004817345], [-8.626445662349147, 52.68826879116364], [-8.626349289707536, 52.68830825737771], [-8.626114681999164, 52.688463990816494], [-8.625868421976703, 52.68854901235369], [-8.625508975029616, 52.68867756126003], [-8.625368968350653, 52.688743843598544], [-8.625059967719837, 52.6888140342269], [-8.624900440381845, 52.68883169192189], [-8.624709982349291, 52.68884408360791], [-8.62366735271661, 52.6889119145711], [-8.62314383148044, 52.68894106554555], [-8.623141688380723, 52.68894118466745], [-8.6230957374537, 52.68894374511788], [-8.622796442739554, 52.68896040881137], [-8.621843402198358, 52.68904186428946], [-8.621698061850005, 52.68904937661762], [-8.62149777836765, 52.689056424522], [-8.621312367867574, 52.68906294833145], [-8.621185854269273, 52.689062955192895], [-8.621017589000335, 52.68905500150388], [-8.620842641361708, 52.68904624668212], [-8.620669270247898, 52.689040179767815], [-8.620421948853501, 52.6890346973786], [-8.620161421466822, 52.68903255521429], [-8.619921933651955, 52.68901932803049], [-8.61971530908916, 52.68901417062949], [-8.619385783535137, 52.68900715637708], [-8.619101357515362, 52.68899906081383], [-8.618779213873095, 52.68899104460167], [-8.618704348946848, 52.68898761541815], [-8.618651681948924, 52.68898387261085], [-8.618539950187497, 52.68896432237276], [-8.618480349141164, 52.68895347914535], [-8.618384703475868, 52.68892921598395], [-8.61832227745022, 52.68890267627665], [-8.618230301169458, 52.6888585751702], [-8.618020352244997, 52.68874780442093], [-8.617694568449176, 52.68854877192042], [-8.617413486827312, 52.688358080331206], [-8.617164167180709, 52.68820427152809], [-8.617045025171, 52.688126839371876], [-8.616843055741374, 52.68803079239492], [-8.616316692004352, 52.68779143655106], [-8.615812049241933, 52.68755850885293], [-8.615293327281334, 52.68732533750301], [-8.614817022708984, 52.68709784906326], [-8.61440972219979, 52.686908236323276], [-8.614298759872964, 52.68685657273821], [-8.614179024990728, 52.68680161992744], [-8.614029862807897, 52.68672181462473], [-8.614012843949505, 52.68671271697262], [-8.613993292714168, 52.6867044503482], [-8.613783516172626, 52.68644306717543], [-8.61374119592953, 52.68638161916472], [-8.613668100102542, 52.686269808536814], [-8.613586007643649, 52.68615453009521], [-8.612854763565277, 52.68493077647559], [-8.612833022336543, 52.684890667268725], [-8.612805557894262, 52.68483781559906], [-8.612658438472401, 52.68455466093683], [-8.612547525386868, 52.68436936894165], [-8.61247001472936, 52.68423986577903], [-8.612214861320625, 52.68383834752947], [-8.612137421913902, 52.6837410920682], [-8.61206956715797, 52.683661853087116], [-8.611792623981048, 52.68333994588856], [-8.611451676149828, 52.68293964078932], [-8.611183579158531, 52.6826248509094], [-8.610928887626915, 52.68232580943339], [-8.610044638542636, 52.6813236274321], [-8.60999740944919, 52.68126789276612], [-8.60996063399868, 52.6812245159199], [-8.60995855747995, 52.681222064771895], [-8.609936543014435, 52.68119609466212], [-8.609681380557134, 52.680895048553054], [-8.609305178653718, 52.680461438842], [-8.609170887650127, 52.680316261601305], [-8.609054334067542, 52.6802012019873], [-8.60896504794111, 52.680118853588695], [-8.608713878746341, 52.67990412429177], [-8.608592853680706, 52.67979596305918], [-8.608459923517103, 52.67970902073815], [-8.608344714780499, 52.679637285023325], [-8.608277563664098, 52.679599223589065], [-8.608195545534638, 52.67957466658014], [-8.60813682228346, 52.679563094618295], [-8.608071004453691, 52.67955180169918], [-8.60802150027747, 52.67954171036078], [-8.607445049887811, 52.67947815403059], [-8.607323747008996, 52.679465868710274], [-8.607315646330411, 52.67946504825729], [-8.604946219282892, 52.67922512864838], [-8.604734241647956, 52.67920365919516], [-8.604604484284968, 52.679190515418796], [-8.604559673380388, 52.67917965268819], [-8.604448676065102, 52.67914889530658], [-8.6043491306373, 52.67912282513808], [-8.604306753151684, 52.67909861160527], [-8.604270024063766, 52.679075411879914], [-8.604262309571723, 52.67907041788516], [-8.604223274515117, 52.6790451446674], [-8.604114955387876, 52.678976937998115], [-8.603957096161457, 52.67888409567717], [-8.603856189123384, 52.678825710922], [-8.603761542505795, 52.67876874127373], [-8.60337080519135, 52.678533535578865], [-8.60317123863698, 52.67840146483484], [-8.602919765880754, 52.678246747180474], [-8.602742662407506, 52.678141345915954], [-8.602412306487505, 52.67793558952426], [-8.602097123177343, 52.67773069889141], [-8.602021711184577, 52.67768167447651], [-8.601866151706385, 52.6775823741396], [-8.601726066589165, 52.677492952034896], [-8.601392550058112, 52.67728139355932], [-8.601237582644263, 52.67719366513406], [-8.600951018491513, 52.677049772155826], [-8.600627573086005, 52.6768884217815], [-8.600236197937917, 52.67669160603795], [-8.600163747906258, 52.676656649755024], [-8.599896269403079, 52.676532386416966], [-8.599703411400174, 52.676442789474116], [-8.59945351497633, 52.67632156403318], [-8.599066043389834, 52.676125048258385], [-8.59859586243887, 52.675883622065946], [-8.598266246645577, 52.675717451840654], [-8.598052341368385, 52.67561289442798], [-8.59765550356601, 52.67539984729012], [-8.59740028810241, 52.67527374584137], [-8.597164357461134, 52.675124950666174], [-8.596635822736955, 52.67479609693834], [-8.596606714972499, 52.67477798776808], [-8.596166637972178, 52.67448003619117], [-8.59572914038905, 52.67421799535631], [-8.595546451847914, 52.67411804020712], [-8.595426151384542, 52.67405198001528], [-8.595292760913663, 52.67394427177885], [-8.59518735784549, 52.673856924663866], [-8.595128128762644, 52.673781191916376], [-8.595029310495494, 52.67364299301049], [-8.594960957999902, 52.67353455342385], [-8.59492288030265, 52.6734244248857], [-8.594904219038947, 52.673297004691996], [-8.59490039179041, 52.67309797393074], [-8.594920077831674, 52.67289372890825], [-8.5949357082277, 52.672531349999446], [-8.594962762221785, 52.6722295023679], [-8.594966349281806, 52.67195803537484], [-8.59497550302962, 52.6716500937616], [-8.594962189057702, 52.67145475972752], [-8.59495651403016, 52.671340666555444], [-8.595394913871038, 52.67124408134869], [-8.595876504145586, 52.67115318256088], [-8.596113795860955, 52.671108388204665], [-8.596893475087871, 52.67095448926436], [-8.597761896568182, 52.67077711019829], [-8.598867569751729, 52.67055078155892], [-8.599754630599808, 52.67035476023857], [-8.600232564326355, 52.67027028868039], [-8.600993016821102, 52.670117017314226], [-8.602047075092297, 52.669895279843516], [-8.603254361450489, 52.66966747718728], [-8.603828380365043, 52.66954624406936], [-8.60426401496576, 52.66945447562699], [-8.604635381066707, 52.669375850460725], [-8.605049800304577, 52.669286551211314], [-8.605103900917657, 52.66927289985293], [-8.605126827959813, 52.669267112217746], [-8.60516100386872, 52.66926028474696], [-8.605423218153412, 52.669207886130216], [-8.605615988873186, 52.66917179383821], [-8.605670448840021, 52.66916159270893], [-8.606237163863296, 52.66905305841452], [-8.606305673295289, 52.66903994489509], [-8.607060173195498, 52.66889334307907], [-8.607101753820004, 52.6688852026104], [-8.607380255448053, 52.66883070109421], [-8.607469470038144, 52.668812762048105], [-8.60794655975382, 52.66871555446038], [-8.608572056754369, 52.6685863763851], [-8.609273149847175, 52.66844694648708], [-8.60955506102817, 52.66839561309043], [-8.610647558315824, 52.66817983893015], [-8.610706932673024, 52.668168110047766], [-8.611846407450365, 52.667943047009125], [-8.612103216634777, 52.66789231707676], [-8.612966983598318, 52.66772169831519], [-8.613211493951082, 52.66767339884038], [-8.613620617055426, 52.667592580787435], [-8.614489420628598, 52.66742034381465], [-8.615620861588601, 52.66719340122274], [-8.616028213233378, 52.667114454456936], [-8.616257729011668, 52.667068500600195], [-8.616477150776927, 52.66702178987154], [-8.616706908915315, 52.66697421602415], [-8.61694198760682, 52.66692655111854], [-8.617094856221037, 52.66689502499734], [-8.617344844155895, 52.666842652793605], [-8.617383762223689, 52.66683468525937], [-8.617498025036408, 52.66681129529802], [-8.617718629231181, 52.666764746876666], [-8.6177676803446, 52.666755108546475], [-8.617836900322944, 52.66674150736976], [-8.617837193733545, 52.66674145101286], [-8.61787480551573, 52.66673406536452], [-8.618123402556359, 52.666688026384875], [-8.618163040312567, 52.666680685805055], [-8.618168774831217, 52.666679619568505], [-8.618231087117179, 52.6666689312786], [-8.618433214572265, 52.66663425230696], [-8.618561617098415, 52.666612415281925], [-8.61885570181407, 52.666561023128445], [-8.618999323056643, 52.66653502646591], [-8.619015302998795, 52.66661902576849], [-8.619021976258724, 52.66666859622953], [-8.619025486202379, 52.66672866333376], [-8.619023425852438, 52.66682767799426], [-8.619020343674572, 52.66687739827327], [-8.61901362338933, 52.6669176191571], [-8.61899649777002, 52.667009306302255], [-8.618975111964891, 52.6671060670026], [-8.61896114152443, 52.66715739009262], [-8.618905131246528, 52.66735256250486], [-8.618889933178076, 52.66740281342277], [-8.618859620834122, 52.66749774219372], [-8.618827452493747, 52.66759107177616], [-8.618793803136624, 52.66768422931836], [-8.618741196969294, 52.66782951790238], [-8.61870379958305, 52.667932635814914], [-8.618652811490554, 52.6680669144765], [-8.618619516128904, 52.66813075094404], [-8.618595043204987, 52.668178605462515], [-8.618470277481348, 52.66834944615462], [-8.618384977386771, 52.668466251107354], [-8.618373265852151, 52.66848915095974], [-8.618345825654533, 52.66854887620115], [-8.61827560916313, 52.66869004100733], [-8.618227703643548, 52.66878382280372], [-8.618229092538165, 52.668784074416365], [-8.61818892252613, 52.66888992101205], [-8.618132332500087, 52.66902973834174], [-8.618112093445875, 52.66908014126546], [-8.618043281190355, 52.66921301157221], [-8.617976536622944, 52.66933003403347], [-8.617953303989292, 52.669373675512304], [-8.617947398377336, 52.66938475266905], [-8.617931538919967, 52.6694401256105], [-8.617929410807411, 52.66944071643736], [-8.617924527905833, 52.66946455135371], [-8.617920385898731, 52.66948955085931], [-8.617920276881797, 52.66949020755849], [-8.617912798297262, 52.66953546564479], [-8.617909240109354, 52.66958298626788], [-8.617933952887984, 52.669665215329125], [-8.617959952648995, 52.669823989262476], [-8.617981705620684, 52.66996469229791], [-8.617997317456446, 52.670069385095125], [-8.618003970305494, 52.670109167657095], [-8.618033056345912, 52.67022257155773], [-8.618088167130214, 52.67037804782074], [-8.618165458695337, 52.67055986931829], [-8.618236474710267, 52.6707139502912], [-8.618262404917221, 52.67076502019537], [-8.618279522479368, 52.67079091547854], [-8.618339541332363, 52.67085405831143], [-8.618505108724465, 52.67102776117008], [-8.618518870309819, 52.671051570716905], [-8.618551580695712, 52.67110214678193], [-8.618641769542903, 52.67127147011721], [-8.618651708871734, 52.67129494456808], [-8.618753185816663, 52.671534590141505], [-8.618781593063831, 52.67160915984163], [-8.61891286108311, 52.67186233410763], [-8.6190044596087, 52.67200878408978], [-8.619121566603855, 52.672204535255815], [-8.619149782050643, 52.67224872611994], [-8.619173237681974, 52.67229300475821], [-8.619272515910334, 52.67248679062904], [-8.619476649332697, 52.67289003515263], [-8.619496235012441, 52.6729335070451], [-8.619516794634533, 52.67298415532664], [-8.619523797332423, 52.673008817993846], [-8.619690108931882, 52.67373477037837], [-8.619811047009568, 52.67397290659105], [-8.619889675770725, 52.67413123401951], [-8.620027377188102, 52.67439289403577], [-8.620269883044303, 52.67482844627956], [-8.620401845547983, 52.67506462768262], [-8.620491461714717, 52.67522375105116], [-8.620600768094095, 52.67543247537285], [-8.620664897949275, 52.6755690191471], [-8.62074681301185, 52.67574907993609], [-8.62085387899832, 52.67596230978666], [-8.620891406307386, 52.67603511444623], [-8.620914912821668, 52.67607228287833], [-8.620954670208617, 52.67611880366331], [-8.621041465819404, 52.67621950983454], [-8.621160087501199, 52.67632564874218], [-8.621314515823704, 52.67645407006081], [-8.621416089867616, 52.67653214738726], [-8.621535026661832, 52.676629107431914], [-8.621552894930632, 52.67665445900471], [-8.621594511294358, 52.676725597175974], [-8.621650818786582, 52.67681493106058], [-8.62171416295807, 52.676911382525226], [-8.621822279664787, 52.677065814909376], [-8.621909188451873, 52.67719701910809], [-8.622021802613052, 52.677363984061884], [-8.622114270832732, 52.67749827510108], [-8.622161744393969, 52.67754543807255], [-8.622267543470278, 52.67763749592119], [-8.622381382443885, 52.6777469815979], [-8.62247909328062, 52.67784630814308], [-8.62254360777524, 52.67791146549299], [-8.62261661418759, 52.6780049445925], [-8.622690631433503, 52.67811332956518], [-8.622707559146058, 52.6781473234486], [-8.622724946418392, 52.678198032748575], [-8.622740584985092, 52.678250557837245], [-8.622771648914355, 52.678410274643305], [-8.622842983783308, 52.67852857847497], [-8.62291987181843, 52.67863387428969], [-8.62300797233596, 52.678727920961315], [-8.623162333227452, 52.678842309810086], [-8.62331516910321, 52.6789554751094], [-8.623393494343818, 52.67901616419571], [-8.623541475407594, 52.67907183101285], [-8.623664801920604, 52.67907020251154], [-8.62371473373246, 52.67906753098616], [-8.623718691787733, 52.67906612599512], [-8.623859461233184, 52.679016238378715], [-8.62386512800595, 52.67901539962699], [-8.624037419391854, 52.67898996424858], [-8.624190178722923, 52.67897203765209], [-8.62455061591708, 52.678932730718586], [-8.624777020949253, 52.67892519202534], [-8.624831320378442, 52.67891978260747], [-8.624960692805045, 52.67893355342478], [-8.625273748711665, 52.678966839164694], [-8.625452696102732, 52.678987115956566], [-8.625690660422327, 52.679011287398], [-8.625925630399864, 52.679034943876765], [-8.62618029461924, 52.679064517870856], [-8.62637036885692, 52.67909135871684], [-8.626537375462755, 52.679121440051404], [-8.62677497394891, 52.67915921920942], [-8.62715911401149, 52.679242628127994], [-8.627193124265883, 52.679256865065696], [-8.627256568939336, 52.67928180384483], [-8.627327162817915, 52.6793154411715], [-8.62738440768323, 52.67934838512248], [-8.627415027116388, 52.67936644190226], [-8.627444671980598, 52.679382535442606], [-8.62748596365345, 52.679415716584806], [-8.62762260361219, 52.67953810296136], [-8.627784697165726, 52.67968330095264], [-8.627881177257832, 52.679765767924344], [-8.627953163496136, 52.67982731448695], [-8.628065847758062, 52.679931096089085], [-8.628242592343643, 52.680102568879356], [-8.62827823072196, 52.68014053440166], [-8.628451833680653, 52.68033823277553], [-8.62844842174037, 52.68034162139518], [-8.628363152766461, 52.68042634568476], [-8.62833679050667, 52.680452541874786], [-8.628309588325633, 52.68047998286602], [-8.628147420858303, 52.68065468080003], [-8.628094294274074, 52.680716198107625], [-8.628029184036679, 52.68079286986941], [-8.627976317436188, 52.68086325698031], [-8.627972631187928, 52.68086814804846], [-8.627929315967238, 52.68093116823961], [-8.627868640124971, 52.68102525329523], [-8.627854062978855, 52.6810493107042], [-8.62784329987169, 52.68106707423006], [-8.627828799279747, 52.681093378250296], [-8.627750863543197, 52.681235901539104], [-8.627698698663595, 52.681331577259776], [-8.627649422542355, 52.681410070427475], [-8.627602199513882, 52.68148529901844], [-8.62756701559108, 52.68154407858396], [-8.627515720284439, 52.68163547128801], [-8.627463607730084, 52.68172867489785], [-8.627384456134317, 52.68187010781563], [-8.627376898260934, 52.68188451975448], [-8.627350452866155, 52.681934948016284], [-8.627339695709987, 52.68196244555079], [-8.627339196150997, 52.6819637065256], [-8.627328872998744, 52.6820111732732], [-8.627312292647984, 52.68208745296056], [-8.627280102556025, 52.68223447952062], [-8.627253312540494, 52.682351717966675], [-8.627245964346558, 52.6823838712526], [-8.62722391742033, 52.6825111422503], [-8.62720536684675, 52.68262955047303], [-8.627196822698604, 52.682717597949264], [-8.62718772594205, 52.6828207573056], [-8.6271833599319, 52.682969209515626], [-8.627174989951936, 52.68312001081781], [-8.627167046146026, 52.68326649558384], [-8.627162417469508, 52.683378035140734], [-8.627161793186554, 52.68353681281559], [-8.627160699216159, 52.68367725729569], [-8.62719906599264, 52.68409651882009]]]}}, {"type": "Feature", "properties": {"code": "3", "nbhd": "Singland/Garryowen", "eds": "ABBEY B, ABBEY C, ABBEY D, SINGLAND A, SINGLAND B, St. LAURENCE"}, "geometry": {"type": "Polygon", "coordinates": [[[-8.590013294418217, 52.64962353417216], [-8.590164775720318, 52.648640226424064], [-8.590208898995574, 52.64861029197254], [-8.5902365616065, 52.648584906584794], [-8.590942880150603, 52.6476367896038], [-8.591176015246484, 52.647702660134904], [-8.591229270352185, 52.64771771019294], [-8.591709791393614, 52.64784198129632], [-8.592126121436474, 52.6479641534166], [-8.59268654841834, 52.64812533991862], [-8.592898483607172, 52.648189111007504], [-8.593271369097534, 52.64830334424779], [-8.593738741829952, 52.64846738245223], [-8.593753087705474, 52.64845402613998], [-8.59379843456535, 52.648467703535076], [-8.594255454918274, 52.64862980520524], [-8.59467895524214, 52.648780523605815], [-8.59486429215028, 52.648844020193785], [-8.594995645286245, 52.6488879417974], [-8.595278234547827, 52.64898272238504], [-8.595306108491544, 52.64899377256439], [-8.595364411057801, 52.64901355012318], [-8.59547543399288, 52.64905120974898], [-8.595836279314307, 52.64917122984884], [-8.596840591531809, 52.6495064029867], [-8.59743002741094, 52.64969947259987], [-8.597561390491247, 52.64974482941197], [-8.597819664698811, 52.649830882251464], [-8.598040311490278, 52.64990701279652], [-8.598299566640469, 52.64999225071098], [-8.598530690872439, 52.65006821958828], [-8.598546456530784, 52.65007340699423], [-8.598863436452236, 52.65017902476629], [-8.599097398967604, 52.65025815100096], [-8.599222546498858, 52.650300472450034], [-8.599326345337655, 52.65033676285647], [-8.59977409802642, 52.65048610904705], [-8.600125811947263, 52.650605614045666], [-8.600781430906071, 52.65082268063589], [-8.601286431910207, 52.650991405858484], [-8.601412892832348, 52.651106522057056], [-8.601476926895128, 52.651126770860046], [-8.601686005322275, 52.651197911010435], [-8.601843377320739, 52.65118327018653], [-8.60232950043603, 52.6513520958313], [-8.60271413013479, 52.65148261605551], [-8.603518663062928, 52.651754654344806], [-8.6035418110102, 52.65176244599643], [-8.60358362278016, 52.65177651515765], [-8.604091261351067, 52.65194522400047], [-8.6042589862033, 52.652002809611226], [-8.604594273797915, 52.65211791803194], [-8.604713664461789, 52.652158905856105], [-8.60494347722665, 52.65223779906301], [-8.604961682938525, 52.65224405173463], [-8.605183969994169, 52.65232158973589], [-8.605455711177825, 52.65241636553697], [-8.60552372834111, 52.65244008818308], [-8.605606354754828, 52.65246860769085], [-8.605631868601357, 52.65247643178492], [-8.605666811404111, 52.65248423464846], [-8.605911572867278, 52.65256657292037], [-8.606078129752259, 52.65262271484584], [-8.606127315860078, 52.65263982831926], [-8.606187140069373, 52.65265564699699], [-8.606331692217356, 52.65269584835244], [-8.606106055082213, 52.65248855924811], [-8.606355384841493, 52.65256773638862], [-8.606571241951473, 52.65264063986053], [-8.60729708474297, 52.652878181403224], [-8.607805853553, 52.65303903992067], [-8.608257334407375, 52.65317284846827], [-8.608781618270255, 52.653311665207085], [-8.60953889697928, 52.653510301766254], [-8.610060454138857, 52.65364589116027], [-8.610217495438812, 52.65368667872423], [-8.611050099535808, 52.65390292184621], [-8.611357985002039, 52.65398283814979], [-8.611823047990331, 52.654087594376186], [-8.61284642577159, 52.654308600319986], [-8.613345876208648, 52.65441645969938], [-8.61383825164317, 52.65452278609646], [-8.613973042463108, 52.65455102957413], [-8.61403711902521, 52.65443639573795], [-8.614113477261764, 52.65430170865408], [-8.614188836432211, 52.654315132850016], [-8.614283458013347, 52.65433200745926], [-8.614442554858176, 52.65436292870345], [-8.614838689970103, 52.6544367608178], [-8.615287933468897, 52.654520229778235], [-8.615409932712797, 52.654543711417936], [-8.616214801369416, 52.65451672619866], [-8.61648599744131, 52.654497573200295], [-8.6167556856706, 52.65447736683037], [-8.616950905102854, 52.65445773630087], [-8.617136880647283, 52.654436616619634], [-8.617453995094229, 52.65439736752571], [-8.617499487473532, 52.65447705281959], [-8.617560212928156, 52.65458258044124], [-8.617596035388734, 52.654678755350254], [-8.617611500156144, 52.65471789889289], [-8.617613290715912, 52.6547621021017], [-8.61761487420302, 52.65492585731163], [-8.617615566052931, 52.65495292590914], [-8.61761696491485, 52.6550070899891], [-8.617620952415635, 52.65517152474848], [-8.617621627154183, 52.655206817559126], [-8.61762110091637, 52.65534357446739], [-8.617621693304287, 52.655365682142076], [-8.617629602114388, 52.655385702396295], [-8.61764906073593, 52.655428195658374], [-8.617764458859805, 52.65570136314633], [-8.617868337650235, 52.65594574771322], [-8.617945140904977, 52.65610532670209], [-8.61808290902201, 52.65658831257023], [-8.618084790195088, 52.65667872317488], [-8.618090371865936, 52.656882688269356], [-8.618096599342602, 52.65693437338937], [-8.618111686383632, 52.657029433871585], [-8.618143543752103, 52.65713034802179], [-8.618203384889803, 52.657338362343324], [-8.618251056228694, 52.65750826760622], [-8.618267524896437, 52.65756711673966], [-8.618281110447262, 52.657622763167744], [-8.618362065673502, 52.65787304618485], [-8.618386435762087, 52.65795131333184], [-8.618413718233505, 52.65803798713582], [-8.618505098358147, 52.65822561345186], [-8.618525811758223, 52.65826365089101], [-8.618560191848047, 52.65832219976931], [-8.61859257148829, 52.658374107877066], [-8.61874318675839, 52.65856519082186], [-8.618773554942422, 52.658600238697545], [-8.618806252693114, 52.65863381832793], [-8.618831512221666, 52.658656704985404], [-8.61945435368184, 52.659114325447575], [-8.619544449994766, 52.65918767383946], [-8.61963151276634, 52.65925763152945], [-8.619989569467164, 52.65953972928377], [-8.620075950360143, 52.659607362293016], [-8.62020647925585, 52.65970593497656], [-8.620329243286063, 52.65980206744088], [-8.620624840390903, 52.66003510950756], [-8.620664229270636, 52.66006502238723], [-8.620738992202178, 52.66012003353291], [-8.620788874585394, 52.66015503260774], [-8.620818895463987, 52.66017893652028], [-8.620820065181409, 52.660180116823284], [-8.620828957711945, 52.66018906733797], [-8.620846985008644, 52.66020737156124], [-8.62085705865992, 52.66022665221147], [-8.62086487030621, 52.660249036620165], [-8.620868778998851, 52.6603068546228], [-8.620874583128412, 52.660377425809116], [-8.620879688478594, 52.660482137490696], [-8.620882255568501, 52.660525599522074], [-8.620884351587332, 52.66053581700861], [-8.620890360227927, 52.660547793642785], [-8.620944102106346, 52.66063917281037], [-8.620975763379294, 52.66067761983456], [-8.621055923708797, 52.66077229398244], [-8.621146954847971, 52.660882999814625], [-8.621217384195191, 52.66096897942281], [-8.621156131911478, 52.66094850198722], [-8.621011227262668, 52.66089988069595], [-8.62089347742572, 52.66085957477905], [-8.62064971386307, 52.66077887105022], [-8.620467835161719, 52.660720502768925], [-8.620021990914264, 52.66057742555941], [-8.619793187116747, 52.66050383229428], [-8.619588938094738, 52.66043658165816], [-8.619348252768232, 52.6603599757176], [-8.619116260074335, 52.66028650566987], [-8.61893470763823, 52.660228968330586], [-8.618742096257481, 52.660167066301376], [-8.618445043025801, 52.660074232658395], [-8.61829388631278, 52.66002628781893], [-8.618139597102425, 52.65997736144525], [-8.61794392139465, 52.659916031366315], [-8.617600721862804, 52.65980846202334], [-8.617265160742907, 52.65970155297743], [-8.617139041255065, 52.659659498294786], [-8.616936278683768, 52.65959856298233], [-8.616829954496787, 52.65955979344054], [-8.616605705087578, 52.65948765336566], [-8.616323765759212, 52.65939571548311], [-8.616020356057916, 52.65929791144098], [-8.615739683592357, 52.65920864404241], [-8.615626660620368, 52.659171642931014], [-8.615507653252777, 52.659132677432346], [-8.614863269623836, 52.658930877737504], [-8.614802294457117, 52.658911824695], [-8.614367704701179, 52.6587760030607], [-8.614037399080914, 52.658673812355765], [-8.613553560112821, 52.65852410460457], [-8.612813258806177, 52.65829342616756], [-8.612017956552453, 52.65803891206543], [-8.611439242499412, 52.657853634305845], [-8.61122085055536, 52.6577837008653], [-8.610405528232677, 52.65751995854271], [-8.609630144276728, 52.657276767712474], [-8.608852431046037, 52.65703658581219], [-8.608946799437907, 52.65715303624586], [-8.608993088307514, 52.65720372501223], [-8.609019500479949, 52.657236593618684], [-8.6092118493212, 52.65738679396839], [-8.60973341800994, 52.65779510191334], [-8.609892196375908, 52.65791185834485], [-8.60993254816955, 52.6579404665512], [-8.61000553399631, 52.65799222192579], [-8.610056608591947, 52.65802871139602], [-8.610231321176862, 52.658129422470076], [-8.610330148757562, 52.65818460387138], [-8.610699073205685, 52.658385978406], [-8.611015017983869, 52.65856145158219], [-8.611257625656428, 52.65869285600155], [-8.61127389329971, 52.65870159032843], [-8.6113443626545, 52.658739425393264], [-8.612059185160225, 52.65912495685377], [-8.612187894502691, 52.65920366604062], [-8.612464845657213, 52.65937303610605], [-8.61284876145328, 52.659639759889494], [-8.612893659893075, 52.65967190286572], [-8.613168135061452, 52.65986568679833], [-8.613327481387454, 52.659989086882206], [-8.613442355823192, 52.660070688566876], [-8.613464677772035, 52.66008978060673], [-8.613717938050033, 52.66038009746947], [-8.613863181461547, 52.660509736597966], [-8.614025242463898, 52.660654395624476], [-8.614114490377002, 52.660737243947004], [-8.614230371570859, 52.6608292568618], [-8.614618958383366, 52.661040539022494], [-8.614788762498803, 52.661135372633524], [-8.614844611165118, 52.66117021741367], [-8.614954757385904, 52.66123890827561], [-8.61512107835323, 52.66134350258902], [-8.615346129390412, 52.66149432316985], [-8.615352452569061, 52.66150037528603], [-8.615377161002389, 52.66152402951864], [-8.615510076372798, 52.661654979080694], [-8.615543533849719, 52.66168793546884], [-8.615607512782924, 52.66175003453466], [-8.615705951098345, 52.66184377243976], [-8.61577232281975, 52.661904645591214], [-8.615867017698474, 52.661991778578546], [-8.616185655754428, 52.66225241321533], [-8.616315058707974, 52.66235297337592], [-8.616369898873954, 52.66239474352018], [-8.616418381100683, 52.66242274996842], [-8.616452582820656, 52.66244337054971], [-8.616497042123125, 52.66247017550826], [-8.61656987999494, 52.66251137557003], [-8.616633685287848, 52.662547292637456], [-8.616670277865012, 52.662564467261106], [-8.617481785266666, 52.66283765089288], [-8.617532579922276, 52.66285448161379], [-8.617564654189954, 52.66286883926338], [-8.617588831655706, 52.66288509859147], [-8.617608918080721, 52.66290372512835], [-8.617624627626, 52.66292331822159], [-8.617637581854417, 52.66294040900268], [-8.61764808915175, 52.66295485205577], [-8.617668499993426, 52.662987048927526], [-8.617720678961957, 52.663076882714726], [-8.617733001587162, 52.66312151632456], [-8.617741460098125, 52.66317517615247], [-8.617745895368843, 52.663308356718126], [-8.617748545155296, 52.66337466611613], [-8.617755035309944, 52.66342187375476], [-8.617765413141807, 52.66345123772154], [-8.617778748502227, 52.66347122965662], [-8.617800002757923, 52.66348878048856], [-8.617815465925805, 52.66350136411962], [-8.618167919360157, 52.66373778294758], [-8.61864855104717, 52.664080193537465], [-8.618792514581756, 52.664199783686534], [-8.618872659249773, 52.664268106226515], [-8.618990768378529, 52.66437727011456], [-8.619137612895265, 52.66450601265974], [-8.619160410547423, 52.664525999948], [-8.619215836701471, 52.66457432702471], [-8.619310529273184, 52.66465935404528], [-8.619449686609844, 52.66479216303905], [-8.619569958269702, 52.66491082445493], [-8.619605369168964, 52.66494666364735], [-8.619653441358448, 52.664996547952256], [-8.619671053925407, 52.665015735345094], [-8.61975276367585, 52.66513910122168], [-8.619809387465207, 52.66536288745702], [-8.619836704339376, 52.66547967079811], [-8.619875121692194, 52.66560778399815], [-8.619898033809246, 52.66567967682223], [-8.619915546578854, 52.66573461936118], [-8.619976437675712, 52.66592344643453], [-8.620070613498417, 52.66619203949741], [-8.620096734449827, 52.66627229239828], [-8.620122344887289, 52.66635093909383], [-8.61982739493557, 52.66639531022994], [-8.61959642246401, 52.66643392637084], [-8.61942419255736, 52.66646249197477], [-8.618999323056643, 52.66653502646591], [-8.61885570181407, 52.666561023128445], [-8.618561617098415, 52.666612415281925], [-8.618433214572265, 52.66663425230696], [-8.618231087117179, 52.6666689312786], [-8.618168774831217, 52.666679619568505], [-8.618163040312567, 52.666680685805055], [-8.618123402556359, 52.666688026384875], [-8.61787480551573, 52.66673406536452], [-8.617837193733545, 52.66674145101286], [-8.617836900322944, 52.66674150736976], [-8.6177676803446, 52.666755108546475], [-8.617718629231181, 52.666764746876666], [-8.617498025036408, 52.66681129529802], [-8.617383762223689, 52.66683468525937], [-8.617344844155895, 52.666842652793605], [-8.617094856221037, 52.66689502499734], [-8.61694198760682, 52.66692655111854], [-8.616706908915315, 52.66697421602415], [-8.616477150776927, 52.66702178987154], [-8.616257729011668, 52.667068500600195], [-8.616028213233378, 52.667114454456936], [-8.615620861588601, 52.66719340122274], [-8.614489420628598, 52.66742034381465], [-8.613620617055426, 52.667592580787435], [-8.613211493951082, 52.66767339884038], [-8.612966983598318, 52.66772169831519], [-8.612103216634777, 52.66789231707676], [-8.611846407450365, 52.667943047009125], [-8.610706932673024, 52.668168110047766], [-8.610647558315824, 52.66817983893015], [-8.60955506102817, 52.66839561309043], [-8.609273149847175, 52.66844694648708], [-8.608572056754369, 52.6685863763851], [-8.60794655975382, 52.66871555446038], [-8.607469470038144, 52.668812762048105], [-8.607380255448053, 52.66883070109421], [-8.607101753820004, 52.6688852026104], [-8.607060173195498, 52.66889334307907], [-8.606305673295289, 52.66903994489509], [-8.606237163863296, 52.66905305841452], [-8.605670448840021, 52.66916159270893], [-8.605615988873186, 52.66917179383821], [-8.605423218153412, 52.669207886130216], [-8.60516100386872, 52.66926028474696], [-8.605126827959813, 52.669267112217746], [-8.605103900917657, 52.66927289985293], [-8.605049800304577, 52.669286551211314], [-8.604635381066707, 52.669375850460725], [-8.60426401496576, 52.66945447562699], [-8.603828380365043, 52.66954624406936], [-8.603254361450489, 52.66966747718728], [-8.602047075092297, 52.669895279843516], [-8.600993016821102, 52.670117017314226], [-8.600232564326355, 52.67027028868039], [-8.599754630599808, 52.67035476023857], [-8.598867569751729, 52.67055078155892], [-8.597761896568182, 52.67077711019829], [-8.596893475087871, 52.67095448926436], [-8.596113795860955, 52.671108388204665], [-8.595876504145586, 52.67115318256088], [-8.595394913871038, 52.67124408134869], [-8.59495651403016, 52.671340666555444], [-8.594929102067155, 52.67124166561772], [-8.594840015454412, 52.6709856108844], [-8.594776902229997, 52.670830388860516], [-8.594666697131458, 52.67065770554205], [-8.594494160689678, 52.67047763198144], [-8.5943086278162, 52.67030943367304], [-8.594088247567592, 52.67010963687151], [-8.59386713899856, 52.6699606619239], [-8.593503764270991, 52.66977644669464], [-8.59314139562705, 52.669625903662116], [-8.592960267508197, 52.669551984156136], [-8.592624931249533, 52.66948788650485], [-8.592431230191409, 52.669462636604514], [-8.592149327136651, 52.669437800107694], [-8.592001391778275, 52.66943920420838], [-8.591696117422396, 52.669458408121336], [-8.59165558129863, 52.66946093748949], [-8.591362462312453, 52.66947921790797], [-8.591027496744607, 52.66950812256262], [-8.590771570756296, 52.66953364829571], [-8.59043698505921, 52.66957872793252], [-8.590282370170154, 52.66960565335853], [-8.590081708825354, 52.66965632964058], [-8.589806025841977, 52.66972338669596], [-8.589674139623773, 52.6697748255638], [-8.589532428912795, 52.66984882829132], [-8.5893187155164, 52.66994275591936], [-8.589162285931744, 52.67001958173401], [-8.58858185705257, 52.66952970294043], [-8.588573416321335, 52.66951331464399], [-8.588573025299075, 52.66949961875083], [-8.58857765515039, 52.66941064971335], [-8.588583146312216, 52.6693274647213], [-8.588584872099615, 52.668982763238645], [-8.588605205689342, 52.668708013452076], [-8.5886146014122, 52.66847200267441], [-8.588636849913204, 52.66821655873773], [-8.588638051140478, 52.66816842158948], [-8.588648784978783, 52.66773605047626], [-8.588665508569845, 52.667368759261535], [-8.588680701833962, 52.66680509496149], [-8.588704475960425, 52.666130798577925], [-8.588727135585136, 52.66586096255227], [-8.588725737049899, 52.66563808293341], [-8.588726508086452, 52.66544573404857], [-8.588742108811802, 52.66522270705693], [-8.588761280719556, 52.664768201080435], [-8.588764644193217, 52.6642693454748], [-8.588772236426415, 52.66395425726861], [-8.588793398421242, 52.663651190613095], [-8.588791148101702, 52.66361794586094], [-8.588758662864144, 52.66333912591964], [-8.588735215917376, 52.66310912031983], [-8.588806510306647, 52.662391642325815], [-8.588863276720303, 52.6618043569967], [-8.588923000370846, 52.6611864434387], [-8.588955715143788, 52.66082573248337], [-8.589023186961594, 52.66008183907714], [-8.589128501526803, 52.658981900711225], [-8.589135461751631, 52.65890919734941], [-8.589161174850625, 52.65864044226917], [-8.589275112480838, 52.65754911616354], [-8.589287969551476, 52.657425825395904], [-8.589337595467558, 52.656834961611985], [-8.589362641760074, 52.6565366927831], [-8.58937779043936, 52.65635622626636], [-8.589447441960546, 52.6555675874072], [-8.589482061059822, 52.655175551927165], [-8.589519719080485, 52.65474906786933], [-8.589552181707052, 52.65438140080109], [-8.589671995665366, 52.6533053959407], [-8.589673736773353, 52.653289801902204], [-8.589751653262423, 52.65239668849747], [-8.589875483889061, 52.65117622415437], [-8.589886180159542, 52.651061743296864], [-8.58999636926711, 52.64988346472953], [-8.590013294418217, 52.64962353417216]]]}}, {"type": "Feature", "properties": {"code": "4", "nbhd": "Castletroy/Annacotty", "eds": "BALLYSIMON, BALLYVARRA"}, "geometry": {"type": "Polygon", "coordinates": [[[-8.58826816508093, 52.6705857417716], [-8.588042051968992, 52.67075211859846], [-8.587818468935561, 52.670931973543624], [-8.58765820076009, 52.67110004537504], [-8.587462473131598, 52.67130213284707], [-8.587288886829304, 52.67150267218869], [-8.587119937442171, 52.671711717982475], [-8.586962787086973, 52.67191977033598], [-8.58679889430857, 52.672156626681364], [-8.586682889323537, 52.6723535544267], [-8.586543686684875, 52.672603689405115], [-8.586393700080224, 52.67289886287071], [-8.58630647355304, 52.67309418278307], [-8.58624234920101, 52.673264590268246], [-8.586194807152367, 52.673448793291996], [-8.586051012627722, 52.67398388124452], [-8.585960380438996, 52.674321687632336], [-8.585883402537181, 52.67457714963001], [-8.58580117113628, 52.67482905128786], [-8.585708820870371, 52.67505856865181], [-8.585621966035529, 52.67527006466498], [-8.585517648347944, 52.67549384367899], [-8.585421316987283, 52.67564699983402], [-8.585307287516121, 52.67583356207265], [-8.585206557832834, 52.6759885553497], [-8.585073676970238, 52.6761267377608], [-8.584881559900799, 52.676261814830966], [-8.58469619979019, 52.67640134330052], [-8.584521401635293, 52.67654788401321], [-8.584367744700078, 52.676609922280214], [-8.584063292717788, 52.676821168367596], [-8.583801044992436, 52.6769938357463], [-8.583579004778393, 52.67712891423207], [-8.583280565812563, 52.67725813952789], [-8.582987087181557, 52.67737798309273], [-8.582728855386861, 52.677469618876614], [-8.58246057336038, 52.67757064207994], [-8.582404043616307, 52.67758762865643], [-8.58219708689817, 52.67764983607098], [-8.581549431023841, 52.67775050975051], [-8.58148699091065, 52.677760216688824], [-8.58138985752373, 52.677775316725814], [-8.5808162553932, 52.677871604587814], [-8.58021257068891, 52.67797783390971], [-8.57986315613465, 52.67801545102862], [-8.579253010141104, 52.678039358419504], [-8.577662704239314, 52.678103869746494], [-8.577353248932116, 52.67811720569909], [-8.57647091652873, 52.67803473730628], [-8.576445790404438, 52.67803238778073], [-8.576320855771092, 52.678020709492685], [-8.576250111823692, 52.67801409666635], [-8.575261075731927, 52.67792164079595], [-8.575202037742006, 52.67790789782835], [-8.574216150063775, 52.677678412038574], [-8.573682703537129, 52.677550534154385], [-8.572757590607218, 52.67732875945291], [-8.571823496212604, 52.67710585332003], [-8.570997822263026, 52.67684802928641], [-8.570477311826064, 52.67667755126136], [-8.570197897670614, 52.6766181813187], [-8.570042940329817, 52.67656598693509], [-8.569850067934475, 52.67650467198564], [-8.5696951114075, 52.67645247714402], [-8.569530500486517, 52.676398117424256], [-8.569304575239128, 52.676313708277796], [-8.56914686254659, 52.67627007360513], [-8.568983916497961, 52.67622424379258], [-8.568776510665947, 52.67617427687881], [-8.568547627945584, 52.6761226958982], [-8.568281763932205, 52.67607006940275], [-8.568032956951082, 52.676019095269254], [-8.56767444047106, 52.67595645826482], [-8.567387523145698, 52.67592107981379], [-8.5671058018664, 52.675886107236444], [-8.566950934534585, 52.675871217831535], [-8.566810268854363, 52.67586248904227], [-8.566589378684327, 52.67587060971346], [-8.56627811580939, 52.67590328570645], [-8.565821397806424, 52.67594570627647], [-8.565407297239629, 52.67597563512774], [-8.565067314615778, 52.676013945620106], [-8.564717951575838, 52.67606221365723], [-8.564453295866086, 52.676097206419065], [-8.564087909528405, 52.67615638849751], [-8.563899317773691, 52.67618670374932], [-8.563728809896565, 52.67623303930187], [-8.563527794756311, 52.67630346383896], [-8.563465550812646, 52.67633534378033], [-8.563365507849628, 52.676386583863476], [-8.563121716391244, 52.67649419686964], [-8.562717760996513, 52.67671462395275], [-8.562532701900993, 52.67684292604328], [-8.561654737316214, 52.67750031443026], [-8.561650424175948, 52.677504154791364], [-8.56103194299892, 52.67805496865376], [-8.560732530320871, 52.678297436064064], [-8.560647195670256, 52.67836729939883], [-8.560557368336482, 52.678428168896914], [-8.56036348078243, 52.678519397605726], [-8.560059130494514, 52.678600659793275], [-8.559972987878332, 52.67862366183586], [-8.559240538241049, 52.67879682314001], [-8.559185927569098, 52.67880973595221], [-8.5586822022764, 52.6789249561619], [-8.558588599498611, 52.67894636641589], [-8.558274034882377, 52.67899783988547], [-8.558198588611841, 52.67901018525233], [-8.55796363482633, 52.67904172497455], [-8.557856481538588, 52.67905006688483], [-8.557685597526085, 52.67903921346168], [-8.557600424241663, 52.67901424087153], [-8.557231164613729, 52.67896923941212], [-8.556772325499853, 52.67890153133173], [-8.556405173803961, 52.67886050809648], [-8.556326877250063, 52.67885176170181], [-8.555943529455869, 52.67879645912841], [-8.555557931382255, 52.678736222434], [-8.555226916551785, 52.678656080948535], [-8.555071171245624, 52.67861904255546], [-8.554691539506193, 52.678528763998756], [-8.554328797867067, 52.67845721723886], [-8.552646925219321, 52.678343012684834], [-8.551372000127563, 52.67853900217514], [-8.55135173523839, 52.67854211642014], [-8.551262135794365, 52.67855588848535], [-8.551231621854026, 52.67856057924048], [-8.55080915738593, 52.678784188408336], [-8.550490051136489, 52.67895308220545], [-8.550382119760833, 52.67901020810884], [-8.550073646238745, 52.67917346982383], [-8.54984569195761, 52.679294114326275], [-8.548997570158235, 52.6797429798519], [-8.547127323651125, 52.68050044812122], [-8.546665703877409, 52.68068739906221], [-8.546641310664485, 52.68070110147931], [-8.545564513670882, 52.68130596929517], [-8.54482370444151, 52.681882741770615], [-8.544055967816336, 52.682480458406204], [-8.543354799608588, 52.68333370047493], [-8.542609169004624, 52.6847389624164], [-8.54223900485119, 52.68553348202687], [-8.54240575470628, 52.68606484693041], [-8.54296861187749, 52.687731797883515], [-8.542907323180916, 52.68874360986369], [-8.542312809728362, 52.690288821016566], [-8.542159450755564, 52.690572285885196], [-8.542124816168439, 52.69063628624671], [-8.542079936315032, 52.69073539574786], [-8.541843020276724, 52.691258476580536], [-8.541767902022027, 52.69142917897765], [-8.541523969290965, 52.691983542533876], [-8.541198193819957, 52.692739871608495], [-8.54100465957131, 52.693166023374474], [-8.54093258886138, 52.69340787845095], [-8.540926024353702, 52.69347041112883], [-8.5410639276598, 52.693873766588204], [-8.541160925762757, 52.69408060568323], [-8.541181561656881, 52.69410805079222], [-8.54125640430581, 52.69420756607423], [-8.541561296999951, 52.69437376441214], [-8.542124054086509, 52.69467220132592], [-8.542195319000081, 52.6947561291628], [-8.542413989845388, 52.69531286271205], [-8.542514515203717, 52.69578435482268], [-8.542452734091748, 52.69602411437033], [-8.54227189255767, 52.69647664365978], [-8.542209451803476, 52.69657260672263], [-8.541876959038087, 52.69687187301839], [-8.541625153786821, 52.69706263490669], [-8.541292482814663, 52.69732300019062], [-8.5407726104144, 52.69765383972463], [-8.540178867744672, 52.69805599280945], [-8.539996347076372, 52.69817961766092], [-8.53985646302396, 52.698292371225726], [-8.539435854238516, 52.69863139025469], [-8.538682526316677, 52.699179345361976], [-8.538110240402904, 52.699560968749466], [-8.537691940507974, 52.69985759250492], [-8.53740816563923, 52.70006714937083], [-8.537026466686829, 52.700372736649605], [-8.536703343914292, 52.70065828390194], [-8.536666561285926, 52.700690789270155], [-8.536368212854164, 52.70096637258251], [-8.535812291885504, 52.70143617291431], [-8.535365523796232, 52.70177173617035], [-8.534825404856406, 52.702198443805294], [-8.534660058389647, 52.70232933591323], [-8.534105224362929, 52.70276854596016], [-8.533582510126998, 52.703257042853316], [-8.533288050567705, 52.70345409947308], [-8.533172893914085, 52.70356267118695], [-8.532909975968163, 52.70381054700458], [-8.53284588596152, 52.70384652641881], [-8.532706748290853, 52.70388503607565], [-8.532403014924343, 52.70391406540754], [-8.531841570406877, 52.703984759166666], [-8.53141709540178, 52.70402238974566], [-8.531175790714036, 52.70403460716629], [-8.53051882988838, 52.70406749653981], [-8.53039830954286, 52.70407352740841], [-8.529862512408688, 52.704080282217674], [-8.529189917553696, 52.704118707784524], [-8.529078663604334, 52.70412506446099], [-8.528813351375543, 52.70415269975577], [-8.528681205106441, 52.70416647446087], [-8.528076956396784, 52.70423694575305], [-8.527830403922163, 52.70426569968378], [-8.526964989107158, 52.70436939685233], [-8.526659445268713, 52.70439243349116], [-8.526386676755406, 52.70437985717945], [-8.525827576038896, 52.704297221634384], [-8.525707078785905, 52.70427942043404], [-8.524650464943718, 52.70414961308928], [-8.52452502056146, 52.704127617206176], [-8.523952914816293, 52.70406181995021], [-8.523448950724196, 52.70403073638125], [-8.522755225463152, 52.70400510730232], [-8.522600435542849, 52.70395543887382], [-8.52242068105009, 52.70385720122373], [-8.521605501209608, 52.703445023204274], [-8.520421924861143, 52.70284654498234], [-8.520403615363232, 52.70283729580001], [-8.520319839157484, 52.70281246111724], [-8.519744655833936, 52.70248436918582], [-8.519410941828896, 52.70222135959336], [-8.519350517619001, 52.70218173552557], [-8.51932078811994, 52.70215645666009], [-8.51929857483072, 52.702124925168896], [-8.519268079762497, 52.70205757679818], [-8.519241170986989, 52.70195578865878], [-8.51923060281547, 52.70186944224722], [-8.51922334015619, 52.70179481969124], [-8.519230841346364, 52.701761126766165], [-8.519233715458238, 52.70172278932987], [-8.519264130045608, 52.70166245447797], [-8.519297610147088, 52.701594879835426], [-8.519300937758173, 52.70156982468057], [-8.519298111066057, 52.70154234275562], [-8.519290897367569, 52.70147808315436], [-8.519286073855257, 52.70146187194419], [-8.519265702693207, 52.701326215329296], [-8.519265406136565, 52.70130870799479], [-8.519268652390203, 52.701278044680926], [-8.519278721370245, 52.701251279243394], [-8.519332921684967, 52.7011518412368], [-8.51934337799577, 52.70113153647216], [-8.519348573834808, 52.70110931334014], [-8.519351348992767, 52.70108134848796], [-8.519350253946303, 52.70103022951099], [-8.519341113282957, 52.700949467382195], [-8.519328457431481, 52.700936535149864], [-8.519309724008089, 52.70092513952108], [-8.519269858912129, 52.70090597193639], [-8.519232488717732, 52.70088508569122], [-8.519186386551164, 52.70085774833171], [-8.51916509396779, 52.70084015317476], [-8.519139581110956, 52.70080230854042], [-8.519086277821051, 52.70071421679061], [-8.51906286150718, 52.70069219982626], [-8.519011404653055, 52.70067492544311], [-8.518936116221852, 52.70064926168248], [-8.518807058385772, 52.70061216673831], [-8.518767246986348, 52.700598733097195], [-8.518721489890638, 52.7005667562359], [-8.518604845102862, 52.70046842540798], [-8.518577129183477, 52.70043189354876], [-8.518541284046572, 52.70035361199714], [-8.518501742022163, 52.70028297741841], [-8.518470811576126, 52.70024235207257], [-8.518426228019836, 52.70019573749062], [-8.51827054491815, 52.70003787868513], [-8.518096387450024, 52.69986035375384], [-8.517922556359231, 52.69968028353239], [-8.517866882686448, 52.6996028523675], [-8.51776833453247, 52.699465559544834], [-8.517700703689, 52.699370348311255], [-8.517649781609991, 52.69925678248061], [-8.517600638933203, 52.69915228674568], [-8.517546309395414, 52.69901452205069], [-8.517549458856276, 52.69900060385476], [-8.517561710803404, 52.69898823680086], [-8.517565602148354, 52.698970747126765], [-8.517470329664672, 52.69889005520778], [-8.517139849292077, 52.69873942905302], [-8.516860699455668, 52.698634300211914], [-8.516616840602477, 52.69852699464063], [-8.516585267096582, 52.69851310193434], [-8.516273497503539, 52.69838916711496], [-8.516206070386133, 52.698350938105165], [-8.516031898040907, 52.69824237517064], [-8.515786541826778, 52.698114366038205], [-8.515620891267936, 52.69801317154444], [-8.515456302118713, 52.69796057036609], [-8.51540480506525, 52.69793697602296], [-8.515326736766553, 52.69788699151654], [-8.51514856076596, 52.69781124192845], [-8.515039047019773, 52.697773195115516], [-8.514982338844566, 52.69773921511265], [-8.514963098029899, 52.69772472013645], [-8.514934835602796, 52.69767654133211], [-8.514914953932545, 52.6976289552833], [-8.51490746379074, 52.697592145965466], [-8.514913335508467, 52.697555539268414], [-8.514946989097695, 52.6975124573852], [-8.515027837929061, 52.69745059226858], [-8.51504205300138, 52.69742398892604], [-8.51506100303771, 52.69735220026542], [-8.515065805040598, 52.69726997507103], [-8.515042231295538, 52.69723550959779], [-8.514985923705284, 52.69713996897785], [-8.514976759097447, 52.69710669922251], [-8.514967113165724, 52.6970237278637], [-8.514957980654978, 52.69698438207234], [-8.514984916169674, 52.69691858968806], [-8.515010353782614, 52.69688140365116], [-8.514745419758068, 52.696745774672394], [-8.514395878066722, 52.696574802858784], [-8.514045762939551, 52.69640012045272], [-8.513880546654, 52.69631989066238], [-8.513850681026476, 52.696287447559094], [-8.513845060565227, 52.69627621892996], [-8.513845860963693, 52.69626374909051], [-8.513857252478141, 52.69624863581228], [-8.514071629374044, 52.695995143361166], [-8.514090431956358, 52.69596738774532], [-8.514159907386775, 52.69574224237903], [-8.514165830945814, 52.69569238715471], [-8.51413522341909, 52.69556151962362], [-8.514121607062288, 52.69554211962635], [-8.514084064682152, 52.69552360533407], [-8.513581006705197, 52.69538803534355], [-8.513325128302556, 52.69531447111331], [-8.513221957431274, 52.695267874521626], [-8.513171615982756, 52.69524026554999], [-8.512882314384642, 52.69508163868035], [-8.512467928224979, 52.69485929655776], [-8.512257711792056, 52.6947266701494], [-8.512199831592973, 52.69469061764246], [-8.512178127186695, 52.69467020076632], [-8.512076776568176, 52.69448435302714], [-8.512036464905831, 52.69442750718634], [-8.512015758228834, 52.69441142718088], [-8.51168470580001, 52.69418838084174], [-8.511338861101686, 52.69398159377624], [-8.511247201904572, 52.69390056666415], [-8.511172528038909, 52.69382353781659], [-8.510962628127714, 52.693607022611936], [-8.510714464367444, 52.69334139958109], [-8.510467117075153, 52.693089712918464], [-8.510218967023274, 52.69282475389197], [-8.510112227353435, 52.6927021673006], [-8.510076177811955, 52.69266922853921], [-8.510032288112006, 52.6926400984623], [-8.509837058829373, 52.692532758456366], [-8.509673979855458, 52.692462652080756], [-8.509561635252375, 52.692421304787295], [-8.5094864709601, 52.692398250004494], [-8.509231773894255, 52.69231986328149], [-8.509074789262453, 52.69227374587996], [-8.509025211867144, 52.6922528009706], [-8.50822283385483, 52.69191985793136], [-8.508182979891139, 52.69190816459387], [-8.508152242439595, 52.691901932832565], [-8.508125060339093, 52.69189996412005], [-8.507978456778003, 52.69191450582638], [-8.507949880752626, 52.691916066348185], [-8.50792403087943, 52.69191544907178], [-8.507898873912849, 52.69191335478679], [-8.50785738093839, 52.691908283540634], [-8.507819818828203, 52.69190031927753], [-8.50764788499656, 52.69184171675352], [-8.507564571235225, 52.6918173204832], [-8.507519853335051, 52.69180967437771], [-8.507465667120833, 52.69180576285884], [-8.507382353256387, 52.69179793137232], [-8.507319908529213, 52.69179237437251], [-8.506937660754094, 52.69172786669452], [-8.506422766315467, 52.69162601304037], [-8.50606813622511, 52.69154463991277], [-8.506048731583393, 52.69153851202588], [-8.505881026234178, 52.69141156200484], [-8.505858831506137, 52.69140079918887], [-8.505833500923275, 52.691393887631016], [-8.505504929330836, 52.69130279344511], [-8.505430208947457, 52.69127555477372], [-8.505414263175856, 52.69126662575204], [-8.505402884049527, 52.69125348884529], [-8.505370357800007, 52.691181939096964], [-8.505354736940333, 52.691135807288106], [-8.505314811782315, 52.691016598654166], [-8.505231339614124, 52.6907770373212], [-8.505168375782237, 52.69059690717457], [-8.50512262351583, 52.69046487942222], [-8.505118108454472, 52.69045304346678], [-8.505098903409287, 52.69040263061905], [-8.505067803114606, 52.690313548072545], [-8.505049346900785, 52.69024725918887], [-8.505020602965105, 52.69013290127538], [-8.504973718489808, 52.68997830038226], [-8.504939730107672, 52.68986961824609], [-8.504892825402013, 52.689714496096315], [-8.504890904047976, 52.689700527912635], [-8.504896940328225, 52.68968652583831], [-8.504920676892887, 52.68967460550161], [-8.504949791579957, 52.6896685673801], [-8.504981428144132, 52.68966059507356], [-8.50502985678353, 52.689642655418034], [-8.505076494127662, 52.68962202696912], [-8.505109009795076, 52.68960307651394], [-8.505133580266559, 52.68958523846583], [-8.5051448906528, 52.6895706746248], [-8.505080329299764, 52.689351902729925], [-8.505072036757014, 52.68932290676276], [-8.505056680450174, 52.689294489157746], [-8.505029640727662, 52.689252144955525], [-8.505001777295364, 52.68921276131362], [-8.504963921767011, 52.68915219052851], [-8.504939503501419, 52.68910499059723], [-8.50492225467185, 52.6890663706464], [-8.504891978813967, 52.68897298825197], [-8.504867213561505, 52.68889568890945], [-8.504848600979892, 52.68883500018163], [-8.504781773389643, 52.68863625406995], [-8.504693447823081, 52.68837407212137], [-8.504543434741878, 52.687959706857484], [-8.504529327617949, 52.6879343667533], [-8.504523918577553, 52.68791422964546], [-8.504497381462183, 52.68790895875637], [-8.504464377760483, 52.68790857789761], [-8.5044145629438, 52.68791775092134], [-8.50349669035133, 52.68814017854364], [-8.503428972527914, 52.688161776725536], [-8.503222910786947, 52.68822709570016], [-8.503075985650094, 52.68826034579146], [-8.50304085324084, 52.68826910539618], [-8.50244492194784, 52.68840173418354], [-8.50241459216351, 52.68841655813529], [-8.502370271758524, 52.688428987638446], [-8.502155134942907, 52.68846936550393], [-8.50175607449737, 52.688559533230936], [-8.501610008795836, 52.68859311041862], [-8.501473065321361, 52.68862763752036], [-8.500867231679084, 52.68877731455492], [-8.50077673533368, 52.688801739808525], [-8.500709715253135, 52.68884445532261], [-8.500665783148147, 52.68887151503723], [-8.500556988317593, 52.688924311676224], [-8.500466589943706, 52.688958641072205], [-8.4999731911583, 52.68917147396528], [-8.499884825003003, 52.689212867912374], [-8.49981506138956, 52.68921882451053], [-8.499656848921436, 52.68922656500669], [-8.499514952076764, 52.68923563867685], [-8.499331328635, 52.689259053048644], [-8.498824684578997, 52.68933190364497], [-8.498573803522937, 52.689377503615596], [-8.498362415694041, 52.68941658251237], [-8.498248571019964, 52.68943544152847], [-8.498180696069449, 52.68943713789472], [-8.498059615100749, 52.689436235528774], [-8.498012970969196, 52.68942793780879], [-8.497947560229766, 52.68940700085617], [-8.497891404872112, 52.68938178265378], [-8.497832895083725, 52.689353734099136], [-8.497772096730957, 52.68932994645601], [-8.497704510020167, 52.689323156653494], [-8.497630070605664, 52.689327711488595], [-8.497553389282242, 52.68933934026592], [-8.497465084853578, 52.689353857980045], [-8.497272269883728, 52.68938861465116], [-8.497155836918648, 52.68896213631838], [-8.497031368609461, 52.68856901010891], [-8.497000137520704, 52.68843297260214], [-8.49690644045124, 52.688030935931096], [-8.496794524816567, 52.68760043855592], [-8.496700200335134, 52.68721577813965], [-8.496629087365257, 52.68694219318737], [-8.496613464566664, 52.68683757518557], [-8.496567785183762, 52.68635467850453], [-8.496518355277944, 52.685833122027766], [-8.496471117037087, 52.68525561486729], [-8.49616226275564, 52.6851784515183], [-8.495836131159976, 52.68511274745417], [-8.495186574502103, 52.68499283898592], [-8.494741085943444, 52.68491120931499], [-8.493963272813135, 52.68476754371939], [-8.493781886740994, 52.68474139824858], [-8.49366453523515, 52.684721178601045], [-8.493483447744783, 52.68468999813916], [-8.493145788116415, 52.684636162904994], [-8.492809598341074, 52.6845958925104], [-8.492216425723582, 52.68454991150536], [-8.49202355398494, 52.68451625211111], [-8.491844132297663, 52.68447123865827], [-8.491363101184474, 52.684337002063984], [-8.491295529562635, 52.68431101014305], [-8.491246624755595, 52.68427989855081], [-8.491207661037446, 52.684247658195915], [-8.49117251923783, 52.68422254746883], [-8.491136150593375, 52.684206726439264], [-8.490820962418622, 52.68413695459559], [-8.490724484472524, 52.684115585027634], [-8.490664836400192, 52.684097100896125], [-8.490611792872109, 52.684080665633765], [-8.490382712216755, 52.68400021798014], [-8.490298316791009, 52.68397872617917], [-8.49017975861591, 52.68395872378883], [-8.490020931992442, 52.68393514872612], [-8.489894462847943, 52.68391130491486], [-8.489679972293962, 52.683861723387196], [-8.48912068803086, 52.683731575892196], [-8.488532676592158, 52.68360594828266], [-8.487507851153515, 52.6833845230245], [-8.48670516891088, 52.68319166676314], [-8.486012698373647, 52.68303810728345], [-8.48485848074603, 52.682779727497426], [-8.484838302161767, 52.68277520816267], [-8.484549931351944, 52.68271197010056], [-8.48394888429434, 52.68258335308596], [-8.483219312335715, 52.68242984787352], [-8.482763929020038, 52.68233167561585], [-8.482480110319967, 52.68225823055829], [-8.482086490722667, 52.682122459075586], [-8.481715410460092, 52.681991888640795], [-8.481545693584705, 52.68193986345174], [-8.48137860358362, 52.681896707516906], [-8.481201313835758, 52.681852613057124], [-8.479908769338236, 52.68158163303901], [-8.479083732342637, 52.68140757372262], [-8.477921340444714, 52.6811743619059], [-8.477495902206522, 52.68108857799901], [-8.477106985693107, 52.68101015057586], [-8.476551056490418, 52.68090561809709], [-8.476440470228384, 52.68089520508905], [-8.47568030315508, 52.680711073411445], [-8.474909494112776, 52.68052144287893], [-8.473963876771334, 52.680306045678265], [-8.473863931388724, 52.680281125998064], [-8.4734591890435, 52.68019714135683], [-8.472861341726617, 52.68008606293318], [-8.47247240932088, 52.680011413327605], [-8.472141689285944, 52.67992335416527], [-8.471684575163094, 52.67983685767265], [-8.471513867552922, 52.67979531109751], [-8.471426136454943, 52.679759069801314], [-8.471346540134025, 52.67972841360709], [-8.47128657039033, 52.67970895030773], [-8.471145805349312, 52.67966969294387], [-8.471031800284715, 52.67964762203304], [-8.470842927733115, 52.679608258856646], [-8.470716316901283, 52.6795883498973], [-8.470600042572963, 52.679566997636364], [-8.470474729760802, 52.67956327069059], [-8.470192334846876, 52.67931445228968], [-8.469757713893243, 52.67854191136296], [-8.469666722747862, 52.67831027310254], [-8.46964391430485, 52.67824359145625], [-8.469619677407767, 52.67817194508793], [-8.469614109951513, 52.67814907465254], [-8.469606311472477, 52.678117009320694], [-8.46960341729878, 52.67810775413555], [-8.46957220952913, 52.6780079758982], [-8.469549970581562, 52.6779530033681], [-8.469531433510168, 52.6778984835474], [-8.469499520484616, 52.67779082558563], [-8.469488428226887, 52.677731386785126], [-8.469489850577496, 52.677677848488294], [-8.469483164841655, 52.67762114256827], [-8.469472781861189, 52.677564406350434], [-8.469446131314466, 52.67750894794033], [-8.469426204745593, 52.67748741874828], [-8.469403088420542, 52.67746243460493], [-8.46933557864377, 52.677423442237455], [-8.469256077416352, 52.6773983658227], [-8.469223331158195, 52.67739239528048], [-8.469170629942626, 52.67738279345689], [-8.469167562877365, 52.67738223216044], [-8.469078952734488, 52.67737511379766], [-8.468985035511096, 52.67737919746663], [-8.468915856907541, 52.67741355373092], [-8.468658682411867, 52.67764415186209], [-8.468603411411397, 52.6776889060245], [-8.468549638707909, 52.67773411262734], [-8.468489981104126, 52.67777524392588], [-8.468420036530446, 52.67781273974388], [-8.468347169493983, 52.67784661590606], [-8.46827281871987, 52.67788003949535], [-8.468191229200347, 52.677903092487476], [-8.468106641827134, 52.6779279189141], [-8.468019237534088, 52.67794239321289], [-8.467907719159655, 52.67793380949167], [-8.46780084374849, 52.67790995466945], [-8.467726523999447, 52.677882645729014], [-8.467675317982957, 52.67784012769905], [-8.467670027516094, 52.67779061558289], [-8.467681643301953, 52.67774837997882], [-8.467713828450119, 52.677657644739], [-8.467734367440507, 52.677611841627225], [-8.467753382444728, 52.67756873194387], [-8.46778507842832, 52.677516674072436], [-8.467822714907863, 52.67746284907074], [-8.467900618088187, 52.6773799506499], [-8.467933027675002, 52.6773310447159], [-8.467957248355386, 52.677286620172104], [-8.46798891917188, 52.677221179176136], [-8.468003531986263, 52.67719098464212], [-8.46803217671415, 52.67712605891008], [-8.468056446360416, 52.67706548267311], [-8.468163672196553, 52.676795858939926], [-8.46825028224233, 52.676693493780995], [-8.46842777514089, 52.67647221740433], [-8.468504892364411, 52.6763423862101], [-8.46856125011691, 52.67619066130393], [-8.46858069661183, 52.67601277433644], [-8.46858684091784, 52.67595654792682], [-8.46856712054573, 52.675858962001435], [-8.468548866914944, 52.675829491416074], [-8.468515226337603, 52.675775192006675], [-8.4685136132422, 52.675772582867104], [-8.468513228653887, 52.675772294972795], [-8.468382923192891, 52.67567291882058], [-8.46824405414396, 52.67562697241503], [-8.468076320961222, 52.675615608908], [-8.467575722773095, 52.67560213422017], [-8.467353356387678, 52.675573206871356], [-8.467333276323664, 52.67556524355529], [-8.467202941874595, 52.67551357106528], [-8.467148272294901, 52.67546363335062], [-8.467138582573417, 52.67545478238056], [-8.46713235180045, 52.67544068764648], [-8.467119493439366, 52.67541161621812], [-8.467100958753779, 52.675369688214985], [-8.467142794058777, 52.67529787081082], [-8.467256769213583, 52.67522303488397], [-8.467257036426243, 52.67522285586772], [-8.467382840078844, 52.675162922074755], [-8.467667045530945, 52.67509788725562], [-8.467865924149908, 52.675058625589514], [-8.467972121469138, 52.675037660642225], [-8.468012330961619, 52.675029725448475], [-8.468102054909139, 52.674978265237144], [-8.468157107992266, 52.67488434763894], [-8.468169922578424, 52.67469985373056], [-8.46819841801181, 52.67436802006359], [-8.468203493566604, 52.67427583678231], [-8.468207629309134, 52.67420072547604], [-8.468215852505262, 52.67405138387761], [-8.468212815983652, 52.67401216313046], [-8.468201476152574, 52.67386568509051], [-8.46822461383108, 52.673620580043654], [-8.468233995104288, 52.67359492710439], [-8.468298270531088, 52.67341919989877], [-8.468399249418447, 52.67322729297435], [-8.46858526011636, 52.67297430873212], [-8.46858561170186, 52.67297289622157], [-8.46860436619811, 52.672897133881285], [-8.468584998989126, 52.672874166036706], [-8.468555873396806, 52.672839631420125], [-8.468485157395024, 52.67280703272624], [-8.468250815998653, 52.67273689035447], [-8.468088731482071, 52.672725909024265], [-8.468083093887255, 52.672725526826], [-8.467985792589142, 52.67272886809194], [-8.46792433195631, 52.672708600050456], [-8.467875869731511, 52.67265247235895], [-8.467844856499532, 52.67255632398415], [-8.467840752130858, 52.67254056619145], [-8.467829857957355, 52.67249877889826], [-8.467825522314431, 52.67248213220272], [-8.467848308102306, 52.67242127419674], [-8.467858054849854, 52.672395233354145], [-8.468031494443558, 52.672204263047064], [-8.4681839989614, 52.67197901392838], [-8.468237736489234, 52.671805278730105], [-8.46823784441531, 52.671804586225356], [-8.468249982723574, 52.671724014501606], [-8.468325427874788, 52.6715647801745], [-8.468347291891483, 52.67151863012317], [-8.468363763903106, 52.671483854156556], [-8.46842777865552, 52.671246757559025], [-8.468421456243636, 52.67113808128307], [-8.46841672609761, 52.67111331098298], [-8.468416583480819, 52.67111255655189], [-8.468399152038247, 52.6710212351241], [-8.468349939353697, 52.67091969404946], [-8.46817421793895, 52.6707267150231], [-8.468119388760343, 52.67066650413402], [-8.467988169717314, 52.670533801672704], [-8.467941353194405, 52.67044051096428], [-8.467895649929028, 52.670277019300855], [-8.467927153612868, 52.6700386131754], [-8.467927864995833, 52.670033235522794], [-8.467956253113892, 52.66990734490181], [-8.467967955653506, 52.66985545571851], [-8.468029832810112, 52.669764252495916], [-8.46811913333333, 52.66968801386933], [-8.468217532092453, 52.66963983672863], [-8.468406588162999, 52.669547276083435], [-8.468543808559653, 52.669486496817136], [-8.468593075382627, 52.66946467594322], [-8.468697391944177, 52.669418469449774], [-8.46875943143698, 52.669390990363155], [-8.46883309309182, 52.669338900973166], [-8.468983208257185, 52.669232742627266], [-8.469069102117874, 52.66917855361831], [-8.469373053609207, 52.66898677882584], [-8.469555860414273, 52.66881501243584], [-8.469631112339357, 52.66871133390097], [-8.4696711950008, 52.668533562487276], [-8.46965968163018, 52.66838499990893], [-8.469637641420649, 52.66828329772204], [-8.469567009038139, 52.66811858416956], [-8.469461072663666, 52.668009134043096], [-8.469303851384767, 52.66794678647392], [-8.46891299828017, 52.66785621681305], [-8.468869810714198, 52.667846211407884], [-8.46869096589534, 52.667791209999145], [-8.46859432876566, 52.667761490258606], [-8.468562658304979, 52.667751748396505], [-8.468508164339525, 52.66772852390923], [-8.468378001959255, 52.66767305095794], [-8.468302210644483, 52.66760745014631], [-8.46826948356319, 52.667544348603414], [-8.468262923529256, 52.6674923247939], [-8.468262036678217, 52.667485290664004], [-8.468270455286099, 52.66746790150311], [-8.46830551852417, 52.6673954991456], [-8.468376639375517, 52.667313032398155], [-8.468449900887567, 52.66722809262577], [-8.468562012133827, 52.667025113015164], [-8.468616744725006, 52.666911925971284], [-8.468674742433757, 52.66667695603522], [-8.468697371745298, 52.666585278431555], [-8.468710845428404, 52.66644069747611], [-8.46870143609679, 52.66636835400265], [-8.468700471147727, 52.66636093369778], [-8.468649885864656, 52.666313074676616], [-8.468538497407645, 52.666284852200185], [-8.468391362495453, 52.66628437315944], [-8.468376832310827, 52.66628460045378], [-8.468246518732641, 52.66628662623666], [-8.468188067840533, 52.66627877689298], [-8.468001507714114, 52.66625371801222], [-8.46779209668344, 52.666183422344744], [-8.46768604645935, 52.66613307640943], [-8.467634678214637, 52.66610868781653], [-8.467515666587527, 52.66602959518772], [-8.467331147337521, 52.665821530711206], [-8.467150712089369, 52.66558591947893], [-8.46702024953862, 52.66536284712107], [-8.466980690365759, 52.665295197212004], [-8.466951416754572, 52.66516601059173], [-8.466937740065312, 52.665022965873376], [-8.466946828035994, 52.66488667136524], [-8.467022281874451, 52.66465775425045], [-8.467033763572033, 52.66452970131692], [-8.467001303557646, 52.66444993541453], [-8.466991302401587, 52.66442536466292], [-8.466944906338663, 52.664356833878394], [-8.46687103186116, 52.66426921286069], [-8.466751600164278, 52.66416396590219], [-8.466536928164969, 52.66404829012795], [-8.466029368867742, 52.66387796819762], [-8.465574557202412, 52.663759039054206], [-8.465385860630311, 52.66370969696942], [-8.465179503525956, 52.66365816071181], [-8.46503637459492, 52.66361782679286], [-8.46491587245852, 52.66358386634924], [-8.46454617016875, 52.66349663995353], [-8.46417605779416, 52.66340545028494], [-8.46410243562935, 52.66338144391699], [-8.463907151664664, 52.66330734703878], [-8.463845626351631, 52.663278143013606], [-8.463793798072327, 52.66324329247192], [-8.46376530914834, 52.66320676868868], [-8.463744067028054, 52.663166351685184], [-8.463734165071717, 52.663124694898016], [-8.463734053727705, 52.66310160505146], [-8.463734548646197, 52.663078530808775], [-8.463738400071627, 52.66303458218515], [-8.463742480218048, 52.66301084677502], [-8.463749858046238, 52.66298302687791], [-8.463760106386149, 52.66295126797331], [-8.463792030207433, 52.66290311993913], [-8.463821261718001, 52.662861786380816], [-8.463874040195696, 52.662824459205126], [-8.46392913668459, 52.6627882644136], [-8.463929607048602, 52.662788010907214], [-8.463988182203732, 52.66275645827765], [-8.464062961421877, 52.662730702377765], [-8.464138817026688, 52.66270748583156], [-8.464219753128601, 52.662689408474485], [-8.464298529034366, 52.6626669713352], [-8.464370229681403, 52.66264368103662], [-8.464441507618528, 52.66261677915728], [-8.46449295571629, 52.66258232410243], [-8.464536847263435, 52.66254484270792], [-8.464574445818243, 52.66250220885083], [-8.464606199687903, 52.66245766546359], [-8.464635080834299, 52.66241127280425], [-8.464662051784687, 52.66236736832668], [-8.464730013669808, 52.66219903531451], [-8.464735841095878, 52.662173125996944], [-8.464738809417447, 52.66212267345073], [-8.464738797429435, 52.66211568978698], [-8.464738743432774, 52.66207324845124], [-8.464727886110891, 52.662021025543694], [-8.464726205498662, 52.66201170254294], [-8.464712655275628, 52.66197178583813], [-8.464696823817242, 52.66193002653866], [-8.464677873786687, 52.661891101710005], [-8.464658273667204, 52.66185359953795], [-8.464634001011236, 52.661814578724695], [-8.464610272170633, 52.66177665231598], [-8.464583016823427, 52.66173793978991], [-8.464513154820064, 52.661595681198165], [-8.464507165768945, 52.661571769505876], [-8.46450171658433, 52.661548583729044], [-8.464496293157834, 52.66152503832911], [-8.464492706494195, 52.66150045210508], [-8.464489758796269, 52.66147478481117], [-8.464486822072523, 52.66144875795223], [-8.464484539285584, 52.66142166794093], [-8.46448401961783, 52.66139495750561], [-8.46448576867924, 52.66136054441163], [-8.46449341456884, 52.66125768221339], [-8.464547848601299, 52.66107139833415], [-8.464559704482838, 52.66104635610616], [-8.464619117139097, 52.66094348870778], [-8.464634473677528, 52.66091959220623], [-8.46491713644681, 52.660547511079834], [-8.465004446946617, 52.660431258691105], [-8.465010321606924, 52.660420701650146], [-8.465104869082746, 52.66025099583393], [-8.465179187679363, 52.660083454563285], [-8.465233134322764, 52.65991989402425], [-8.465301914067771, 52.65968047001941], [-8.46540280188527, 52.65937592729989], [-8.465484548062513, 52.65911329902976], [-8.465511619641294, 52.658991476531774], [-8.465511733905684, 52.65898957061641], [-8.465526713117024, 52.65874535140296], [-8.465545876118773, 52.658659961557134], [-8.465563477824592, 52.65858149863893], [-8.465623741379869, 52.658493862087916], [-8.465609699268736, 52.65849123162632], [-8.465234445504494, 52.658436734898814], [-8.465204302163157, 52.65843493876856], [-8.465162887744935, 52.658432413896946], [-8.46511658475537, 52.65843305401391], [-8.465070223122744, 52.65843513243101], [-8.465025562219969, 52.658438687185026], [-8.464987384402527, 52.65844307933924], [-8.464945621642592, 52.6584481236968], [-8.464900755308651, 52.65845600246188], [-8.46486237205199, 52.65846471863386], [-8.464827430671493, 52.6584760188406], [-8.464614964261216, 52.65859173721857], [-8.464566066953633, 52.658634900767105], [-8.464368513487974, 52.65883709718214], [-8.46433925784057, 52.65885353410602], [-8.46409553149892, 52.65896283969912], [-8.464036908177082, 52.658989359291354], [-8.463871151585955, 52.65901197497035], [-8.463815486532706, 52.659023338011046], [-8.463769555794007, 52.65903686500622], [-8.463750140852952, 52.65905158250993], [-8.463743881482557, 52.65906909774596], [-8.46374386968994, 52.659081950702216], [-8.463746118083952, 52.65910724326233], [-8.463775335148576, 52.65918349139787], [-8.46380605193695, 52.659242215949256], [-8.463820120694109, 52.65925866294878], [-8.463827258977462, 52.65928368470436], [-8.463826536765175, 52.659311811135254], [-8.463822890521186, 52.659338798539245], [-8.4638086159781, 52.659365755632436], [-8.463775470352697, 52.65938620731959], [-8.463738295473224, 52.65939327358296], [-8.46371287106472, 52.6593946673414], [-8.463632570293019, 52.65939400180546], [-8.463576446021541, 52.65938017302877], [-8.463496190869158, 52.659353073371385], [-8.463425637414439, 52.6593250369194], [-8.463357870680857, 52.659289340701015], [-8.463291073980518, 52.659271284191284], [-8.463093333137987, 52.65924677363299], [-8.463052002540973, 52.65924245008574], [-8.463009430480865, 52.65923954249777], [-8.462968522376528, 52.659238830466386], [-8.462929282019733, 52.659240673500435], [-8.462888785498349, 52.65924394153933], [-8.46285886956302, 52.659251122984294], [-8.462833640022415, 52.65927655882275], [-8.46283121809562, 52.65928936726184], [-8.462828895049617, 52.65930034175282], [-8.462831331103931, 52.65932105867907], [-8.462826132907129, 52.659371906392195], [-8.462817668106673, 52.65938498110636], [-8.462812946162948, 52.65939555151453], [-8.462802746917761, 52.65940675449858], [-8.462769501934313, 52.65944583851521], [-8.462740216622233, 52.65946516032032], [-8.462713155481998, 52.65947534157764], [-8.462328242829267, 52.65947966597866], [-8.46223575460203, 52.659468504058], [-8.46187411403484, 52.65941447569038], [-8.46183229345286, 52.65940714263135], [-8.461703938268151, 52.659326570541396], [-8.461659580126648, 52.65928882276459], [-8.461633024216257, 52.65925016075436], [-8.461625514353162, 52.659237453941714], [-8.461621018441168, 52.659217589891014], [-8.461613980834011, 52.65919077899063], [-8.461596676526243, 52.659167387582976], [-8.461581260420107, 52.65914222716142], [-8.46155598918548, 52.65912447531808], [-8.461522482746478, 52.6591051376903], [-8.461361668987816, 52.659030192308464], [-8.461154853631143, 52.65893677551283], [-8.460919389329192, 52.65880930620596], [-8.460591585947933, 52.658614218715684], [-8.46034860338122, 52.65845739556008], [-8.460312004829568, 52.65840813939746], [-8.460283035989509, 52.65831268198395], [-8.460276809316435, 52.65827432719714], [-8.460274295880593, 52.658258787633585], [-8.460277110548999, 52.65822419967729], [-8.460267667897728, 52.65819770362817], [-8.460253277955962, 52.65816318248702], [-8.460231967560686, 52.658136831391175], [-8.460207266855024, 52.658119814063575], [-8.460173386731368, 52.658108395975766], [-8.46014357641514, 52.65809885855542], [-8.460127166745133, 52.65809016790608], [-8.460053024130513, 52.65803945754519], [-8.459924854965431, 52.65788859625243], [-8.459865321391252, 52.65781721049269], [-8.45987174811701, 52.657756354434966], [-8.459942336029568, 52.65768110220035], [-8.459968463802799, 52.65764259486104], [-8.460010201604156, 52.657423978306234], [-8.459985813789716, 52.65740011082241], [-8.45993333036215, 52.65739342067868], [-8.459849056755782, 52.657394116210305], [-8.459756680716751, 52.657390349089255], [-8.45966401435956, 52.65736735758276], [-8.459644674844126, 52.65736255207932], [-8.45967166052502, 52.65733114203597], [-8.45970693011459, 52.657300364969586], [-8.459760654627242, 52.65723235071164], [-8.459750474718934, 52.657194703307084], [-8.459678078202156, 52.65712990165819], [-8.45964358085536, 52.65709900870676], [-8.459601482884741, 52.65705652367142], [-8.459591942808764, 52.65703054026101], [-8.459606897804205, 52.657006277444445], [-8.459652505956022, 52.656987441369665], [-8.459731774737788, 52.656977516686695], [-8.459783924069594, 52.6569665017552], [-8.459860348843529, 52.65695036828836], [-8.459910542164575, 52.65693607126406], [-8.45998581477507, 52.656908752063664], [-8.460045996577223, 52.65687021139147], [-8.460091956299257, 52.656808869287694], [-8.460120221732302, 52.65675863319047], [-8.460125542104159, 52.65671351948066], [-8.460108645701576, 52.65657958221959], [-8.460191114080596, 52.65631563347253], [-8.460162345319482, 52.65628411622432], [-8.460132077585468, 52.656259049222236], [-8.460073488332453, 52.656230973307395], [-8.460024729255755, 52.65620018076717], [-8.460002922032588, 52.65618130961111], [-8.459983714146052, 52.65615942635277], [-8.459957490993254, 52.65612398038333], [-8.459948883620378, 52.656096735050326], [-8.45979696254878, 52.65596786065446], [-8.45978760108764, 52.655941984418874], [-8.459808495231323, 52.655886527963474], [-8.45981871814006, 52.65585363696767], [-8.459808056162117, 52.65582777476718], [-8.459791156060032, 52.65580042677493], [-8.459740277681968, 52.65574789125117], [-8.459698060243062, 52.65569953750738], [-8.459680109473979, 52.655652329977556], [-8.459671201448307, 52.65560203143308], [-8.459669598327563, 52.655560512846364], [-8.459675702956686, 52.655518272283246], [-8.459697758857532, 52.65546648745091], [-8.459730582822273, 52.655405609873384], [-8.459767236651453, 52.65535899944485], [-8.4598551786221, 52.65526034691241], [-8.459910417553232, 52.65518338356903], [-8.459932037252957, 52.655154861465235], [-8.459960670762214, 52.65511020554354], [-8.459973985539541, 52.655083243633115], [-8.459989951916633, 52.65504136024777], [-8.460005775000237, 52.654978786915876], [-8.46002200410139, 52.65493518578729], [-8.460035943142357, 52.65490574973088], [-8.460056797335714, 52.654883171677966], [-8.460105581698299, 52.654855973185846], [-8.46015706207835, 52.654825133031395], [-8.460188763560838, 52.65479962767083], [-8.460218247294623, 52.65476561023834], [-8.460235032318144, 52.654741196415934], [-8.460299531604923, 52.65461727927453], [-8.460346762851135, 52.65452105845308], [-8.460396495193297, 52.65442235617942], [-8.460452625479789, 52.65431928779434], [-8.460469684031816, 52.65428295471243], [-8.460484440910356, 52.65424278368356], [-8.46048906551036, 52.65422013379092], [-8.46049264173529, 52.654163818716256], [-8.460486955658311, 52.65413748783189], [-8.460475279090888, 52.654110712844634], [-8.460408156287944, 52.65398477234526], [-8.460398777917716, 52.653969942535504], [-8.460392008470528, 52.65392348260984], [-8.460386854174175, 52.65377470536905], [-8.460393169475589, 52.65370758499723], [-8.460412657156544, 52.65366192186846], [-8.460620978481867, 52.65339629724841], [-8.460709690871603, 52.65328853614375], [-8.460764984001457, 52.65323538152203], [-8.460837178740993, 52.65317603129628], [-8.460924949808136, 52.65307582365339], [-8.460930057393677, 52.65306540460586], [-8.46096386522519, 52.65286653817247], [-8.46094132858876, 52.652740244753076], [-8.460889565372844, 52.65261740855254], [-8.460807816889826, 52.65243849558656], [-8.460723837369443, 52.65229051015414], [-8.460714140162994, 52.652273443578544], [-8.46059312282013, 52.652071835467204], [-8.460591016136979, 52.652035909396666], [-8.460623043874193, 52.6519024380742], [-8.460630171594458, 52.6517889271373], [-8.460390805585313, 52.65145502512259], [-8.460359411248366, 52.65144621295161], [-8.460141400460584, 52.6513850330482], [-8.459759195950118, 52.651288546612015], [-8.459637114178655, 52.651222930974704], [-8.45942621343499, 52.651091183887665], [-8.459266966402593, 52.65098347705174], [-8.459206200897421, 52.65092609906618], [-8.459089081553149, 52.650755581961775], [-8.459018201747277, 52.650660915646476], [-8.458947076238703, 52.6506217964519], [-8.458893215095783, 52.65058153179567], [-8.458806232191368, 52.65048874329529], [-8.458757786182657, 52.65037137600494], [-8.458661503747878, 52.650199061082326], [-8.45857636936435, 52.650094967262206], [-8.458527476505093, 52.64997433893456], [-8.458455741587038, 52.64975952317956], [-8.458309854564888, 52.64950981490183], [-8.458143859401268, 52.649253353249975], [-8.45796152695682, 52.64905681498945], [-8.457776429795164, 52.64883028497166], [-8.45763385649561, 52.64852078342626], [-8.457537973846053, 52.64828967508488], [-8.457476210228538, 52.64814032519617], [-8.457439426014163, 52.64789511103098], [-8.457425501730867, 52.64777013182191], [-8.457422468933375, 52.64769333153256], [-8.457418194581036, 52.64762925414547], [-8.45741300885703, 52.64761237660123], [-8.457409448878535, 52.64759835098599], [-8.457403635078165, 52.647579345694325], [-8.45739032693855, 52.647551641918234], [-8.45735159211737, 52.64748056100759], [-8.457315805330197, 52.64742008361115], [-8.457268405029732, 52.64734275345571], [-8.457222051105054, 52.64729063975301], [-8.457067972691254, 52.64723744057062], [-8.456833462411332, 52.64712909492462], [-8.456636335711151, 52.64702031714851], [-8.4564859786814, 52.64693833207354], [-8.456398038270436, 52.64687871141693], [-8.456355678480781, 52.64682118016348], [-8.456302001372395, 52.64675532458461], [-8.456293127119176, 52.6467304348504], [-8.456274571568287, 52.64669681902854], [-8.45627326348625, 52.64662225008674], [-8.456290336595277, 52.646554612071796], [-8.456319969733281, 52.646489756929405], [-8.456362993177926, 52.646435051666586], [-8.456435955122231, 52.64638601939066], [-8.456555950224447, 52.6463381630698], [-8.45668467413065, 52.646284224019155], [-8.456824432411574, 52.646214315437184], [-8.456936566676834, 52.6461538428221], [-8.457021039381937, 52.64610060432145], [-8.457052804592365, 52.64607029988174], [-8.457088864407153, 52.646022461126215], [-8.457128739385622, 52.645970634916445], [-8.457153502343697, 52.64591928943195], [-8.457155847160623, 52.64567509258263], [-8.457107239021791, 52.645586585847404], [-8.457024226403709, 52.64551045353263], [-8.456906819069784, 52.64539657806486], [-8.456809497891213, 52.645284485580696], [-8.45676053595524, 52.64521580774051], [-8.45672873831045, 52.645145086350496], [-8.456775143216475, 52.64510450612048], [-8.456841110998349, 52.64506661877967], [-8.457497703165666, 52.64480188573752], [-8.45751933899988, 52.64479507014167], [-8.457750557792123, 52.644722236694214], [-8.45805585136102, 52.644674885277055], [-8.458523757436536, 52.64461305335389], [-8.458626150393222, 52.64458958473515], [-8.458906170884902, 52.644498161560925], [-8.459076578169828, 52.64444347422498], [-8.459518314926232, 52.64458925629936], [-8.459835211022233, 52.64466079442521], [-8.46064325570679, 52.64479427472936], [-8.460730646989445, 52.64481555128909], [-8.46154158730669, 52.64501300927057], [-8.462390392357465, 52.64520057988522], [-8.463196282263903, 52.64538017797787], [-8.463422725889352, 52.64543354462312], [-8.46392002873092, 52.645566284988305], [-8.464627061772795, 52.64574199100198], [-8.465503079534189, 52.64594444271706], [-8.46601311648913, 52.646071515727456], [-8.466030703589103, 52.64607590464626], [-8.46615787336084, 52.64611600356603], [-8.466266473029853, 52.64615791910414], [-8.46639205422406, 52.64618199829552], [-8.466619567280839, 52.64621707289534], [-8.46716298879882, 52.64634103444801], [-8.4676633503972, 52.64643432538736], [-8.467805205741016, 52.646462823902624], [-8.467809843344373, 52.64645428490491], [-8.46873076654912, 52.646620583221754], [-8.469849960981415, 52.64685271698611], [-8.470407303380568, 52.646924181069316], [-8.47080303696324, 52.646991089602935], [-8.471421937934192, 52.647169028672906], [-8.471782117735497, 52.64726725498733], [-8.472479849743367, 52.64741498034922], [-8.473276701442133, 52.64757241736225], [-8.47331651882532, 52.64758259461292], [-8.473500620903787, 52.64763069132337], [-8.473511219288167, 52.647646000598], [-8.473732883433497, 52.64769242786852], [-8.473892495122625, 52.647725054535556], [-8.474078488646406, 52.647764828820826], [-8.474356943920482, 52.64780708195252], [-8.474754464540103, 52.647908070886515], [-8.47529254953326, 52.64804960622708], [-8.47656134108921, 52.64833367475362], [-8.476643333252788, 52.64832184925325], [-8.476728090577982, 52.64829523618545], [-8.47686492914358, 52.64811277607075], [-8.47690269854954, 52.64804732574864], [-8.476985218526085, 52.64789664118715], [-8.477004761605414, 52.64783887708646], [-8.47701773803938, 52.64779556526857], [-8.477003797726475, 52.64775029454233], [-8.476979854403496, 52.64771330613803], [-8.476949060185655, 52.647661919448716], [-8.476691542099807, 52.64748366158807], [-8.476445294965584, 52.64741494940171], [-8.476189517112678, 52.6473571236044], [-8.475980158988227, 52.64726961196474], [-8.475859669467066, 52.64717491219237], [-8.475779564290194, 52.64711792499629], [-8.47577019542612, 52.64711125840904], [-8.4757257043626, 52.64704897891907], [-8.475637178082074, 52.64695414161025], [-8.475531081346622, 52.646842908596355], [-8.475438211200943, 52.64673579288619], [-8.475305857438205, 52.64663557652985], [-8.475171509559088, 52.64656264681921], [-8.475146082861713, 52.64654279525375], [-8.47498557521806, 52.64641747987965], [-8.474850403505116, 52.646320222395275], [-8.474770426777413, 52.646217656383534], [-8.474814365875273, 52.64610774495995], [-8.474860674771858, 52.64603928600011], [-8.474903022457227, 52.64595847530813], [-8.474942384269845, 52.64588305143439], [-8.47496456513643, 52.64580535052381], [-8.474986521296621, 52.64567009088849], [-8.47497336048962, 52.645613312053555], [-8.474964551211864, 52.64557464471911], [-8.474897223975077, 52.64536997749404], [-8.474848109338442, 52.645276186028035], [-8.474804669507975, 52.645151039377495], [-8.474798607692072, 52.644952885621784], [-8.474802225509967, 52.64493901151567], [-8.47481442197704, 52.64490132957974], [-8.47482202792847, 52.64487775933681], [-8.474860432070335, 52.64481494958088], [-8.474916797816663, 52.64474469760625], [-8.474976287620159, 52.644684580617955], [-8.475081262832136, 52.644537609244466], [-8.475278408979413, 52.64426317674366], [-8.475319411936319, 52.64416350529747], [-8.47533101989427, 52.64412475608194], [-8.475332667251214, 52.644081939269675], [-8.475333360006932, 52.64406392438714], [-8.475329461442456, 52.643981007050364], [-8.47532246874122, 52.64389073190131], [-8.475275515297549, 52.64371952660956], [-8.475197814658067, 52.64348577973118], [-8.47515129177822, 52.64335421905992], [-8.4751143512186, 52.643275128293205], [-8.475053151337484, 52.64317585766982], [-8.474976690548791, 52.643056362095265], [-8.474915216974622, 52.642933130281115], [-8.474822587924717, 52.64270683116041], [-8.474782235127144, 52.642590884861576], [-8.47475070546946, 52.64245462609425], [-8.474752387973806, 52.642332992681496], [-8.47476337731242, 52.64223710877483], [-8.474768732361358, 52.64217627398152], [-8.474798151565066, 52.64211628651643], [-8.474845506220998, 52.64204790421196], [-8.474892436391901, 52.64193897836555], [-8.474945300047345, 52.64182266747962], [-8.474962462038764, 52.64174150824229], [-8.474973570625746, 52.64165668815311], [-8.474978705675175, 52.6415755771186], [-8.474953953410315, 52.64151117787526], [-8.474928571863025, 52.64143096212837], [-8.474851630434575, 52.64126540446134], [-8.47481167275995, 52.641184465134295], [-8.474753775126016, 52.64111282842916], [-8.474659298825824, 52.64099525633828], [-8.474518354569025, 52.64075071588988], [-8.474420441775035, 52.640592612133624], [-8.474283052236162, 52.640397806188865], [-8.474164067466841, 52.64023794399782], [-8.474084764888259, 52.64013231879398], [-8.474035478567028, 52.640021935609674], [-8.473985963789913, 52.6398931277499], [-8.47392717293526, 52.6397385611734], [-8.473877110837028, 52.63955631231658], [-8.473814744124185, 52.63934830785203], [-8.473746489489917, 52.639153224787485], [-8.473721879653786, 52.63910171360688], [-8.473627684149882, 52.63900811075961], [-8.47353369293635, 52.638934757170965], [-8.473445874412022, 52.63887613727631], [-8.473416391701203, 52.63886041807066], [-8.473393477371301, 52.63884821392104], [-8.473223521437946, 52.63876719112037], [-8.473121395572862, 52.6387066237806], [-8.473099860775376, 52.63868532711388], [-8.47307965049483, 52.63866080742137], [-8.47306434081325, 52.638633122331406], [-8.473053979186123, 52.6386011930864], [-8.47304924006342, 52.63857549710007], [-8.473045106872467, 52.63854981667062], [-8.473041732699096, 52.638520537977485], [-8.473042715402304, 52.6384869995154], [-8.473044069958073, 52.63845780081293], [-8.47306955854666, 52.63830600716903], [-8.473072456858064, 52.63826926129975], [-8.473074151174874, 52.6382332123195], [-8.473066335653005, 52.638007247139974], [-8.473064661618965, 52.63797943570301], [-8.473063181307612, 52.63794766873545], [-8.473064707667419, 52.63791522464569], [-8.47307034893045, 52.63779446518659], [-8.473072345929292, 52.637764562844794], [-8.473078976650086, 52.63773689801193], [-8.47308741715558, 52.63770854285839], [-8.473098269380596, 52.63767914444519], [-8.473111358450659, 52.637653035726665], [-8.473127826104948, 52.637630598630864], [-8.473147792733267, 52.63760929803582], [-8.473169014552655, 52.6375865723076], [-8.473190805797016, 52.63756459031249], [-8.473292758050953, 52.6374765223338], [-8.473616866588749, 52.63729925856216], [-8.473680620352834, 52.63724347532498], [-8.473898009924476, 52.63706872258129], [-8.474037486623047, 52.63696296811108], [-8.474311854692006, 52.63676753873449], [-8.474666257331691, 52.636583643410745], [-8.474792944908383, 52.636544172481734], [-8.474820608523375, 52.63654207526251], [-8.474887040497103, 52.63653194011431], [-8.474915344856878, 52.63652762024745], [-8.47486252683239, 52.63647292370995], [-8.474795817552351, 52.636404216456114], [-8.47471740452784, 52.63632840153727], [-8.474685009189134, 52.636307177423795], [-8.474429103423018, 52.63613953908223], [-8.47435394447563, 52.636092661521744], [-8.47417548060808, 52.63600824067413], [-8.47403617089202, 52.63596784836002], [-8.473849526760338, 52.63593842190308], [-8.473622483843103, 52.63591238336355], [-8.473384347223746, 52.63589055019543], [-8.473120415227852, 52.63587686388924], [-8.47274787973728, 52.635836924719335], [-8.472408037108202, 52.63584618066199], [-8.47187903229871, 52.635904886566124], [-8.471667666445612, 52.63590227670756], [-8.471502229499414, 52.635899429788545], [-8.471346050859877, 52.6359002578896], [-8.471098039825138, 52.63590529783466], [-8.470840471320802, 52.63588430080022], [-8.47043346407849, 52.635820313379334], [-8.470392975001143, 52.63581118943115], [-8.47034938526699, 52.63580085539767], [-8.470305189762586, 52.63579051476447], [-8.470266674956212, 52.63577950442687], [-8.470117070340741, 52.63573478914704], [-8.470082410648992, 52.635722316372075], [-8.46989689074219, 52.63565130933315], [-8.46972844066886, 52.635565664646414], [-8.469696019046383, 52.635545569976586], [-8.469520922419889, 52.6354268751823], [-8.469373043478054, 52.63533201657692], [-8.469337003139017, 52.63529539806353], [-8.469310400695155, 52.635258553407965], [-8.469287043379493, 52.635219853335805], [-8.469259903299303, 52.63518107835921], [-8.46909171229761, 52.63502268216143], [-8.469058158886979, 52.63498648514462], [-8.469037655704112, 52.63496735876583], [-8.469015250602657, 52.634948590447266], [-8.46899091797949, 52.63493054880084], [-8.468966596112736, 52.63491212960714], [-8.468940387008326, 52.63489405942486], [-8.468909759823086, 52.63487590785216], [-8.468768386593847, 52.634803376116075], [-8.468728978509619, 52.634784692986145], [-8.468688924398439, 52.6347663809101], [-8.468646978936839, 52.634748031360786], [-8.468601265709035, 52.6347296247929], [-8.468551820684391, 52.63471037909622], [-8.468500505802524, 52.63469034083253], [-8.468041103140935, 52.634487057244], [-8.46799120405199, 52.634463975193555], [-8.467936793325876, 52.634443113021234], [-8.467908406607284, 52.63443272703727], [-8.467771542910183, 52.634390726813656], [-8.467589097728125, 52.63431485944282], [-8.467345215515813, 52.634135367785866], [-8.467234522443187, 52.63405371612799], [-8.467031453123731, 52.63390123386711], [-8.466981953223284, 52.63386696863598], [-8.466953920232857, 52.63384812323808], [-8.466926161531047, 52.63382867455071], [-8.466917479196615, 52.63382212948447], [-8.466898178436304, 52.63380757293278], [-8.466754557541842, 52.6336953292858], [-8.466646437953901, 52.63359847706858], [-8.4666126960458, 52.6335664865235], [-8.466573342011984, 52.6335332507476], [-8.466527874476297, 52.63349607528277], [-8.466352072578896, 52.63337060154994], [-8.466234441614688, 52.63343640788129], [-8.466065504249624, 52.6335175248953], [-8.465851029376076, 52.63356740734455], [-8.465634154719737, 52.6336417644113], [-8.465420415736546, 52.63371654917829], [-8.46519285797257, 52.63388415386622], [-8.46506415938735, 52.63403778013939], [-8.464813251960138, 52.63424672206093], [-8.46463598225254, 52.634375767217314], [-8.464146507145097, 52.634598172374055], [-8.4638234734873, 52.634713963527965], [-8.463335420805873, 52.634873182487176], [-8.46226554511369, 52.63513905836895], [-8.462199179347916, 52.63515554974743], [-8.461776504470114, 52.63528259951372], [-8.461372243141469, 52.63535003899881], [-8.461106096271074, 52.63540744828604], [-8.46106584099233, 52.635416125638336], [-8.460603528648575, 52.63548886663715], [-8.459317696179474, 52.63575251714177], [-8.459028209147021, 52.63579792325263], [-8.458250424297615, 52.63591989110899], [-8.458027809439551, 52.63595479870294], [-8.457594636678277, 52.63602345154951], [-8.457615415622353, 52.63613315173347], [-8.457657632289045, 52.63635618971336], [-8.457622587678172, 52.63660527693936], [-8.457636512021347, 52.6367291508217], [-8.457644753047894, 52.63680249768463], [-8.457716160143185, 52.63701807961283], [-8.457243324763496, 52.63708125781215], [-8.456812566678026, 52.63711909629861], [-8.456249158913518, 52.637166207436564], [-8.455968227902952, 52.63718030356618], [-8.455610913407357, 52.637188607826836], [-8.455471809662194, 52.63718809100866], [-8.45535024494787, 52.637176397361436], [-8.4552415912267, 52.63714461955728], [-8.455111325256487, 52.63709026571749], [-8.454833693406645, 52.63697088249337], [-8.45455865441603, 52.63685349301374], [-8.454549161390586, 52.6368384564212], [-8.454640130775896, 52.63674068561626], [-8.454663859336712, 52.636715185267164], [-8.454456927239619, 52.63671156596494], [-8.454175652134323, 52.63670932782801], [-8.453814984298024, 52.63670875930971], [-8.453434352814405, 52.63671780244363], [-8.453077651447838, 52.63672650118807], [-8.452772755146379, 52.63674452827786], [-8.452750333738864, 52.63674792156491], [-8.452462085584676, 52.63679154520719], [-8.452038046518227, 52.636866461444534], [-8.451662158251382, 52.63693455942815], [-8.451441453746748, 52.63698239017617], [-8.451073197140825, 52.63707589347213], [-8.451049688140778, 52.63708274199897], [-8.450823626284404, 52.63714850522551], [-8.45052931528774, 52.637222239307484], [-8.45000691594336, 52.63734022456095], [-8.449526835451408, 52.63744172461683], [-8.44907789043937, 52.63752384327555], [-8.44871793322744, 52.63757459643286], [-8.448064456824557, 52.63769206274139], [-8.447988386953902, 52.637693797447696], [-8.447995632842906, 52.6376741850343], [-8.447990707345083, 52.63766206076551], [-8.4478985658787, 52.63750060574434], [-8.447767303835231, 52.63729292001135], [-8.44765022722756, 52.63710415436768], [-8.447419244251066, 52.63678799033058], [-8.447403810497384, 52.636768211920206], [-8.44712094150474, 52.63646182448361], [-8.446941191231355, 52.636120038880826], [-8.446710390050816, 52.63567711386408], [-8.446654201143975, 52.635638919624085], [-8.446531707427988, 52.63555563937754], [-8.446284352746245, 52.63543360537563], [-8.44627091526528, 52.63542697784375], [-8.445884690144505, 52.63528884700158], [-8.445310449178853, 52.63529216599184], [-8.445264428807942, 52.63529206929623], [-8.444178157036099, 52.63528988167597], [-8.443968085154529, 52.63528619291999], [-8.443811153446704, 52.63526351967804], [-8.443772000771071, 52.63498727390964], [-8.443742573925004, 52.63453333331219], [-8.443703599045422, 52.63413436357581], [-8.4436536309299, 52.63383149957125], [-8.443605781663505, 52.63339773417063], [-8.443565631593202, 52.633063464929485], [-8.443560781346193, 52.63304838310917], [-8.443549811222134, 52.63299784823888], [-8.443540899430399, 52.63295656338654], [-8.443529649998263, 52.63292661226722], [-8.443513288778632, 52.632902459617846], [-8.443339121650753, 52.632717112052376], [-8.443331915396106, 52.63268961750762], [-8.443322603352371, 52.63265401460282], [-8.443268965818287, 52.63245392484695], [-8.443200755409105, 52.63214926828526], [-8.443132663657494, 52.63196885350452], [-8.443102361898752, 52.63184419425365], [-8.443067611139643, 52.63169001678623], [-8.44301338065862, 52.631597723194595], [-8.442895898936634, 52.63143404897304], [-8.442724495002171, 52.63117329809023], [-8.442668966085654, 52.63109126459122], [-8.44287561912498, 52.631039251263886], [-8.443209965134539, 52.63093062040789], [-8.44382764920723, 52.63071526365727], [-8.444005093259989, 52.63063680695678], [-8.444030471014427, 52.630619256991174], [-8.444061164646465, 52.630595674067564], [-8.444080383681682, 52.63057532491405], [-8.444101140311965, 52.630549271547636], [-8.444116150301358, 52.6305246418593], [-8.444143795592302, 52.63049908397293], [-8.444296386391533, 52.63044049378213], [-8.444544479530002, 52.630385104393795], [-8.445003660447359, 52.63027139810838], [-8.445594741727245, 52.63019025224008], [-8.446188003656868, 52.630116034009795], [-8.446718847533186, 52.630044169345894], [-8.447346254172508, 52.62997973941547], [-8.447762656339322, 52.629945297070904], [-8.44780830466261, 52.62993843741358], [-8.448302436288959, 52.629883925570915], [-8.448504158085274, 52.62985069717117], [-8.448553073398248, 52.62984120932584], [-8.448742410943607, 52.62979014110727], [-8.448801215736365, 52.6297712680912], [-8.448858848380421, 52.629750449071125], [-8.448908369058831, 52.629727962009106], [-8.448940684221673, 52.629710142022034], [-8.44916059335008, 52.62951868917405], [-8.449192309085488, 52.62948707467295], [-8.449262611009981, 52.62934469744326], [-8.449280851227368, 52.6293140157447], [-8.449281764658759, 52.629312483407], [-8.449300856116086, 52.629281411090595], [-8.4493218278662, 52.629250763068576], [-8.449338798493965, 52.62922463324967], [-8.449377482794807, 52.62911195565211], [-8.44938995168101, 52.62907464373936], [-8.449462456105184, 52.628817210471595], [-8.449491424081842, 52.62879140362742], [-8.449635340444631, 52.62869337272658], [-8.449885494848113, 52.628569807597835], [-8.450040808751378, 52.62852896009473], [-8.450093875018776, 52.62855120087921], [-8.450129522046316, 52.62856613938287], [-8.450685935585613, 52.628443592739266], [-8.450837851191508, 52.6284430147759], [-8.450975877006496, 52.62837155547063], [-8.450980079483072, 52.62835791352807], [-8.450997311138382, 52.62833144092455], [-8.451222800304338, 52.62785828512278], [-8.451348021857854, 52.62751592808509], [-8.45147450042128, 52.62723705799344], [-8.451501443271326, 52.627106547076295], [-8.45149947477721, 52.62706597333564], [-8.451467963911375, 52.62693631432867], [-8.451350637171199, 52.6266359298432], [-8.451344647784861, 52.62652323297028], [-8.45135927977575, 52.62641357640592], [-8.451429214022953, 52.62621221932081], [-8.45153745973307, 52.625986250587445], [-8.451663537469544, 52.62556568441121], [-8.451668221094724, 52.6255500452455], [-8.45172145254418, 52.62527601096542], [-8.45179632628872, 52.625005318584655], [-8.45180287527119, 52.62497576771294], [-8.45179920729516, 52.62492507984617], [-8.451824076494571, 52.624841557491806], [-8.451885511913018, 52.62473469738972], [-8.451968672146412, 52.62465494337341], [-8.452147876724583, 52.62448309027392], [-8.452257720593755, 52.62428970554818], [-8.452381709756654, 52.62407596258796], [-8.452672464509446, 52.623514623829266], [-8.452777477286746, 52.623268595765175], [-8.45286782394509, 52.623079904819456], [-8.4530140364062, 52.62282485676488], [-8.453097254497452, 52.62269118208471], [-8.453250604250163, 52.62245534095731], [-8.453290115141293, 52.62240134207877], [-8.45331479732504, 52.62236731755847], [-8.453356040973897, 52.622320942924894], [-8.453390157088586, 52.62228229835606], [-8.453485645539425, 52.622180007820404], [-8.45354913058838, 52.62212216005668], [-8.453603199649658, 52.622076401354185], [-8.45364104436729, 52.62204416892783], [-8.45379106148055, 52.6219150016361], [-8.454151497705457, 52.62159957620537], [-8.454739614863447, 52.62113127813684], [-8.4548709897346, 52.62102653876292], [-8.455119034096125, 52.620826185059165], [-8.455234062866092, 52.62074181219554], [-8.455475199708369, 52.620577742287786], [-8.455495041257375, 52.620564228787266], [-8.45608606755134, 52.62064993053764], [-8.456377477661368, 52.620707860177376], [-8.45647966000773, 52.620724759621254], [-8.456889454425621, 52.620793862410565], [-8.45704101408385, 52.620819792732014], [-8.457262505606845, 52.62086011256657], [-8.457405963678374, 52.62088661297688], [-8.457817654897072, 52.620916409240465], [-8.457924890937358, 52.62092357176817], [-8.45803732681621, 52.62094641631476], [-8.458234095915984, 52.62097671829536], [-8.458301739812933, 52.62098411450502], [-8.458840347816052, 52.62106552022629], [-8.459336234265171, 52.621141507533146], [-8.459449498331105, 52.62116010514412], [-8.45947630533098, 52.62116450422144], [-8.459556179659275, 52.62117767657325], [-8.459611494678693, 52.62118671974147], [-8.460657960524545, 52.62135387879375], [-8.461127608202966, 52.621372149136974], [-8.461143666844684, 52.62136699936385], [-8.461167886215618, 52.621362644728066], [-8.46118596459477, 52.62136136994867], [-8.46123294095539, 52.62135825694964], [-8.461296742076348, 52.62136386878984], [-8.46192028413264, 52.621472217671055], [-8.462176533243529, 52.62150680220175], [-8.46243878220206, 52.62154730389719], [-8.462529414428383, 52.621562310768134], [-8.462816753950788, 52.62160538313658], [-8.462985340895422, 52.62163199434239], [-8.46336344075572, 52.6216936755688], [-8.463415426643055, 52.621702001946524], [-8.463471104246715, 52.621710277906956], [-8.463587655917934, 52.62172801382186], [-8.463892880404476, 52.62177645140098], [-8.463917053376491, 52.6217802845493], [-8.464222236812473, 52.62182616881937], [-8.464307338037246, 52.62183896695355], [-8.464607705989403, 52.62188469832965], [-8.465022574582125, 52.62194956465428], [-8.46522611010015, 52.62198336978617], [-8.465328553093963, 52.62200335248924], [-8.465535076699732, 52.622037558807314], [-8.465760924533836, 52.62207511326539], [-8.465919167837054, 52.62210366644238], [-8.466311153638067, 52.62215929758133], [-8.466453120284928, 52.62218490309387], [-8.466541496424627, 52.622198603517404], [-8.466691497283273, 52.62222139079331], [-8.466770501145545, 52.62222037848322], [-8.466822873906386, 52.62217610344676], [-8.466841063225267, 52.62206169407639], [-8.466844989340904, 52.62200455020249], [-8.466859423192982, 52.621952227486894], [-8.466958350442626, 52.62197207882631], [-8.467150267631473, 52.622032549218424], [-8.467364604360126, 52.62209991461822], [-8.467498287026178, 52.62214225145973], [-8.467642331162848, 52.62218534719342], [-8.467845276822658, 52.622243876437835], [-8.46795480084728, 52.62227123510886], [-8.468053137596193, 52.62229515049144], [-8.468137255076153, 52.622313836972786], [-8.468202786941413, 52.62232918136491], [-8.46835353711548, 52.62235286238742], [-8.46874418316313, 52.622413919595076], [-8.469316645600959, 52.622521173333375], [-8.46945133422782, 52.62254956343543], [-8.470088721560817, 52.622739138886054], [-8.470272186985, 52.62281094479819], [-8.47039587978559, 52.62286329482429], [-8.470467349493198, 52.62290058132041], [-8.470586104143958, 52.622959287372154], [-8.470646684328965, 52.622980977708615], [-8.470731215189074, 52.6230118126272], [-8.471106126261207, 52.62315127389315], [-8.471223838978906, 52.623196708016394], [-8.471266257176953, 52.62321737372362], [-8.471488708398194, 52.62330753816772], [-8.471750021226537, 52.62341164080953], [-8.47199237350485, 52.6235173284152], [-8.472171627154015, 52.623602037109585], [-8.47220425748398, 52.623574996671856], [-8.472879865385858, 52.62319032545429], [-8.472935583824608, 52.6231568290766], [-8.472985574578136, 52.623137305080576], [-8.47306207558327, 52.623138257976855], [-8.473209210455837, 52.623157623982685], [-8.473247076482998, 52.62316284762095], [-8.473428700677049, 52.623187926839485], [-8.474062937702712, 52.62328168030309], [-8.474435117435823, 52.62334218146062], [-8.47447133025164, 52.62338297726672], [-8.474493827840316, 52.62340243629799], [-8.474893271697702, 52.623505052947046], [-8.47602487982089, 52.62365992469762], [-8.476896839197344, 52.62379380124089], [-8.47689934184459, 52.62372374684913], [-8.476909202665627, 52.623447421726496], [-8.476910573632168, 52.62340913585789], [-8.47694344794581, 52.623173838670176], [-8.476944170578717, 52.62298623596984], [-8.476934814876776, 52.622826644829175], [-8.476942584147297, 52.622454406982605], [-8.476905615548471, 52.62210913377535], [-8.477414275483815, 52.62176695705913], [-8.477422204100069, 52.621573995320055], [-8.47742630433228, 52.62147575672452], [-8.477432043829978, 52.621365296678576], [-8.477445707885739, 52.621003155557645], [-8.477449245182816, 52.62051656987311], [-8.477403533023422, 52.62015515333867], [-8.477370130527675, 52.61978622703161], [-8.477358806748319, 52.619707806430775], [-8.477355548757453, 52.61968525939383], [-8.477336290652268, 52.619552178088604], [-8.477291087057644, 52.619253631263675], [-8.47728348129125, 52.61920337340753], [-8.477257916519921, 52.619011795875025], [-8.477222684762097, 52.61873112213914], [-8.477209583967191, 52.61862640045696], [-8.477194160748232, 52.618498229146], [-8.47717341610086, 52.61832748458587], [-8.477169056172645, 52.618252469359554], [-8.47709492962403, 52.61799915024421], [-8.477051961333107, 52.617594831088496], [-8.476989384993612, 52.61705892391341], [-8.476979085421682, 52.616870799145964], [-8.47696063080916, 52.61662663033808], [-8.476930844844425, 52.61622299500068], [-8.477108998993321, 52.615593082350735], [-8.477254878989928, 52.61552501194436], [-8.477398816098658, 52.61543991669939], [-8.477484319474472, 52.61530586483192], [-8.477545170619855, 52.61519704306073], [-8.477655541666303, 52.61510926052949], [-8.477834031245187, 52.6150744038404], [-8.478131520967535, 52.61507575616073], [-8.478401003236698, 52.615087044856025], [-8.47861360570388, 52.61508898141587], [-8.478830608873968, 52.61508146228004], [-8.479051322986873, 52.61508383264957], [-8.479286945116163, 52.615119425305984], [-8.479510710572955, 52.615144261765344], [-8.479719724386754, 52.61516910361046], [-8.47993835128006, 52.615203370633566], [-8.480109487386292, 52.615225372194594], [-8.480200485918395, 52.61522050930678], [-8.48027201495699, 52.615205568705036], [-8.480316279916279, 52.61517401171114], [-8.480323139215185, 52.61516552517923], [-8.480362464801335, 52.61511684874603], [-8.480426977795137, 52.61502351513983], [-8.480506958532901, 52.61491871283254], [-8.480587203330725, 52.61483671226261], [-8.480617093810544, 52.614823353294035], [-8.480677267135375, 52.61479646656301], [-8.480854581929801, 52.61474636622656], [-8.48127205687416, 52.6146838842742], [-8.481421550587742, 52.6146566899863], [-8.481512000316966, 52.61465441689782], [-8.481580745149406, 52.61466174140988], [-8.481643375037738, 52.61468237518866], [-8.481928610378255, 52.61479709003856], [-8.482170112812353, 52.614908171245055], [-8.482273695931873, 52.61496282881543], [-8.482339692787425, 52.61500625138521], [-8.482393415037654, 52.615066810321245], [-8.482437608799728, 52.61511221811041], [-8.482447575890916, 52.615167256731645], [-8.482410985152505, 52.615245287816556], [-8.482365136877918, 52.61533284804031], [-8.48233809526389, 52.61542791764877], [-8.482329338899497, 52.61548304149672], [-8.482345265936257, 52.61551336548785], [-8.482395461856385, 52.615537860457515], [-8.482476852527144, 52.61556031389333], [-8.48293686022948, 52.61567621088198], [-8.483012525746858, 52.615686939814445], [-8.483095462681536, 52.6156848040093], [-8.483237292834177, 52.61566817276793], [-8.483619695684203, 52.61562389174353], [-8.483790831760311, 52.61562011904585], [-8.483982578973002, 52.61562942949619], [-8.48442299473135, 52.61562884279603], [-8.484638170077696, 52.61563349940473], [-8.484721928099422, 52.61567096076702], [-8.484754653742154, 52.615735334611784], [-8.484836295178704, 52.61581376342506], [-8.484928856760499, 52.61588882187665], [-8.485033538929898, 52.61595555257117], [-8.485097785223006, 52.61597782273327], [-8.485208441615322, 52.61598382303625], [-8.485316330492807, 52.61601197231715], [-8.485468810035506, 52.616074300367536], [-8.485556972668865, 52.616125333129204], [-8.485591456730821, 52.61618833333884], [-8.48554351590857, 52.6162784739678], [-8.485538986516762, 52.616328232794906], [-8.48556568977751, 52.616372668476885], [-8.485637562756002, 52.61647554850884], [-8.485680274718428, 52.61660012852929], [-8.485726212477765, 52.61674395684883], [-8.48578859191363, 52.616961645018485], [-8.485869335113735, 52.61714930941876], [-8.48594250396462, 52.6172490111345], [-8.485973226594504, 52.6173135995734], [-8.485994058357024, 52.617429155266365], [-8.486020762655436, 52.617473581847065], [-8.486098066820151, 52.617497244981706], [-8.486183742736447, 52.61748344717889], [-8.486269372315851, 52.61745481011842], [-8.486362382669206, 52.61745389800882], [-8.486455229161402, 52.617478171210855], [-8.486502597190725, 52.61750825767409], [-8.486698205032376, 52.61783825298255], [-8.486844486005392, 52.618098523106475], [-8.486870164204774, 52.6181515103988], [-8.486877730201224, 52.618197210853765], [-8.486862996234107, 52.61824018967321], [-8.48682959841891, 52.61830736929859], [-8.48685195657672, 52.61833929309809], [-8.486905446950281, 52.618359386414284], [-8.486979131939231, 52.61835615342132], [-8.487102261571504, 52.6183384709263], [-8.487158066137049, 52.618329027744544], [-8.487162298004149, 52.61832831016811], [-8.487242909169224, 52.61830247936293], [-8.487337418166506, 52.61827411960026], [-8.487425215418325, 52.618286341769426], [-8.48754752418283, 52.618323877101744], [-8.487558817233714, 52.61832734408152], [-8.487661423393057, 52.61836850080062], [-8.487731379304725, 52.618435012516095], [-8.48782538578908, 52.61852352694245], [-8.487907072349797, 52.61860239385276], [-8.48799090735683, 52.61866593610252], [-8.488188078046864, 52.618820321610286], [-8.488434611184061, 52.61904294780432], [-8.488487611870696, 52.61906799487843], [-8.488529380729192, 52.619089654784425], [-8.488633532654577, 52.61911819395697], [-8.48870294990791, 52.61913211783777], [-8.488785608613622, 52.6191309589134], [-8.488899327230172, 52.61913269176589], [-8.488980178034312, 52.61915615862225], [-8.489001315400447, 52.61918834770911], [-8.489023419236975, 52.61924365024235], [-8.489027124544174, 52.61928592404274], [-8.488989532403878, 52.61932635496789], [-8.488859513167649, 52.619399209950465], [-8.488782543331705, 52.61945240463225], [-8.48875128020088, 52.61950686678366], [-8.48877579634688, 52.61956396601944], [-8.488781599106188, 52.619589054878965], [-8.488770538161452, 52.61963152442744], [-8.488746559015729, 52.61968098609533], [-8.488676628109767, 52.619769546871055], [-8.488640989862121, 52.61982238221111], [-8.48863404211116, 52.61985892059866], [-8.488658513114393, 52.61988676372099], [-8.48870804355259, 52.61991173512745], [-8.488812210358518, 52.61995203053804], [-8.48893435218308, 52.61999910960807], [-8.489000151083097, 52.62002349244002], [-8.489083374695406, 52.620033116719476], [-8.489159184403237, 52.62002152364391], [-8.489229844725571, 52.620001089501045], [-8.489290864055175, 52.6199862048497], [-8.48935775682405, 52.619984175877825], [-8.489439750885962, 52.61999875743829], [-8.489502901094426, 52.62002000509304], [-8.489584735014619, 52.620045372955396], [-8.489651415569336, 52.620049465602555], [-8.48975575654626, 52.62003645094241], [-8.489861791929183, 52.62004425465155], [-8.489950968057059, 52.62007774412423], [-8.490053782593638, 52.62011715421349], [-8.490175077924585, 52.6201345657331], [-8.490280919276335, 52.62015273316935], [-8.490482834641218, 52.62017931114889], [-8.490501041347317, 52.62018170750214], [-8.490554168628075, 52.62018746462775], [-8.490655765564512, 52.62019847678673], [-8.490730278118098, 52.62022937490805], [-8.490778613329933, 52.6202701425227], [-8.490830939866797, 52.620338972459], [-8.490917180874252, 52.620364761560886], [-8.491008547838375, 52.6203668995958], [-8.491155554692998, 52.62033931689086], [-8.491328713631987, 52.62030358118219], [-8.491520046856643, 52.62032669591594], [-8.491772082052268, 52.620364604492515], [-8.491888600555138, 52.62039316137695], [-8.492005733244056, 52.62043960194969], [-8.492148975700516, 52.62050963561081], [-8.492365071965084, 52.62060205235049], [-8.492610912892559, 52.62069839866112], [-8.492853553379415, 52.6208042402395], [-8.493090323441788, 52.62091064504143], [-8.493290071357869, 52.620944957043584], [-8.49351301803338, 52.620985553636814], [-8.493717631942914, 52.62102831145493], [-8.494227523988487, 52.6211177024567], [-8.494516406365376, 52.6211758904599], [-8.494538526105496, 52.621179610886934], [-8.494984504120072, 52.62125463096056], [-8.49498809976024, 52.621255236117804], [-8.495471250527132, 52.62134199212071], [-8.495817330640644, 52.621406265365536], [-8.496294310694564, 52.62148774085089], [-8.496534833075073, 52.621525301044954], [-8.49663065461657, 52.62154236151975], [-8.49675552604473, 52.62156458872289], [-8.496819446097003, 52.62158548680669], [-8.496886879422542, 52.62160753138583], [-8.496907321409504, 52.6216142137006], [-8.497025230513785, 52.62167628538317], [-8.49707445350623, 52.621702198338006], [-8.497085266249233, 52.62170640614776], [-8.497244870733768, 52.62176853455355], [-8.497267728213693, 52.62177592481862], [-8.497322248170484, 52.62179354726849], [-8.49749605760837, 52.62178385637652], [-8.497731333500612, 52.62177790672336], [-8.497832375300304, 52.62178896899524], [-8.497952642693942, 52.62180101097356], [-8.498182276300792, 52.621827531243625], [-8.498594247884064, 52.621852735564346], [-8.49892926784525, 52.621863155318735], [-8.498967089850908, 52.62186433346366], [-8.49913266502785, 52.62186693464259], [-8.499393396313717, 52.621881169611484], [-8.499447891605964, 52.621884860504814], [-8.49963181887555, 52.621897321779684], [-8.499975241622867, 52.621920582214216], [-8.500443450828607, 52.621946667176054], [-8.500464879519765, 52.62194786105908], [-8.500483764178163, 52.62194872503571], [-8.500878007342251, 52.621966751886774], [-8.501282370438352, 52.62198761080534], [-8.501751941904777, 52.62201257839678], [-8.502303247625141, 52.622046734012656], [-8.502415986863854, 52.6220525107986], [-8.502766987442936, 52.62207049093533], [-8.502906939847596, 52.622078291837234], [-8.503132904509744, 52.62208069398139], [-8.50343255497792, 52.62207047786716], [-8.504094111041136, 52.62204139257475], [-8.504357703462105, 52.62203062646487], [-8.504567384580664, 52.622022066770484], [-8.504609428531861, 52.62202047656665], [-8.50466012290427, 52.622019802240665], [-8.504710142377595, 52.622019517257264], [-8.504764139904491, 52.62201968268623], [-8.504821450808832, 52.62202029236622], [-8.505004722003497, 52.62202304362583], [-8.505056640045265, 52.622026031066916], [-8.505090999763645, 52.6220279150011], [-8.505102586001414, 52.62202854960041], [-8.505712038607108, 52.62209586825578], [-8.506320113298829, 52.62216520300608], [-8.507225784985948, 52.62228285734178], [-8.5072653667434, 52.62228800883903], [-8.50795480285352, 52.622379699793996], [-8.508512658812858, 52.62245700433805], [-8.508693438614067, 52.622481629583504], [-8.50886466263044, 52.622504954569905], [-8.508909814402662, 52.622511519693184], [-8.50908951132395, 52.622545882221786], [-8.509125942230156, 52.62255438122996], [-8.50935820052236, 52.622629097029204], [-8.509370844395622, 52.622633161025014], [-8.509425888278306, 52.62265087363057], [-8.51032279896258, 52.62290257283363], [-8.510646927411406, 52.622992711235455], [-8.510802959621165, 52.62303277276417], [-8.510824844065604, 52.62303879032885], [-8.511302862668922, 52.623172493850205], [-8.51169421819133, 52.62328098059856], [-8.511880946920138, 52.623335271142125], [-8.512099830883162, 52.623397287011976], [-8.512297819301976, 52.62345447633272], [-8.51246680883321, 52.623500969065674], [-8.512706591460994, 52.62356534717282], [-8.51273732759738, 52.62357564127451], [-8.512808056829341, 52.62359933253203], [-8.51302558295377, 52.62365741577417], [-8.51332492161898, 52.62373974465523], [-8.513638777715638, 52.62382692634428], [-8.513952646530614, 52.623915086852705], [-8.514258367039512, 52.62399344889648], [-8.514459538667166, 52.624053344191864], [-8.514816435556822, 52.6241553909603], [-8.51509159600692, 52.62423462067215], [-8.5156099940754, 52.624379815827545], [-8.516128677167874, 52.62452258068319], [-8.516587200159146, 52.62464731477618], [-8.516588889443378, 52.62464778288197], [-8.516926135451449, 52.62474089479872], [-8.517221312114646, 52.62483100672926], [-8.517364877647534, 52.624871185954774], [-8.517809762529597, 52.62499110331517], [-8.518148717501905, 52.625085902142445], [-8.51856337670185, 52.62519619675239], [-8.519027851732018, 52.625318468566455], [-8.519400690398331, 52.62542163610964], [-8.519598552658065, 52.62548779292833], [-8.519881331964273, 52.625201395325234], [-8.519995205125953, 52.62508511961154], [-8.520172104169905, 52.624919240279404], [-8.52029390728412, 52.62480171605714], [-8.520443159449922, 52.62465117460709], [-8.5205629386324, 52.62453000082553], [-8.520637599969678, 52.6244577677803], [-8.520694361382036, 52.62440929705798], [-8.520820337315447, 52.624307591010655], [-8.520928630027191, 52.62422303102362], [-8.521160902982514, 52.62403678228349], [-8.521408978847155, 52.62384070242962], [-8.521566220538958, 52.623720504221204], [-8.521790629421348, 52.62354159618532], [-8.521908698247737, 52.62344358194747], [-8.522022967844002, 52.62336021699515], [-8.522135257670257, 52.623278074052564], [-8.522275139109274, 52.62317630514224], [-8.522448548876888, 52.62305489297324], [-8.52255242011354, 52.622981559161836], [-8.522724849519548, 52.62287220398102], [-8.522890158111782, 52.6227602734177], [-8.523073657154029, 52.622613280525094], [-8.523250503169082, 52.62248934430412], [-8.523274752747897, 52.62247312149169], [-8.52352279961044, 52.622293467548744], [-8.523621424093145, 52.62222136037778], [-8.523690629396144, 52.62215554003597], [-8.52374438341895, 52.6220932124366], [-8.52379220465751, 52.62202878984424], [-8.523829733340694, 52.621974398549334], [-8.523865010178387, 52.62192932889836], [-8.523958856802981, 52.62184063250794], [-8.524036368650775, 52.62177791207728], [-8.52427209220798, 52.62160699357121], [-8.524443698549343, 52.62146047358048], [-8.524544786579733, 52.62136617201978], [-8.524648950100293, 52.62126973555271], [-8.524790143396292, 52.6211798850525], [-8.524925666708919, 52.6210975915558], [-8.525135587271329, 52.62079998110413], [-8.525139687172688, 52.62074890137079], [-8.52511117414112, 52.62069626743806], [-8.525078574083771, 52.62064641995611], [-8.525062252786633, 52.62058700885457], [-8.52506382792599, 52.62053104178138], [-8.52507316389153, 52.6204361936164], [-8.525084949331113, 52.62032512899506], [-8.52536445199817, 52.62005944110298], [-8.525457865868384, 52.619985755580736], [-8.525584670322926, 52.619909575951475], [-8.525636662682423, 52.6198818685657], [-8.52579816826722, 52.61978688436533], [-8.525974019250578, 52.61968132014034], [-8.526084862313352, 52.619624022989626], [-8.526212736032669, 52.61951649631797], [-8.52633203609151, 52.61944405232026], [-8.526519430708642, 52.619346902808545], [-8.526690037324713, 52.61925625414836], [-8.52683726250544, 52.619149377784105], [-8.52711416110222, 52.61900527073688], [-8.527304703395004, 52.61891473920573], [-8.527356689011963, 52.61888911633299], [-8.527476412791074, 52.6188301065408], [-8.528197504341664, 52.618419111116204], [-8.528282351052113, 52.61835577091731], [-8.528464149180612, 52.61825449972128], [-8.528588137504293, 52.61816237546017], [-8.52869226955883, 52.618095335683165], [-8.528795918214042, 52.61804580685676], [-8.528931900720943, 52.618000582707126], [-8.528930571383608, 52.6179466508469], [-8.528936557720899, 52.61786623424301], [-8.528943547522736, 52.61772817224842], [-8.528905569755388, 52.61759743860973], [-8.528876860271001, 52.61747846500188], [-8.528866485680208, 52.6173908140804], [-8.528901431101684, 52.61728221621616], [-8.528849340772224, 52.617083235723626], [-8.528799021247622, 52.616936809918], [-8.528772361558914, 52.61685185620694], [-8.528754931053932, 52.61679627946651], [-8.52880575204611, 52.61657500738614], [-8.528878082052293, 52.61638507975553], [-8.528952549284137, 52.616234079141236], [-8.528998567586159, 52.616187854397744], [-8.529089504925917, 52.61608998991812], [-8.529154159554285, 52.61603524201692], [-8.52922254087915, 52.61595034020574], [-8.529341446634954, 52.615764383674026], [-8.529366421729545, 52.61573044971141], [-8.529404036795952, 52.61567933685472], [-8.529420134648813, 52.615657459691576], [-8.52951369188896, 52.61555415432992], [-8.529670839836323, 52.6154182342535], [-8.529854836654758, 52.615275290990105], [-8.530021334841793, 52.61516178997759], [-8.530299581770562, 52.61503321877086], [-8.530354685775984, 52.61500833559847], [-8.530555052456112, 52.615170582129224], [-8.530627432956406, 52.6152213734941], [-8.530658289680934, 52.61519768635189], [-8.530782487270244, 52.615098314344195], [-8.530931220935717, 52.61497650570198], [-8.531014052645626, 52.61482804584671], [-8.531140464435397, 52.61471777889108], [-8.531612268815092, 52.61434200760971], [-8.531686510403318, 52.61430630608918], [-8.531796580528997, 52.614184508070345], [-8.531917608180787, 52.614051865987335], [-8.53196079509423, 52.61402710747354], [-8.53202197007506, 52.61401475268939], [-8.53208937497379, 52.6140168947286], [-8.532201531719595, 52.614052720983445], [-8.53239975351457, 52.61407202665572], [-8.532508618592042, 52.61409575139846], [-8.532564681289225, 52.61410626717073], [-8.532623946870302, 52.61410936228726], [-8.532651493195432, 52.61410385453637], [-8.532669987031577, 52.614090990243], [-8.532685132570988, 52.61407477943766], [-8.532700260140297, 52.61405587226856], [-8.532717342761204, 52.61401676893901], [-8.5327718620235, 52.61390013630801], [-8.532787917223452, 52.613866421484865], [-8.532839470086236, 52.61377671265876], [-8.532870648534885, 52.61372375809149], [-8.532909495815199, 52.6136724497999], [-8.532942986088914, 52.61362992004615], [-8.53298523047563, 52.613585993687096], [-8.533035201903441, 52.61354607720853], [-8.5331536705557, 52.61345606712676], [-8.533255994100367, 52.61339236599167], [-8.533490159676994, 52.61325540195919], [-8.533516602324728, 52.61326605066923], [-8.533568593545516, 52.61328667798784], [-8.533639106810355, 52.613312596758725], [-8.5348373985708, 52.6137129355368], [-8.535173923850413, 52.61381846450378], [-8.535316169347226, 52.61386340068043], [-8.535451545513233, 52.613910488937634], [-8.535652892891198, 52.613983775804925], [-8.535913532555668, 52.61407799714473], [-8.536159992640886, 52.61416697908399], [-8.536205120418957, 52.61418161425412], [-8.536239736619917, 52.6141867515814], [-8.536269172016514, 52.614190860738724], [-8.536310659772255, 52.61419279412405], [-8.536360707654227, 52.61418832513274], [-8.53642629266426, 52.61418167355268], [-8.536535018796554, 52.614168462948136], [-8.536712716491836, 52.61414540336085], [-8.536911120618516, 52.61411905887013], [-8.53713879130236, 52.614083044929316], [-8.537361624474816, 52.6140523644864], [-8.537820573222373, 52.613994096878464], [-8.538220885884813, 52.61394564830537], [-8.538486640717178, 52.61391475275071], [-8.538807933685804, 52.61388044018086], [-8.539054733244864, 52.61385600215726], [-8.539434351521574, 52.613810816458255], [-8.53969666269664, 52.61378100345539], [-8.539946864119335, 52.61375230566793], [-8.540122871501076, 52.61373136087544], [-8.540375050579394, 52.61370022636607], [-8.541337572266128, 52.613533595839975], [-8.541360710123323, 52.61352993978758], [-8.541373631131142, 52.61351921181019], [-8.541380723823794, 52.61350763861697], [-8.54137902461883, 52.613487198350036], [-8.54135903754371, 52.61327580759651], [-8.541358621074732, 52.61324204103352], [-8.54152791599526, 52.61296808152564], [-8.541740163357938, 52.61292027385358], [-8.54195068765752, 52.612864501196135], [-8.541992743751212, 52.61285035918254], [-8.542028290835633, 52.61283524925192], [-8.54209124435503, 52.612801075873456], [-8.542167028665625, 52.61275488950285], [-8.542281524295019, 52.61268560610492], [-8.54245880976628, 52.61257017755503], [-8.54264604353893, 52.61244973271943], [-8.542750879075216, 52.612387476902875], [-8.542926692266072, 52.612284529937966], [-8.543194425739095, 52.61212584818448], [-8.543365370555032, 52.61202341723162], [-8.54363812128271, 52.61187666568742], [-8.543751084519931, 52.61181635805575], [-8.543780111341066, 52.611798284468904], [-8.54380740059408, 52.611772255350765], [-8.54382979501373, 52.61174324665544], [-8.543842269547914, 52.61170134056163], [-8.54384490044646, 52.611651498180905], [-8.54384375481665, 52.61159359279068], [-8.543827831576712, 52.61154663090314], [-8.543819858033045, 52.61152159056917], [-8.543804124421662, 52.61148873920307], [-8.543775449308683, 52.61144340877201], [-8.543738975352756, 52.6113871306115], [-8.543640144967934, 52.611249625087346], [-8.543585364491506, 52.61115895234434], [-8.543423689492307, 52.610899451207835], [-8.543155551181666, 52.61050327885349], [-8.542900271241887, 52.61011252073], [-8.54270982967845, 52.60979827775403], [-8.542673208154532, 52.609731034385256], [-8.542662603868333, 52.60969973228899], [-8.542647384577158, 52.60963908703872], [-8.542641070387983, 52.60961203465993], [-8.54263768285532, 52.609544630045704], [-8.542641919304115, 52.609474071617484], [-8.542647057762462, 52.6094119848843], [-8.542672679304461, 52.60924036456599], [-8.542690196355338, 52.60906528497448], [-8.54270580078328, 52.60904721920209], [-8.54276062414542, 52.60901394554492], [-8.542784053156748, 52.608930149496466], [-8.54279078115046, 52.608882005081874], [-8.542777861883954, 52.60884497016905], [-8.542792057395104, 52.60872609970731], [-8.54279981861234, 52.60869584597053], [-8.542834121465447, 52.60861145180283], [-8.542854152339544, 52.608540632224496], [-8.542868527556925, 52.60845542156131], [-8.542886940288051, 52.60837673576771], [-8.542859051827449, 52.60834343663034], [-8.542833823971561, 52.60829485441951], [-8.542851677773431, 52.60824499620246], [-8.542894723204277, 52.60820259055656], [-8.542970402156499, 52.60817366135958], [-8.542993083690844, 52.60814409422079], [-8.543143368783674, 52.60784322781959], [-8.543309114687911, 52.60754513055457], [-8.543264847471685, 52.60722623606472], [-8.542887904040022, 52.60639155330431], [-8.54271828561515, 52.606014387516176], [-8.542564081212165, 52.60565497438391], [-8.542486276493817, 52.60548046610918], [-8.542424259041045, 52.60534934323531], [-8.54234842415181, 52.60516569387322], [-8.542328835489418, 52.605133614938396], [-8.542439945846906, 52.60510263631771], [-8.542671942490397, 52.60505764856182], [-8.542998629052615, 52.60499342309297], [-8.543187352923875, 52.60495914882916], [-8.54329412860737, 52.60494184229633], [-8.543403911204516, 52.60491222607019], [-8.543388968088427, 52.6048893478486], [-8.543365096505488, 52.60485480799758], [-8.542923325199103, 52.60438246552823], [-8.542789729785673, 52.604229299343864], [-8.542800916879385, 52.60420156454534], [-8.542940190134432, 52.60411070309397], [-8.543111529321164, 52.60400084628234], [-8.543262286624262, 52.60386939518327], [-8.543418287100154, 52.603663057435014], [-8.543510266514323, 52.603488274074465], [-8.54358392184162, 52.60334546472815], [-8.543670831113507, 52.60323702814979], [-8.543760216070066, 52.603173565894195], [-8.543874212808367, 52.60311031414022], [-8.543971189538865, 52.603023366747685], [-8.544046895369503, 52.60286155569242], [-8.54402984177994, 52.60261707508076], [-8.543986601269758, 52.60205574711444], [-8.54395412192985, 52.60148594775261], [-8.543948301580386, 52.601130492534544], [-8.543915151138052, 52.600892548248936], [-8.543875295365282, 52.60041711344161], [-8.543874013969239, 52.600369670792375], [-8.54387433323964, 52.60031440108774], [-8.543876194926519, 52.59999511486253], [-8.543850582483984, 52.59958381706024], [-8.543794695085325, 52.59926431956625], [-8.543701189552879, 52.59905154945629], [-8.543429436590332, 52.59864027555604], [-8.543045411176674, 52.59806745011696], [-8.54283432628631, 52.59784274272842], [-8.542777771004777, 52.597782529497564], [-8.542503420787222, 52.59748467805775], [-8.542465673022095, 52.59744369411092], [-8.542111498881317, 52.597100214842676], [-8.541946986219553, 52.5969168090504], [-8.541950494200574, 52.59683984526357], [-8.541955203130328, 52.59679441547471], [-8.541977125759951, 52.59679945639714], [-8.54251199649963, 52.596895554038205], [-8.54306102375846, 52.59699035298106], [-8.543522218110274, 52.5970700928103], [-8.544081247836676, 52.597160535794956], [-8.54428940697845, 52.59719298845594], [-8.544494987463105, 52.59721268041341], [-8.544670083274323, 52.597217771600775], [-8.545324250909438, 52.597228612359906], [-8.545377326986957, 52.59722951846913], [-8.545972135330782, 52.59723269239906], [-8.545994288914345, 52.59723250938605], [-8.546142265447191, 52.59723964687523], [-8.546223512911558, 52.59724355957717], [-8.546721809410727, 52.59728416111224], [-8.5473522776224, 52.59732025795943], [-8.548091376857945, 52.59734141381602], [-8.548344139678955, 52.59733072543395], [-8.548541127377923, 52.597325238326796], [-8.548774986348329, 52.59738463646544], [-8.548973538861691, 52.597429924569184], [-8.549008466983889, 52.59742316535804], [-8.549022943087166, 52.59742046472346], [-8.549051148711328, 52.59741556125933], [-8.549079505749042, 52.59741096268443], [-8.549107984793354, 52.597406678123185], [-8.549136600717144, 52.597402716494706], [-8.549182473733074, 52.59739771311145], [-8.549228486096904, 52.597393230378316], [-8.54927463781025, 52.59738926829513], [-8.54932089946727, 52.59738583598626], [-8.549367256197252, 52.597382924532454], [-8.54941370811426, 52.597380542921165], [-8.549460210827728, 52.59737868237008], [-8.54950676445177, 52.597377351866804], [-8.549553354228125, 52.59737655147971], [-8.549599950526176, 52.5973762723581], [-8.54963931763429, 52.59737510098338], [-8.549678616701277, 52.597373210857455], [-8.549717803332955, 52.59737059319822], [-8.549756848120042, 52.59736725713046], [-8.549795706668386, 52.59736319387227], [-8.54983433492139, 52.59735842160459], [-8.549872718229906, 52.597352949383904], [-8.549910812087347, 52.59734675944069], [-8.5501537914632, 52.59729980938299], [-8.5502374827985, 52.597283143038645], [-8.550321023092373, 52.59726620769155], [-8.550404397470961, 52.59724899442296], [-8.550487635565265, 52.59723151208367], [-8.550570707628854, 52.59721374283588], [-8.550653628758221, 52.597195713574315], [-8.550961095831937, 52.5971322743295], [-8.551008303681497, 52.59712311149206], [-8.551055435682198, 52.59711378720148], [-8.551102477073727, 52.59710430152654], [-8.551149427968399, 52.59709466345499], [-8.55119630301284, 52.597084863930604], [-8.55124307279974, 52.59707491207851], [-8.5512897667355, 52.5970647987738], [-8.5513187133223, 52.59705781505129], [-8.551347253825293, 52.59705023100424], [-8.551375344076916, 52.59704205582673], [-8.551402969316479, 52.5970332895878], [-8.551430055969853, 52.597023950606655], [-8.551456618908949, 52.59701404780257], [-8.55148259931967, 52.59700359942608], [-8.551507967681868, 52.59699260561509], [-8.551532709573879, 52.596981093401574], [-8.551556780715979, 52.59696906299218], [-8.551606123074786, 52.596943010183], [-8.551656075944305, 52.596917385941964], [-8.551706609918288, 52.59689219939346], [-8.551757739644103, 52.59686744148036], [-8.551809421068828, 52.596843130383476], [-8.551861669065802, 52.59681927502097], [-8.551914468650084, 52.596795857485574], [-8.55196780540151, 52.59677290480827], [-8.552257106452643, 52.59664914629915], [-8.552349128667995, 52.59661081406173], [-8.552442121291802, 52.596573367055534], [-8.552536069567523, 52.59653680534712], [-8.55263094420536, 52.59650114704725], [-8.552726715576554, 52.59646638330384], [-8.552823354504982, 52.596432541215414], [-8.552920860881526, 52.59639961179222], [-8.553019190771078, 52.596367622201804], [-8.553134153501743, 52.59632726775568], [-8.55324907106265, 52.59628685947922], [-8.55336392880719, 52.59624640642916], [-8.553478741381458, 52.596205899549034], [-8.55359350878514, 52.596165338838986], [-8.553708231131267, 52.59612473328681], [-8.553822908419619, 52.59608408289262], [-8.553937525777126, 52.59604337873791], [-8.554052112722466, 52.59600262068479], [-8.554166639849809, 52.59596181785911], [-8.554263741580804, 52.595928565642645], [-8.55436085792378, 52.5958953132777], [-8.55445795924643, 52.595862051914786], [-8.554846332975847, 52.59572896086928], [-8.55494340370167, 52.59569567228481], [-8.55504048892569, 52.595662374564185], [-8.555137559242784, 52.5956290768334], [-8.555228704712079, 52.59559881783674], [-8.555319400912621, 52.59556805753796], [-8.55540963296931, 52.59553678701963], [-8.555499401221004, 52.59550503324574], [-8.555588690565456, 52.59547276932365], [-8.555677486696172, 52.59544003127427], [-8.555765804029479, 52.5954067920665], [-8.55585361327247, 52.59537306981524], [-8.555874467787882, 52.59536490235511], [-8.555940929296426, 52.59533887343998], [-8.556027722353681, 52.59530418510513], [-8.556226803248329, 52.595229340550624], [-8.556553334442508, 52.59510658306606], [-8.556621840211319, 52.59508015047797], [-8.556768516288933, 52.595023554597795], [-8.55702653287905, 52.59491159806919], [-8.557283887440382, 52.59481852825624], [-8.557370831695255, 52.594790102980525], [-8.557451293684569, 52.594763802396066], [-8.55765865910775, 52.594712923857834], [-8.557920857053594, 52.594648106666384], [-8.558141433754809, 52.59460205461758], [-8.559060893656959, 52.59444161145562], [-8.559523117004346, 52.59438873543888], [-8.560408318291543, 52.59432032083054], [-8.561152417951181, 52.59428689406993], [-8.561232432222564, 52.594278937910964], [-8.561312508141713, 52.594271188133916], [-8.561392645939474, 52.59426366271395], [-8.561472845617057, 52.59425636165093], [-8.561553077657946, 52.594249285084686], [-8.561633371581044, 52.59424243287515], [-8.561713727272627, 52.59423579603459], [-8.561775021143808, 52.594230921354935], [-8.561874550746523, 52.59422321374812], [-8.561955047819009, 52.59421725018673], [-8.562042254539799, 52.594209663822724], [-8.5621292276549, 52.59420112575568], [-8.56221593810135, 52.594191672076825], [-8.56230235624118, 52.594181293939215], [-8.562388481954079, 52.59416998235589], [-8.562474256544844, 52.59415776457076], [-8.56255966501941, 52.59414462267941], [-8.562644677970278, 52.59413056581049], [-8.562947419023063, 52.59407451506678], [-8.563014186855147, 52.594061461444234], [-8.56308080325731, 52.59404811189378], [-8.563147253584836, 52.5940344754735], [-8.563213552595322, 52.59402055211346], [-8.563279685413606, 52.5940063328965], [-8.563345637510327, 52.59399183586836], [-8.56341142341256, 52.59397704298386], [-8.563477028475722, 52.59396196330112], [-8.56350384049852, 52.593955723775345], [-8.563889069696286, 52.593866246557404], [-8.563957620745574, 52.59385073013711], [-8.564026564243672, 52.59383589491017], [-8.56409588555009, 52.5938217499338], [-8.56416558466774, 52.59380829520735], [-8.564235631966717, 52.59379552188313], [-8.564306027796379, 52.59378345692341], [-8.564376712894145, 52.59377208263363], [-8.564447702137306, 52.59376140793056], [-8.56451896612718, 52.59375144194191], [-8.564590490108378, 52.59374218473762], [-8.564658892532083, 52.593734659115356], [-8.564727033866012, 52.59372634373811], [-8.564794899232387, 52.59371722968911], [-8.564862473984638, 52.59370732602682], [-8.564929713843352, 52.59369663296293], [-8.564996618920793, 52.593685159485695], [-8.565063144937705, 52.59367290580686], [-8.565129277247909, 52.59365988098517], [-8.565194971572348, 52.59364608523255], [-8.565260228023677, 52.593631527537354], [-8.56531616537836, 52.59361651993645], [-8.565372132674629, 52.59360154811878], [-8.565428129912602, 52.59358661208438], [-8.565484142449487, 52.59357172089129], [-8.565540184928306, 52.59355686548135], [-8.565596257349181, 52.59354204585454], [-8.565652359827963, 52.59352727099846], [-8.56570849224902, 52.59351253192539], [-8.565764639853903, 52.59349782870586], [-8.565820817401274, 52.59348316126929], [-8.566145274690623, 52.593384646248005], [-8.566187486031364, 52.59336856234393], [-8.566230370512205, 52.59335317628515], [-8.566273913491784, 52.59333849712912], [-8.566318100097156, 52.59332451595804], [-8.566362856884865, 52.59331126008695], [-8.56640819873103, 52.59329873843228], [-8.566454066719261, 52.59328696026331], [-8.566500416460041, 52.593275916803584], [-8.566547248303092, 52.5932656350154], [-8.566873003832088, 52.59320277690614], [-8.56687671741381, 52.59321147767351], [-8.566950309047488, 52.59327218217911], [-8.56703847613297, 52.59336206441835], [-8.567300127786249, 52.593493189468454], [-8.567435835063689, 52.593578394542526], [-8.567497921531368, 52.59362127632356], [-8.567937849603947, 52.593872823230974], [-8.568155505821826, 52.59398320588513], [-8.568414062058908, 52.5940547965896], [-8.568659323108626, 52.59409237635024], [-8.569033486118244, 52.59414059857753], [-8.569441299729133, 52.594079343518246], [-8.569655404145015, 52.593996296744294], [-8.570392730964763, 52.59371390764031], [-8.570452553342056, 52.59376860027134], [-8.57061448563676, 52.593916673606124], [-8.570834888813998, 52.59416974356248], [-8.570906913301274, 52.5942455982619], [-8.570932742294335, 52.594272806834915], [-8.570996790938214, 52.59434026001811], [-8.571461007586432, 52.594860360624324], [-8.571767567443306, 52.59516842526787], [-8.571825471082297, 52.59523190791954], [-8.57194024561594, 52.59535773662434], [-8.57200689675111, 52.59546497637391], [-8.572029706689868, 52.59550166384453], [-8.572149636723786, 52.59569456424759], [-8.572199512706334, 52.595771693603865], [-8.572262200982307, 52.595864697087976], [-8.572686878705625, 52.59647216024564], [-8.572706487298953, 52.59649644139004], [-8.572688855843518, 52.596500400549196], [-8.571849661046286, 52.596636347803226], [-8.571578390725213, 52.59667256730163], [-8.571285962481724, 52.5967128969598], [-8.571155398355494, 52.596739610342745], [-8.570894284266474, 52.59679302761911], [-8.570710264516165, 52.59685668791505], [-8.57067302451501, 52.59687153606127], [-8.570285058948214, 52.59708317987369], [-8.570277661643662, 52.59709210480244], [-8.57010136141559, 52.597190016892206], [-8.570003360893812, 52.59723861127995], [-8.569807850573847, 52.596998237282165], [-8.569766485545715, 52.59696366998376], [-8.569709871096418, 52.596982448977876], [-8.568903474797482, 52.59738418682702], [-8.56868000597915, 52.5974806874861], [-8.568254974950815, 52.597637521849705], [-8.567083586517251, 52.598025484148025], [-8.56665872940345, 52.598173764156094], [-8.566417970569006, 52.59826371894524], [-8.566315674609537, 52.598309382678515], [-8.566152727421045, 52.59839989064474], [-8.566011201445495, 52.598490664536705], [-8.565885549938972, 52.598567071212706], [-8.565656202462725, 52.598674577761656], [-8.564739171033581, 52.59896346540697], [-8.564410907204941, 52.59903341213182], [-8.564082749853224, 52.5990990880529], [-8.563798054604856, 52.599137600651204], [-8.563776294192918, 52.599137434582246], [-8.563777750815722, 52.599254345850035], [-8.563762017472369, 52.59952819159739], [-8.563742658998278, 52.599932473010576], [-8.563735449053572, 52.60019186112267], [-8.563734756535592, 52.60030924998372], [-8.563746823122795, 52.60047991394529], [-8.563763707893608, 52.60061997719915], [-8.563818828191991, 52.60103612795593], [-8.563837023764103, 52.60115752549918], [-8.563834531695587, 52.601224418361525], [-8.563699721133741, 52.60129891582511], [-8.563521730188153, 52.60132964842894], [-8.563246511519914, 52.60138192939435], [-8.563217055818576, 52.60138152117939], [-8.563385740009377, 52.601452642337776], [-8.563461617770503, 52.60150903273614], [-8.56356040006816, 52.60164312472459], [-8.563665503291237, 52.601783127731665], [-8.563800873763542, 52.60197976486535], [-8.563818701429161, 52.60204488919754], [-8.563874513172797, 52.60249170418368], [-8.56388797551508, 52.60255599540493], [-8.563988030276933, 52.60297505991778], [-8.563992037161293, 52.603124954540945], [-8.563964783654738, 52.60327770343943], [-8.563930841417198, 52.60331083364826], [-8.563902229675064, 52.60333370993278], [-8.563911770398386, 52.60334781189269], [-8.563931267637281, 52.603357812785696], [-8.56428115163036, 52.60337317909806], [-8.564352648707045, 52.60337209245853], [-8.564936186820463, 52.60335210743463], [-8.565539833827081, 52.60333575361839], [-8.565592464647802, 52.60333701233586], [-8.566093669632469, 52.60333877959446], [-8.566237644140617, 52.603364561598156], [-8.566306803879614, 52.60340316772838], [-8.567114545336723, 52.60349069494735], [-8.567136121311693, 52.6034935577417], [-8.567812367157753, 52.603577197662844], [-8.567972896508426, 52.60360784169526], [-8.56823600780954, 52.603705350806166], [-8.568325168293256, 52.60373213923522], [-8.568363672181608, 52.60374371101746], [-8.568346781702875, 52.60409941804673], [-8.568337155698341, 52.6045236519609], [-8.568338404313545, 52.60476039437301], [-8.568338546402483, 52.60478505722974], [-8.568325724715185, 52.60482328251734], [-8.568322998268995, 52.60487155308265], [-8.56830392310081, 52.60564934594574], [-8.568287089526748, 52.60645550359331], [-8.568288751367904, 52.60648009623485], [-8.568818638901531, 52.60656084625193], [-8.569018276093876, 52.60658818217924], [-8.569488404769606, 52.60661565575977], [-8.56970012609303, 52.606602539616254], [-8.570182215552958, 52.60660170310708], [-8.57032748776413, 52.60660930881737], [-8.570504218323048, 52.606613230493416], [-8.570768279062495, 52.606613872904596], [-8.570953270377027, 52.60661043773747], [-8.571136381236437, 52.6066077214134], [-8.571313969315584, 52.606604923585], [-8.571698592245871, 52.606615786161306], [-8.572132004916712, 52.60644611816696], [-8.572296010340706, 52.60648868483978], [-8.572287678745367, 52.606514368338516], [-8.572306602598037, 52.60652882875613], [-8.573237632444165, 52.60658349600114], [-8.57347101964531, 52.60658798394702], [-8.573660473043908, 52.606578051466975], [-8.573676381992925, 52.60657755197702], [-8.573702998513534, 52.60657620966729], [-8.573821592092889, 52.606570197389786], [-8.573947847016667, 52.606560714391485], [-8.574088263032534, 52.606550299763576], [-8.574220700290441, 52.60653941132149], [-8.574285103019411, 52.60653058730859], [-8.5743568302035, 52.606520757024086], [-8.57457182496277, 52.606522132191], [-8.575382091054415, 52.606578087349874], [-8.575792465740685, 52.60660716538874], [-8.575992046999184, 52.60663663801586], [-8.57636449135514, 52.60672960665817], [-8.576441862211395, 52.60675381281623], [-8.576837870494984, 52.60688038891489], [-8.577309495948702, 52.60703116884121], [-8.577726674758248, 52.60715951732057], [-8.57796217009939, 52.607235271320725], [-8.577986640998134, 52.60724251323233], [-8.578002530067558, 52.60724721740933], [-8.578174182120657, 52.607297998771514], [-8.5783284168384, 52.60734571906268], [-8.578476435308469, 52.60738777101052], [-8.578496833382241, 52.60739179696514], [-8.578558594389879, 52.60740318893868], [-8.578575525683794, 52.60740630603057], [-8.578647408960252, 52.607413882473665], [-8.578804877512663, 52.607417894852574], [-8.579257933727213, 52.60744159313103], [-8.579353458573108, 52.60744946699019], [-8.57945223425837, 52.60746649280413], [-8.579642387356307, 52.607478056032235], [-8.57967218274105, 52.60747926744366], [-8.579810341418147, 52.60748002937991], [-8.58000331864037, 52.60748407308293], [-8.5800908135558, 52.60748536138332], [-8.580139230104763, 52.60748125037048], [-8.580162900170617, 52.60747924692758], [-8.58033517374155, 52.60745392826489], [-8.58050252396586, 52.60741247274709], [-8.58068754291714, 52.60734171882205], [-8.580861674076617, 52.60728278351252], [-8.580991880357072, 52.60724941902515], [-8.58103000619878, 52.607241978567586], [-8.58111830376904, 52.607224746537696], [-8.581179932427867, 52.60721272360799], [-8.581372762850831, 52.60716339403466], [-8.581537983785001, 52.60711293236168], [-8.581667385622227, 52.60707018742647], [-8.581728260841448, 52.60704924265529], [-8.58177386467273, 52.60703124008358], [-8.581878951738611, 52.60698976481749], [-8.582229872503262, 52.606861316249265], [-8.582480805114974, 52.60674698442112], [-8.582718341684517, 52.60667462980801], [-8.582754995235314, 52.60666422095028], [-8.582785566133156, 52.60665604410978], [-8.582947176418873, 52.60666415617215], [-8.583221616389972, 52.606604750650206], [-8.583383645880039, 52.60656108817377], [-8.583682144952173, 52.6064846653221], [-8.583977992382312, 52.60642873883614], [-8.584329775427113, 52.606380292488886], [-8.584397198023305, 52.606363367707544], [-8.584665834317983, 52.60653805749483], [-8.584742302373169, 52.606626069743854], [-8.584827729594288, 52.60673160060226], [-8.584913058046324, 52.606933853622365], [-8.585022437141207, 52.60717703678509], [-8.585077200585566, 52.60724930086663], [-8.585135264541892, 52.60731772864526], [-8.585356643707712, 52.607726738253334], [-8.58542191355065, 52.60786490546227], [-8.585458126057569, 52.608016249099144], [-8.585445651827357, 52.60819794373149], [-8.585459380053793, 52.60826195255894], [-8.58547275266769, 52.608300400781424], [-8.585479661265138, 52.60832023948312], [-8.585744932591053, 52.60874720544836], [-8.585882581347414, 52.6090004046039], [-8.585914529463194, 52.60908980472009], [-8.585889460877896, 52.609206109805505], [-8.585882410158801, 52.609257512072546], [-8.585891007435665, 52.609361813220886], [-8.585919279528436, 52.60938927605497], [-8.585994338598947, 52.60944085639596], [-8.586092946666735, 52.609543220186154], [-8.586148825144766, 52.6096168084855], [-8.586254784131288, 52.609775347780285], [-8.586374108870267, 52.60989760748165], [-8.586441253817926, 52.60996123490759], [-8.586478146135741, 52.60999618701746], [-8.586720616606216, 52.6102601193417], [-8.586878727316657, 52.610412943933774], [-8.587086485907047, 52.610608171129044], [-8.587170518172796, 52.61068898970374], [-8.587427889372464, 52.61097567665435], [-8.587382276176506, 52.61123586762852], [-8.587381933153969, 52.611279749565966], [-8.587446114499581, 52.611343427062465], [-8.587550056407292, 52.611404660280115], [-8.588851123489597, 52.611613996902626], [-8.589145394320521, 52.611731150609046], [-8.589154059833584, 52.611756310335394], [-8.589155015502067, 52.61178790798132], [-8.589130137807944, 52.61185299818435], [-8.589117145955246, 52.611891648999695], [-8.589120033898988, 52.611910995151135], [-8.589135356151974, 52.61194146074479], [-8.589260620788373, 52.6121058784406], [-8.58949129594179, 52.61221725363667], [-8.58992904685468, 52.612436183390685], [-8.589975927068151, 52.612460244937346], [-8.590053568892525, 52.61250109594174], [-8.590193363310126, 52.6125663097765], [-8.590306809317815, 52.612620068998964], [-8.590363749254324, 52.61263452584124], [-8.590426628082922, 52.61264371295463], [-8.590507609313015, 52.612648459526035], [-8.590593215124336, 52.61265451323497], [-8.590669559570564, 52.61266143098449], [-8.590728037033319, 52.61267820792087], [-8.590780454927609, 52.612702250523036], [-8.590848261678271, 52.61273965365845], [-8.590927775623893, 52.612773591840615], [-8.591004339359054, 52.612802259645726], [-8.591029381291248, 52.61280546033087], [-8.591078545003324, 52.612790681166096], [-8.591152685055247, 52.61274463334522], [-8.591212908180385, 52.61264871667518], [-8.591234441359092, 52.6125766948767], [-8.591398841545319, 52.61252492032606], [-8.591791205951942, 52.61260084333492], [-8.59185032814034, 52.612707021802926], [-8.592298806967586, 52.61274692580883], [-8.59244211830304, 52.6126654325097], [-8.592918631672676, 52.61266552917488], [-8.593351593475361, 52.61256135461364], [-8.593613142990954, 52.61266186224402], [-8.594519442228986, 52.612709430689875], [-8.595067606988191, 52.61267732299937], [-8.595762095968544, 52.61274380523205], [-8.5965188562566, 52.612884239087784], [-8.5970171548235, 52.612905169980166], [-8.597425190542836, 52.61284267642362], [-8.59785177253887, 52.61303612487213], [-8.59837502456461, 52.61304379240293], [-8.59944928692355, 52.61364494584029], [-8.599533188154037, 52.614122700843566], [-8.600012722736635, 52.614412837877815], [-8.599984602092556, 52.614655508055215], [-8.600532602391173, 52.61512575164743], [-8.600931235484396, 52.615233871186604], [-8.601092475145485, 52.6154107492363], [-8.601153073279002, 52.61547721484102], [-8.60127073215332, 52.615565321943144], [-8.601393496090719, 52.61564338120534], [-8.601565587727265, 52.61577463350674], [-8.601663552634779, 52.61584469311257], [-8.601778901140435, 52.61591385539813], [-8.601844960656061, 52.615914328745255], [-8.60193286743276, 52.61589699334798], [-8.602033456038507, 52.61586975139419], [-8.602209658076537, 52.615820373636616], [-8.602374285237508, 52.61578411428027], [-8.602602831256759, 52.615731198070186], [-8.602793251795374, 52.6156925059508], [-8.60324393978041, 52.61559794827504], [-8.603444616465211, 52.61555991294393], [-8.603694383220837, 52.61552547405547], [-8.603857544566822, 52.615503052892464], [-8.603968540245466, 52.61554545050051], [-8.604182138434714, 52.61563194203445], [-8.604255059871349, 52.615661060286214], [-8.604370727504453, 52.615723108788615], [-8.604453710024481, 52.615775068454596], [-8.604596944818878, 52.615887246900876], [-8.604739457298109, 52.61596302677878], [-8.60499950451957, 52.616230768811654], [-8.604908847792814, 52.61627675682997], [-8.604834509279778, 52.616324935471766], [-8.604827614605945, 52.61634969712267], [-8.604900119026148, 52.61643093949141], [-8.604964194886781, 52.61649742134521], [-8.605136400813192, 52.61665521893325], [-8.60520948628548, 52.61672925862053], [-8.605382057723535, 52.61690592913306], [-8.605590617824904, 52.61710928105726], [-8.605734604643516, 52.617258296770004], [-8.605818367276592, 52.61734932304846], [-8.605939507575497, 52.61746392280429], [-8.606000044516053, 52.61751880049439], [-8.606094284236882, 52.61759848384436], [-8.606232968643107, 52.61774078494917], [-8.606302418385797, 52.61781755698777], [-8.60660090505227, 52.618125392678465], [-8.606802276804256, 52.618337785401124], [-8.606962677248546, 52.61849521833919], [-8.607076761080213, 52.61862557337747], [-8.607110735478598, 52.61866351808369], [-8.607226735217688, 52.61877858327645], [-8.60729690804454, 52.61885400279477], [-8.607400707723668, 52.61895074056974], [-8.607472631256659, 52.61900323118625], [-8.607580434212863, 52.61911386195439], [-8.607609149311639, 52.619147348394854], [-8.607132871930734, 52.61936476012909], [-8.607071239593838, 52.61938364551587], [-8.606675186240848, 52.61944139198361], [-8.606568837059179, 52.61943903336948], [-8.606415259190172, 52.61943882191291], [-8.606328692915788, 52.61942957575368], [-8.606244152314195, 52.61941088159321], [-8.606159189609901, 52.61937017751896], [-8.60608152252388, 52.61932626323811], [-8.605395794262112, 52.619370422875626], [-8.60531172416992, 52.61937509487137], [-8.605059126266521, 52.61940706184232], [-8.604692252489702, 52.619446613397876], [-8.60458295315891, 52.619482018344115], [-8.604456821488021, 52.61952519395195], [-8.604335788189905, 52.619527878707935], [-8.603742686056739, 52.61947789058057], [-8.603657047375634, 52.6194780663255], [-8.603563343563454, 52.61951784898974], [-8.603517639425725, 52.6195213355443], [-8.603383504760586, 52.61953355060395], [-8.60322142791339, 52.61955002436931], [-8.60312741644749, 52.61950084342329], [-8.603016346998187, 52.61944730009001], [-8.60295560014016, 52.619473800785805], [-8.60285386281586, 52.619519034648], [-8.602692863546064, 52.61959032100695], [-8.602648743305775, 52.61963602555307], [-8.602569928607348, 52.61972018713483], [-8.602543910280437, 52.61974732889498], [-8.602516759322832, 52.61975651806255], [-8.602116720724965, 52.619910892269814], [-8.602003751081783, 52.61994812010134], [-8.60191794736803, 52.6199761677134], [-8.601869960992435, 52.619976968777955], [-8.601486765644472, 52.62001258458524], [-8.601410782466708, 52.620015846549514], [-8.601272792662105, 52.62001954901976], [-8.601097180407518, 52.620024880331584], [-8.601050302833706, 52.62004410116737], [-8.600973358403582, 52.620072076181195], [-8.600875853304101, 52.620107390898916], [-8.600731381616377, 52.62015653379971], [-8.600690464620303, 52.620177503923024], [-8.600558138767827, 52.6203177699101], [-8.60054631245206, 52.62035469929271], [-8.600520620670114, 52.62043711612997], [-8.600513239204409, 52.62047401398942], [-8.60051400424544, 52.62051265021016], [-8.600525339966593, 52.620562890491435], [-8.600541021110443, 52.62060906407204], [-8.600570794884865, 52.62065871653328], [-8.60052926282702, 52.620723273300996], [-8.600471447463214, 52.62078615989571], [-8.600445890040906, 52.620800715427094], [-8.600400475947012, 52.62081903875578], [-8.600287602011074, 52.620860300135476], [-8.600146767346475, 52.620906718445895], [-8.599975121414213, 52.620963691930164], [-8.599942719815441, 52.62100481505758], [-8.599900406543043, 52.62106849471502], [-8.599877038533183, 52.62111899166987], [-8.599836819159329, 52.62113815133994], [-8.599497295931076, 52.62129250681507], [-8.599403842580557, 52.62134577611867], [-8.59933747528808, 52.621387160801966], [-8.599308415870414, 52.62141029052753], [-8.599284425396894, 52.62142933195746], [-8.599245973398029, 52.62146331294482], [-8.599199578543214, 52.6215072390424], [-8.599137679343357, 52.62151353821041], [-8.59905575566137, 52.62151459064869], [-8.598974479369636, 52.62151113669026], [-8.598799526895831, 52.62151332437886], [-8.598592139900202, 52.62151753624175], [-8.598310276767645, 52.621526348322], [-8.59798115137833, 52.62153504775761], [-8.597726556191532, 52.621540952458844], [-8.597576780520486, 52.62154609425134], [-8.597353173592568, 52.62155222833001], [-8.597094154189808, 52.621558621363455], [-8.596810048158899, 52.621566533373354], [-8.5965318909516, 52.621575313563746], [-8.596376907154026, 52.6215786914196], [-8.596237513800018, 52.6215860083167], [-8.596044173677711, 52.62159146628153], [-8.59596660175723, 52.62173895669088], [-8.595922371456057, 52.6218174660184], [-8.595908174284403, 52.62184543666584], [-8.595873970184973, 52.62190858871272], [-8.595797345511974, 52.62202911875875], [-8.595742946072205, 52.6221157864705], [-8.595676886375877, 52.62221062908781], [-8.595617198312773, 52.62232879085945], [-8.59556168553485, 52.62239659794262], [-8.595485810363586, 52.62260621459282], [-8.595309841673016, 52.622897416320406], [-8.595266085066505, 52.622983796625135], [-8.5952356040286, 52.62306131979926], [-8.595226481068782, 52.62308451911827], [-8.595163223281837, 52.62320754318822], [-8.59509845535731, 52.62332923557179], [-8.594998964772941, 52.623496744146365], [-8.594921569078572, 52.62361634268733], [-8.594911801982628, 52.6236802885094], [-8.594892585014914, 52.623725918985485], [-8.594861007103674, 52.62377709429619], [-8.594694338180387, 52.6240609319836], [-8.594621451220778, 52.624160248387405], [-8.594561393850393, 52.62424502044772], [-8.59444583883315, 52.624487345617965], [-8.59433242279127, 52.62472738593067], [-8.59416266007868, 52.6251213881096], [-8.594038673797861, 52.625400229031534], [-8.593972536712073, 52.62554890104255], [-8.593917555825591, 52.62565430206608], [-8.593891469812295, 52.62569237180885], [-8.593801574501017, 52.62583728891452], [-8.593677861558236, 52.6260329517213], [-8.59359345952736, 52.62616477236384], [-8.59356395021276, 52.62621187429398], [-8.593455260661349, 52.62639253227078], [-8.59331813626034, 52.626653974200366], [-8.593196370768066, 52.626886936513785], [-8.593042794398594, 52.62718814313387], [-8.592933077173779, 52.62740566612354], [-8.592849874601358, 52.62757523040529], [-8.592823879421516, 52.62761689470015], [-8.59273590765078, 52.627775723947344], [-8.592661113397764, 52.6279303526603], [-8.592451153894636, 52.62836214160478], [-8.59240639702589, 52.62844089481826], [-8.592356939625356, 52.62853363909054], [-8.592371049515268, 52.62858201464161], [-8.59242393634412, 52.62871039751196], [-8.59252136505933, 52.628914669209976], [-8.592582823625683, 52.629056428434346], [-8.592637053295633, 52.629143072536365], [-8.59268950176454, 52.6292268762817], [-8.592812467802785, 52.62944388200884], [-8.592952933731215, 52.62967685284647], [-8.59311770454294, 52.62992977236526], [-8.593260212843154, 52.630157330728665], [-8.593388855820864, 52.630366622548074], [-8.593507905948469, 52.6305764835888], [-8.593606163117418, 52.630737589145504], [-8.593674489663032, 52.63084061941573], [-8.593740493119297, 52.630940066030554], [-8.593756082440725, 52.63098843398812], [-8.593764071179752, 52.631006765713636], [-8.593733975717708, 52.6315870111193], [-8.593714356174075, 52.63164253030525], [-8.593688975367304, 52.63168058743544], [-8.593655336318433, 52.631714245796715], [-8.593609705077249, 52.63174267021623], [-8.593276200310294, 52.63185271063046], [-8.593212342203737, 52.631881334018324], [-8.593161763066432, 52.631919687965706], [-8.59311484845419, 52.63197887602995], [-8.593039442696337, 52.63210290330837], [-8.592989488136196, 52.63223228592405], [-8.592971578557563, 52.632295274551716], [-8.59295950254363, 52.63235159174721], [-8.592957930734899, 52.63238065826538], [-8.592912534440483, 52.63241671216459], [-8.59279384268465, 52.63247072256419], [-8.592627333223902, 52.63254234609669], [-8.592581053687718, 52.632562261588724], [-8.592421329775947, 52.632626642405405], [-8.592201690235274, 52.63268904848859], [-8.5919909121272, 52.63275133798288], [-8.59177563381422, 52.63281188790197], [-8.5916063468896, 52.632871668508464], [-8.591508353211225, 52.632906276730246], [-8.591111054383747, 52.63307178965491], [-8.590835535428212, 52.6331810215159], [-8.590564392090867, 52.63328617727264], [-8.590312251501315, 52.63337641629484], [-8.590152668011147, 52.63342754481953], [-8.590008543550667, 52.63347589072048], [-8.589887303379086, 52.63352323269075], [-8.589631805089844, 52.63363863577451], [-8.58933583025818, 52.63376415354862], [-8.588989746309412, 52.63389978865097], [-8.58866786551779, 52.63402272809009], [-8.588524481260437, 52.63408026335717], [-8.588421754968406, 52.63412147182949], [-8.588073395297146, 52.634253070876824], [-8.58771188300074, 52.63439551989262], [-8.587361498481028, 52.63454060907485], [-8.58704435289139, 52.63468688974223], [-8.586833703915943, 52.63478769250134], [-8.586490045328825, 52.63493905544111], [-8.586117532965753, 52.63514357210896], [-8.585769917256654, 52.63533088706266], [-8.585505359411885, 52.63548857915907], [-8.585208197883276, 52.63563880076741], [-8.584929936640059, 52.63578287930892], [-8.584087650184246, 52.63622498995507], [-8.584029260998252, 52.636262497611675], [-8.583988695866347, 52.63628831371751], [-8.583864664764727, 52.63638676074025], [-8.58385452145134, 52.636395007895345], [-8.58379325591539, 52.63644176940311], [-8.583507090899943, 52.63664878242595], [-8.582858624675291, 52.63705859695965], [-8.582499163673207, 52.6372116617728], [-8.582240831721126, 52.63734148863632], [-8.581928108000426, 52.637213667785446], [-8.581675116980822, 52.637110270240335], [-8.580952045411138, 52.63676165386836], [-8.580609887447398, 52.6366206264861], [-8.580065140005521, 52.63642067521869], [-8.579797243910347, 52.63631784997091], [-8.57977744189863, 52.636309650824714], [-8.579380445559652, 52.63614922219196], [-8.57847617087675, 52.63565439491224], [-8.577250076796433, 52.635130470514746], [-8.576060078273006, 52.63466649752272], [-8.575892380889266, 52.63458285127848], [-8.5758887991329, 52.63458471035464], [-8.575319544425096, 52.63488009415608], [-8.574995369013546, 52.63499373173222], [-8.574739833295297, 52.6350107007451], [-8.57451227269154, 52.635107312178924], [-8.57427546012386, 52.63508637635472], [-8.57367702286354, 52.6352473045426], [-8.57333624119803, 52.635455213516835], [-8.574038149808992, 52.63622269960307], [-8.574080863164694, 52.636258975461665], [-8.574262508116034, 52.636403397271266], [-8.574355146337929, 52.63646136208038], [-8.574437570705479, 52.63652907452091], [-8.574522028974767, 52.63660541462954], [-8.574621405770435, 52.63667133699888], [-8.574682912465056, 52.636687307206714], [-8.574761896097765, 52.63670659910666], [-8.575093923426422, 52.63689666879705], [-8.575173159365606, 52.63694641995165], [-8.575252315881961, 52.63701262869408], [-8.575321058297824, 52.63710710167037], [-8.575441997927284, 52.63732990522211], [-8.575562148340756, 52.63754876669197], [-8.575840234489597, 52.637960869238306], [-8.575876792385328, 52.638022071459794], [-8.575942424678399, 52.63817199792171], [-8.575998605493481, 52.6383447102393], [-8.576056592658203, 52.638519930418624], [-8.576089448759733, 52.638592826137454], [-8.576117939714807, 52.638658462691616], [-8.576224512394292, 52.63896788187926], [-8.576317797485652, 52.639186873182204], [-8.576399517791316, 52.63933528301936], [-8.576436578199656, 52.639390730215965], [-8.576480023906997, 52.63944748556554], [-8.576490955582969, 52.63945521609373], [-8.57652653890002, 52.63948033553988], [-8.576562402383926, 52.63950091461104], [-8.576623326348571, 52.639505921141385], [-8.576711866044592, 52.63948743310914], [-8.576803019946993, 52.63946550781082], [-8.576824934162614, 52.639457869088076], [-8.577127981927607, 52.6393522301136], [-8.577363615941007, 52.63928628683109], [-8.57759545018782, 52.6392246848866], [-8.577827585444815, 52.639151216697734], [-8.577998353183308, 52.63909628431577], [-8.578096580251758, 52.63906183901335], [-8.578135737211145, 52.639052030677355], [-8.578226519469153, 52.63902445256343], [-8.578297520083176, 52.639110176325715], [-8.578400297463961, 52.639220219591984], [-8.578468284722499, 52.63935746888652], [-8.57855440925178, 52.63950315931092], [-8.578712330440448, 52.63979470881162], [-8.578862214241697, 52.64015999095979], [-8.578989455407346, 52.64047756674045], [-8.579102271652964, 52.64070966394285], [-8.579183137538378, 52.64087075825995], [-8.579249826306787, 52.64105473367121], [-8.579314556141581, 52.64117986441135], [-8.579359390388184, 52.64128649597336], [-8.579416294349688, 52.64140078929325], [-8.579570573449082, 52.64161705293157], [-8.579651507753336, 52.64169700184013], [-8.579685178174156, 52.64172803488717], [-8.57942211857695, 52.641840414648975], [-8.578685639720332, 52.6421587056189], [-8.578288194553844, 52.64233095277308], [-8.577856145584969, 52.64253270455033], [-8.577599244209752, 52.642652276645066], [-8.577354326367086, 52.64277533110796], [-8.577009974703408, 52.64293963039399], [-8.576987831042683, 52.64295129693617], [-8.576980095575562, 52.64298104032471], [-8.577001089651784, 52.643001035525735], [-8.577001177925498, 52.64300111868537], [-8.57702227783579, 52.643021182575744], [-8.577066868668593, 52.64307479525571], [-8.577081475800057, 52.64311920630386], [-8.577079330090491, 52.643236844221825], [-8.577091566242785, 52.64336942224956], [-8.577103374468994, 52.64349193566844], [-8.577124115573417, 52.64363076394676], [-8.577147728378392, 52.64375312998181], [-8.577186942210073, 52.64387302019345], [-8.577198366611054, 52.6439079822401], [-8.577232439205654, 52.64403802708175], [-8.577281392739447, 52.644210773852066], [-8.577329564671059, 52.6443353571037], [-8.577368216899531, 52.64444281942052], [-8.577386374379724, 52.64452001075047], [-8.577443136059046, 52.64480307545215], [-8.577449587405349, 52.64493387498966], [-8.577420197179721, 52.64505847660634], [-8.577454420432009, 52.64512130752104], [-8.577498184938767, 52.64519163295342], [-8.577531883817844, 52.64523819791644], [-8.577581454019302, 52.645288190875355], [-8.577622518956876, 52.645355473460434], [-8.577646646750175, 52.64542590354178], [-8.577663932641567, 52.6455277175065], [-8.5776823445406, 52.645624142098725], [-8.57765292768298, 52.64567829506729], [-8.577584001361183, 52.64572045272997], [-8.577617379332247, 52.645777391510784], [-8.577651598546675, 52.645808449407106], [-8.577746407647474, 52.64581623828797], [-8.577881734086988, 52.64582839547143], [-8.577957049720133, 52.64566225142005], [-8.578020009674544, 52.64558565323157], [-8.578097529605003, 52.64552623216607], [-8.5785382996113, 52.64526206857411], [-8.5788509365982, 52.64513013326096], [-8.57914767745401, 52.64497960649561], [-8.579473172115035, 52.64508287955373], [-8.579572659704827, 52.64502102216412], [-8.579877355114212, 52.64482416586822], [-8.579940084463303, 52.64477516127905], [-8.580114078155795, 52.644771613177404], [-8.580351481825785, 52.644760473910495], [-8.580458683837206, 52.64478924109951], [-8.58047964726965, 52.64479445937294], [-8.580501515125322, 52.64479990690307], [-8.581312394585526, 52.64499749923663], [-8.581752912525053, 52.64510595411643], [-8.582519522087493, 52.645318397169476], [-8.582515824466425, 52.6453626278818], [-8.582491340569634, 52.645398332182296], [-8.58229036037939, 52.64566099990326], [-8.582067973356086, 52.645939825189515], [-8.582002898963795, 52.64598577746792], [-8.581927382009306, 52.646052148056334], [-8.581851905068177, 52.64609816931084], [-8.581771265949776, 52.64615608016947], [-8.5810500807172, 52.64682744433833], [-8.581014405759852, 52.646889718123205], [-8.580921061100874, 52.64704842044981], [-8.580852722548427, 52.64713151797122], [-8.580806510563951, 52.64721163080955], [-8.580768619769618, 52.64729520821018], [-8.5807177592609, 52.64747176824433], [-8.580577171577024, 52.6478728774241], [-8.58040732299613, 52.64823953449162], [-8.580190296589766, 52.6486651056411], [-8.580067344384423, 52.64878470112006], [-8.579965698023901, 52.64911513410209], [-8.579867066554991, 52.64967358948765], [-8.57985368108336, 52.649763248434084], [-8.579852935862828, 52.64979070175855], [-8.579865701446858, 52.649829575772664], [-8.579916228512324, 52.649816133981396], [-8.580484941296021, 52.64967056447021], [-8.58052644607398, 52.649659934949526], [-8.580731700498374, 52.64960617806933], [-8.581112368315205, 52.64951077274598], [-8.581135690750553, 52.64950424985546], [-8.581699726466537, 52.64934650056326], [-8.582306219770029, 52.64917790701904], [-8.582440083350328, 52.64910467018029], [-8.582598459204153, 52.64923236768828], [-8.582623690746626, 52.64925943266843], [-8.582638269467926, 52.649340038254074], [-8.582659711403949, 52.64942887915176], [-8.582687272383344, 52.64947219215245], [-8.582738601942037, 52.649523657327194], [-8.582813818814085, 52.649597753903535], [-8.582895925666348, 52.64965873884413], [-8.582942279001204, 52.64970047630955], [-8.582972641231253, 52.64974658874076], [-8.582996838252152, 52.649811390807], [-8.583006649681625, 52.64992350513674], [-8.58296598817692, 52.65000640475248], [-8.582939958001177, 52.65004046290817], [-8.58284315149981, 52.650181081646416], [-8.582788932137664, 52.65026691508404], [-8.582767758379273, 52.65030389741567], [-8.582756459954535, 52.650360020789456], [-8.582976714627657, 52.65047511773554], [-8.583025447148728, 52.65051343696779], [-8.583217953342942, 52.6507454973924], [-8.583454995480082, 52.65095463428028], [-8.58354562172123, 52.65111799629054], [-8.583593954995873, 52.651248337484205], [-8.583676364532613, 52.65141275550841], [-8.583671023976205, 52.65146451734931], [-8.583684373119256, 52.651566898029735], [-8.583620482988943, 52.65183104055285], [-8.583627366737122, 52.65187185758962], [-8.583648292888574, 52.651908399033985], [-8.583696883830077, 52.651969215909624], [-8.583887700063823, 52.652105838848264], [-8.58396189661125, 52.65218384952958], [-8.584097707175129, 52.65234828271823], [-8.584191619939455, 52.65253161755257], [-8.58420914496873, 52.6526045505198], [-8.584217237850707, 52.65271607097331], [-8.58427261681749, 52.652903469564954], [-8.584359607957238, 52.653116229476986], [-8.58444339135897, 52.653228023797354], [-8.584565683362186, 52.65335919521261], [-8.584722600178855, 52.65360189981076], [-8.584610160534599, 52.65369199401841], [-8.584536142234706, 52.653831530914935], [-8.584504364711215, 52.65390238806583], [-8.584493409761786, 52.654048444831574], [-8.584485715260541, 52.65427829057473], [-8.584502430470513, 52.65449543257696], [-8.584374269674706, 52.65452291207174], [-8.584304547872117, 52.65457580029311], [-8.58424974234857, 52.65466330900733], [-8.584242854240005, 52.654737548728505], [-8.584239638104368, 52.654788994498], [-8.584215129998382, 52.65482427676882], [-8.584184032929066, 52.65484869793593], [-8.58417293481471, 52.65485548473026], [-8.584029395086553, 52.654876945722236], [-8.583949166908248, 52.65496779731404], [-8.583707562845381, 52.65529797000163], [-8.583425098527666, 52.65567672627098], [-8.58335082531797, 52.65575767020264], [-8.583162532909306, 52.655888429983435], [-8.582928434683364, 52.656024762695644], [-8.58241066594816, 52.656217829067344], [-8.582081386578384, 52.656368298705424], [-8.581938857658097, 52.65638173479976], [-8.58180297484179, 52.65640146571592], [-8.581743150897692, 52.65642435546888], [-8.581664099422603, 52.65646968397339], [-8.58156735300904, 52.65652041122496], [-8.581447698656948, 52.65656797912354], [-8.581282240335053, 52.6566357431223], [-8.581265233008533, 52.656659546127315], [-8.58122235475213, 52.65676101632378], [-8.581166894805568, 52.65689346725435], [-8.58112767854008, 52.656991351179435], [-8.581095234683449, 52.657073850214594], [-8.581071987492146, 52.65712759616908], [-8.581035726030747, 52.6572075702723], [-8.581010585237923, 52.65724782537695], [-8.580977500336147, 52.657297610849405], [-8.58093992234774, 52.657347427324986], [-8.580912158336144, 52.65737936330154], [-8.580839724286582, 52.65744462136718], [-8.580765313269847, 52.65751352026598], [-8.580481437656616, 52.657633616816334], [-8.579827138687877, 52.65790960846746], [-8.579677115750322, 52.657984934555905], [-8.579621881671473, 52.65802653196336], [-8.579578608401112, 52.65804264353369], [-8.579110946511772, 52.65815236435307], [-8.579014065811178, 52.6581755326532], [-8.57882877465905, 52.6582174594325], [-8.578696448410946, 52.6582507234405], [-8.578554599798327, 52.658282640631896], [-8.578357553944524, 52.658387082314206], [-8.578376797690696, 52.65841832089409], [-8.578396758898412, 52.658453519718236], [-8.578419087023564, 52.65848885978453], [-8.578440247491574, 52.65851524441689], [-8.5785761630711, 52.65872352716001], [-8.578598828637178, 52.65875977334139], [-8.57862295252906, 52.658795634898446], [-8.578633579608624, 52.65899594557054], [-8.578635854324322, 52.65905290998138], [-8.578636369818323, 52.65909082822554], [-8.579015008621996, 52.659208934031795], [-8.57918860649901, 52.65932207276036], [-8.579302908853473, 52.659458160066144], [-8.579313657026901, 52.659501906500125], [-8.579326268173801, 52.65954904132495], [-8.579338644770283, 52.659587377952896], [-8.579347590152397, 52.65960992129924], [-8.579363128242727, 52.65963582092702], [-8.579379919184671, 52.659663682820025], [-8.579420960574467, 52.659692172164284], [-8.57945097801786, 52.65971755158539], [-8.579527822379784, 52.6597372013173], [-8.579585332426598, 52.65975239757885], [-8.579636819092993, 52.65976369547594], [-8.579693987268142, 52.659777626035975], [-8.579722652523827, 52.659797987659104], [-8.579747853540432, 52.65982018181603], [-8.57974757124575, 52.659880403409915], [-8.579745929404963, 52.65993506802517], [-8.579740386622964, 52.65997755488225], [-8.579483623427947, 52.660332851508414], [-8.579483403121927, 52.66035531382409], [-8.57948450816996, 52.66037292507854], [-8.579524872138707, 52.66040825763407], [-8.579599072173206, 52.660437995899834], [-8.580059134955318, 52.660618994277115], [-8.580121792373987, 52.66066782548444], [-8.58012987230561, 52.660708690733316], [-8.58012192046176, 52.66072104334056], [-8.580061723717307, 52.66081454447582], [-8.580048096311918, 52.660837009492965], [-8.58001555648745, 52.6608668384314], [-8.57999859691154, 52.66091340783127], [-8.57997379475632, 52.66097389321778], [-8.57997036128715, 52.6609871045357], [-8.579969814133083, 52.66098921042626], [-8.579956784204652, 52.66102890267642], [-8.580066189693394, 52.661151890572505], [-8.580119174618712, 52.66126505193529], [-8.580220274557716, 52.661390354326755], [-8.580237220808142, 52.66146668809776], [-8.58020246614292, 52.6615313387964], [-8.579818546467427, 52.66164372620795], [-8.579764245036658, 52.66164666131455], [-8.579673397281983, 52.66164369920327], [-8.579326429330902, 52.66163741430494], [-8.579268076414232, 52.661643622676266], [-8.579236044397746, 52.6616504483938], [-8.579189855173423, 52.661667670602824], [-8.579158651726019, 52.66168238379186], [-8.579138145928463, 52.66169896814977], [-8.579123702693462, 52.66171009407476], [-8.579114226092132, 52.66172008120656], [-8.579102898779293, 52.66176675776913], [-8.579097089681722, 52.66179139553927], [-8.57909265207734, 52.66181019333845], [-8.579083023159018, 52.66185451570873], [-8.579079555923872, 52.661867322699216], [-8.579125448189854, 52.66204011016703], [-8.57914444229333, 52.66207242839784], [-8.579175130145941, 52.66212045458703], [-8.579209309607917, 52.662166459360684], [-8.579382330152791, 52.66227447199278], [-8.5793833776971, 52.662275101430794], [-8.579427062952435, 52.662281997442214], [-8.579498302267435, 52.66229218317586], [-8.579575117371911, 52.66230033725671], [-8.579652411788993, 52.662310974149854], [-8.579653771306724, 52.662311160744586], [-8.580083702745076, 52.66247470769788], [-8.58019814180814, 52.66250530023741], [-8.580370235541544, 52.662505785181615], [-8.580371712395882, 52.662505789634146], [-8.58048539682685, 52.66256643276932], [-8.580712018136046, 52.662748356014085], [-8.580821978176223, 52.662873659399374], [-8.580862772127194, 52.66290147264665], [-8.580864791983263, 52.66290284960917], [-8.581140618816987, 52.66284271446198], [-8.581142512937173, 52.66284230160928], [-8.58118237485486, 52.662886318547265], [-8.581129157971393, 52.6629343511802], [-8.581024978494119, 52.663016500750174], [-8.581007227306188, 52.66305017625371], [-8.581002734499972, 52.66314725164297], [-8.581011680310471, 52.663160788788154], [-8.581071985839774, 52.66318653162781], [-8.581073631624431, 52.66318723361777], [-8.581142721292052, 52.66320239032846], [-8.581226116973145, 52.66319719072972], [-8.581469599635287, 52.663147604563825], [-8.581497253447223, 52.663151341854466], [-8.581500210910177, 52.66315174169489], [-8.581515614931886, 52.66321858242508], [-8.581547069639955, 52.663269552327776], [-8.581618745084013, 52.66331766617444], [-8.5816191284188, 52.66331792315019], [-8.581706214709184, 52.663344612811855], [-8.581923505101543, 52.66337649645543], [-8.582029397230354, 52.66338549486847], [-8.582160328456128, 52.663389786274706], [-8.582243887976572, 52.66339133520918], [-8.582312568958919, 52.66340460664704], [-8.582315147837008, 52.66340510539858], [-8.582331539691621, 52.663442729885986], [-8.582336494240767, 52.66353076183145], [-8.582354471563823, 52.66357755536175], [-8.582530051176803, 52.66378663624274], [-8.58283646519082, 52.663837997736756], [-8.582852135681215, 52.663811351889656], [-8.582900834487527, 52.66380824519118], [-8.582960026009491, 52.663823886345455], [-8.582961807739581, 52.66382435754555], [-8.582991164422875, 52.66384748330261], [-8.582991127457687, 52.66387803399145], [-8.582948828214397, 52.66393546919871], [-8.582912173679242, 52.66398161455564], [-8.582911409623087, 52.66401307661641], [-8.582927599804156, 52.664042154340684], [-8.58293640327291, 52.66405093464605], [-8.582937428050178, 52.664051956944], [-8.58302761976746, 52.6640529963394], [-8.58311539475089, 52.664044619053605], [-8.583225086993911, 52.66399246073925], [-8.583261267098584, 52.66395845153686], [-8.5832816876161, 52.66394660361224], [-8.583357812763273, 52.663945968293085], [-8.583438244349948, 52.663965876468495], [-8.583440308982683, 52.66396638761396], [-8.583469519324062, 52.66401513002042], [-8.583462330336165, 52.6640569869788], [-8.583451713748751, 52.66411010490621], [-8.583452785352726, 52.66415726910926], [-8.58349109123096, 52.66421627606843], [-8.583689860265865, 52.66453861677729], [-8.583776891452334, 52.664618917326365], [-8.583778183132427, 52.66462010817721], [-8.584185338024117, 52.66452837575719], [-8.584423959302402, 52.664657084397334], [-8.584808120629116, 52.664769913417246], [-8.584961828754606, 52.664847719750334], [-8.585113414125459, 52.664919298632014], [-8.585264918691985, 52.66498589831936], [-8.5853673319087, 52.66503402708646], [-8.585395982670878, 52.665045102710565], [-8.585434804013433, 52.66505613707883], [-8.585471470539737, 52.66505969500311], [-8.585542691315634, 52.66505809382161], [-8.585876347757184, 52.66504522782489], [-8.585919078413069, 52.665040154035765], [-8.586103922742385, 52.66501179947233], [-8.586265030200078, 52.66503469526045], [-8.586295723245609, 52.665047018897454], [-8.586315005714358, 52.66506095391315], [-8.586316279061215, 52.66506187338691], [-8.586332936743975, 52.66508923160912], [-8.586327282100928, 52.665122928954204], [-8.586347830210038, 52.66544206614138], [-8.586360541541492, 52.66547942065673], [-8.586366863833847, 52.665495603885134], [-8.58640289198489, 52.66552819709591], [-8.586342193198362, 52.66577642384735], [-8.586276054477853, 52.665854066533484], [-8.58624392158264, 52.665886645499086], [-8.586167511935303, 52.66595686982623], [-8.58613734614823, 52.66597957910431], [-8.586119432320613, 52.66601083837188], [-8.58610982896372, 52.66605329164642], [-8.586106149276189, 52.666083240165214], [-8.58611255296198, 52.666104402401956], [-8.586190710750252, 52.666317267168814], [-8.586207418748197, 52.66634835520991], [-8.58624037154849, 52.6663781225436], [-8.586282941579025, 52.66641475053771], [-8.586097186281826, 52.666778009469695], [-8.58606100790429, 52.66677237307589], [-8.585797693829605, 52.6667651540863], [-8.585783946851977, 52.66681065679183], [-8.585778434702101, 52.66686058587414], [-8.585728118279697, 52.66689111539529], [-8.585675572403437, 52.66692076609123], [-8.585557893706348, 52.6669464872026], [-8.585443498591877, 52.66695462926318], [-8.58531556665188, 52.66695212426907], [-8.585111295532384, 52.666941259605906], [-8.584971635754865, 52.66694288373811], [-8.584931138720327, 52.666950408891445], [-8.584899767537982, 52.66696819832738], [-8.584879832349555, 52.667002073918916], [-8.584881033686912, 52.667022291177034], [-8.584919036845129, 52.66706825744114], [-8.584976415367446, 52.667120347820145], [-8.585002953152673, 52.66715023703559], [-8.585010413398527, 52.66718522677159], [-8.585003645350714, 52.66721314120939], [-8.584964844024649, 52.66722920567032], [-8.58491451731522, 52.66722692839178], [-8.584852584749003, 52.6672013842871], [-8.584852459524948, 52.66720130670869], [-8.584800856994697, 52.6671694621895], [-8.584733994930879, 52.667122388923076], [-8.584696591114225, 52.66710248508336], [-8.58469630107332, 52.66710246494276], [-8.58465585257855, 52.66709968402649], [-8.584445521843977, 52.667309523504066], [-8.58438962743779, 52.66738638655571], [-8.584320848825698, 52.66748269140365], [-8.584302519856006, 52.667500703998776], [-8.584283987019615, 52.667518951286105], [-8.584212531804233, 52.66752988248666], [-8.584089271418492, 52.667538561277254], [-8.584004311991183, 52.66754017534302], [-8.583959692320088, 52.667561229562274], [-8.583886922103417, 52.667612164007885], [-8.58386923880341, 52.66764646874604], [-8.583987652734036, 52.66771782596554], [-8.58404174097285, 52.66775601945262], [-8.584074948090718, 52.66781819714847], [-8.584124714798701, 52.66789373939461], [-8.584159921543549, 52.66853157580148], [-8.584136870158728, 52.668590192823345], [-8.584138884640073, 52.66864590899179], [-8.584496333530298, 52.66876198952682], [-8.58460617902257, 52.668780376681376], [-8.584795637087208, 52.668822827525226], [-8.58495623808523, 52.66886326334832], [-8.585066406604305, 52.66889694619503], [-8.585125528207051, 52.668928804706894], [-8.585197942837086, 52.66895965380994], [-8.585247953149075, 52.668981256905916], [-8.585284047033047, 52.668992059416205], [-8.585284440404964, 52.668992177015184], [-8.585351027895989, 52.66899520972736], [-8.58539638766704, 52.668974160323764], [-8.585428802813, 52.66893704123623], [-8.585451725019722, 52.66890537985401], [-8.58546909493736, 52.668888612178066], [-8.585516841154382, 52.668884178888064], [-8.585517041975377, 52.66888415991984], [-8.585698857815624, 52.66897970371189], [-8.585846891238289, 52.668922724701616], [-8.585945684405464, 52.66887965082255], [-8.586020594113922, 52.66882510032466], [-8.586077070762535, 52.66880619777353], [-8.586128779143781, 52.668804414104706], [-8.586166498574048, 52.668817472405614], [-8.586166789709385, 52.66881757342995], [-8.586177737940803, 52.66884353977857], [-8.586176308759516, 52.668878159945024], [-8.586169325930786, 52.668891092374416], [-8.586148868390865, 52.66892680432038], [-8.586113392656916, 52.66896828897184], [-8.586072105812141, 52.669011941509545], [-8.586035338154447, 52.66904417480223], [-8.585885626094388, 52.66919563605327], [-8.585873997624235, 52.66923708364133], [-8.585957883096789, 52.66938152086068], [-8.586015426833848, 52.669506422341335], [-8.58604679563686, 52.669552447996956], [-8.586086170034317, 52.66959345466255], [-8.586111715245433, 52.66964402111262], [-8.586132251861635, 52.66973462725418], [-8.58616390540262, 52.669890297046635], [-8.586213281713363, 52.669918545060874], [-8.586232054709265, 52.66992927385859], [-8.586270051740716, 52.669942451193386], [-8.586328176289353, 52.66996261155737], [-8.58683316116883, 52.670062621469654], [-8.586931586125527, 52.67006808423063], [-8.587190831361301, 52.67010998791708], [-8.587441883285448, 52.67019236721545], [-8.588387342723497, 52.6705025947122], [-8.58826816508093, 52.6705857417716]]]}}, {"type": "Feature", "properties": {"code": "5", "nbhd": "Southhill", "eds": "GALVONE A, GALVONE B, LIMERICK SOUTH RURAL, RATHBANE"}, "geometry": {"type": "Polygon", "coordinates": [[[-8.627679675614102, 52.645800262885544], [-8.627534165346123, 52.64602119787966], [-8.627405516067224, 52.646217460869664], [-8.627180885642488, 52.64657477776702], [-8.627149590425274, 52.646634921204], [-8.627096305087454, 52.64673733534345], [-8.627052281461237, 52.64682193989962], [-8.627017931231007, 52.646872050733215], [-8.6269824954445, 52.6469237581992], [-8.626518245783133, 52.64760107844446], [-8.6264803047397, 52.64765645716572], [-8.626436413558018, 52.647720486945474], [-8.62613978005189, 52.64814991661494], [-8.62609756899183, 52.6482126610699], [-8.626071709857124, 52.64825110509915], [-8.62600580980552, 52.6483490553394], [-8.62591948776039, 52.64848230193429], [-8.625497616164408, 52.6485442376217], [-8.625484160483989, 52.64862759264234], [-8.625312798219278, 52.64865173132442], [-8.625015685732087, 52.648693268964095], [-8.624811572653917, 52.648719341326135], [-8.624632157991597, 52.648740537420146], [-8.624455831872627, 52.64875551515872], [-8.624246522506757, 52.64876438368748], [-8.624099962951014, 52.648765083739455], [-8.62393407670982, 52.648761849700875], [-8.62380757168224, 52.648750130064556], [-8.623618778160688, 52.64872914777181], [-8.623454521092256, 52.648709528120875], [-8.622914529147492, 52.64861699484033], [-8.622627381180626, 52.64856532115936], [-8.622339043667248, 52.64851204415603], [-8.622106121044103, 52.648477269723756], [-8.62183040317332, 52.648443645184294], [-8.621591478358692, 52.64841594792912], [-8.621350554727687, 52.64856624355732], [-8.62132077442617, 52.64858483435038], [-8.621016427181651, 52.648778317196665], [-8.620843568734106, 52.64889214975717], [-8.620770708354959, 52.64894310674102], [-8.62061603575569, 52.64905127195746], [-8.620560828469177, 52.64909854200518], [-8.620477588798275, 52.64915848825349], [-8.620246441670027, 52.64931512995591], [-8.619941486047198, 52.64951957869229], [-8.619606498738523, 52.64973977805328], [-8.619539957278242, 52.6497841138317], [-8.61951919691533, 52.649797947230944], [-8.619397650543576, 52.64987894541037], [-8.619193852579205, 52.65001896684144], [-8.61894723593482, 52.650183839023356], [-8.61869137759103, 52.650355814609554], [-8.618478754301261, 52.65049807396698], [-8.618244682331483, 52.65065581452614], [-8.618061758197404, 52.650781065447845], [-8.617975804882875, 52.650839783699695], [-8.617654593848348, 52.651134974396726], [-8.617481847543763, 52.6512989550982], [-8.617311867888581, 52.65145589241857], [-8.61715927735649, 52.651599903894144], [-8.617022490854836, 52.65172650378691], [-8.616915295234946, 52.65181137043605], [-8.616859767938431, 52.65185533275925], [-8.616781254309807, 52.651915773071295], [-8.616642739031384, 52.65202153806374], [-8.616434935859477, 52.65218495359703], [-8.616074492595986, 52.65246840774709], [-8.61610791786105, 52.65252793305735], [-8.61612589648205, 52.65255996312074], [-8.616166871532538, 52.65263296729118], [-8.616260856021835, 52.65280865468903], [-8.616288763776327, 52.65286990739236], [-8.616338313509523, 52.65295356276853], [-8.61651622774392, 52.653253928015786], [-8.616634148236985, 52.653436267619945], [-8.616701716988345, 52.653535765010204], [-8.616735225553306, 52.653582185028604], [-8.616792020362455, 52.6536564818267], [-8.616847373713258, 52.65372285858106], [-8.61687093156959, 52.65375112941811], [-8.616918916847956, 52.65380434094806], [-8.617029456671554, 52.65391362720704], [-8.617118901160355, 52.65400576603213], [-8.61721216117155, 52.65410433838479], [-8.617399710660184, 52.65430522554889], [-8.617453995094229, 52.65439736752571], [-8.617136880647283, 52.654436616619634], [-8.616950905102854, 52.65445773630087], [-8.6167556856706, 52.65447736683037], [-8.61648599744131, 52.654497573200295], [-8.616214801369416, 52.65451672619866], [-8.615409932712797, 52.654543711417936], [-8.615287933468897, 52.654520229778235], [-8.614838689970103, 52.6544367608178], [-8.614442554858176, 52.65436292870345], [-8.614283458013347, 52.65433200745926], [-8.614188836432211, 52.654315132850016], [-8.614113477261764, 52.65430170865408], [-8.61403711902521, 52.65443639573795], [-8.613973042463108, 52.65455102957413], [-8.61383825164317, 52.65452278609646], [-8.613345876208648, 52.65441645969938], [-8.61284642577159, 52.654308600319986], [-8.611823047990331, 52.654087594376186], [-8.611357985002039, 52.65398283814979], [-8.611050099535808, 52.65390292184621], [-8.610217495438812, 52.65368667872423], [-8.610060454138857, 52.65364589116027], [-8.60953889697928, 52.653510301766254], [-8.608781618270255, 52.653311665207085], [-8.608257334407375, 52.65317284846827], [-8.607805853553, 52.65303903992067], [-8.60729708474297, 52.652878181403224], [-8.606571241951473, 52.65264063986053], [-8.606355384841493, 52.65256773638862], [-8.606106055082213, 52.65248855924811], [-8.606331692217356, 52.65269584835244], [-8.606187140069373, 52.65265564699699], [-8.606127315860078, 52.65263982831926], [-8.606078129752259, 52.65262271484584], [-8.605911572867278, 52.65256657292037], [-8.605666811404111, 52.65248423464846], [-8.605631868601357, 52.65247643178492], [-8.605606354754828, 52.65246860769085], [-8.60552372834111, 52.65244008818308], [-8.605455711177825, 52.65241636553697], [-8.605183969994169, 52.65232158973589], [-8.604961682938525, 52.65224405173463], [-8.60494347722665, 52.65223779906301], [-8.604713664461789, 52.652158905856105], [-8.604594273797915, 52.65211791803194], [-8.6042589862033, 52.652002809611226], [-8.604091261351067, 52.65194522400047], [-8.60358362278016, 52.65177651515765], [-8.6035418110102, 52.65176244599643], [-8.603518663062928, 52.651754654344806], [-8.60271413013479, 52.65148261605551], [-8.60232950043603, 52.6513520958313], [-8.601843377320739, 52.65118327018653], [-8.601686005322275, 52.651197911010435], [-8.601476926895128, 52.651126770860046], [-8.601412892832348, 52.651106522057056], [-8.601286431910207, 52.650991405858484], [-8.600781430906071, 52.65082268063589], [-8.600125811947263, 52.650605614045666], [-8.59977409802642, 52.65048610904705], [-8.599326345337655, 52.65033676285647], [-8.599222546498858, 52.650300472450034], [-8.599097398967604, 52.65025815100096], [-8.598863436452236, 52.65017902476629], [-8.598546456530784, 52.65007340699423], [-8.598530690872439, 52.65006821958828], [-8.598299566640469, 52.64999225071098], [-8.598040311490278, 52.64990701279652], [-8.597819664698811, 52.649830882251464], [-8.597561390491247, 52.64974482941197], [-8.59743002741094, 52.64969947259987], [-8.596840591531809, 52.6495064029867], [-8.595836279314307, 52.64917122984884], [-8.59547543399288, 52.64905120974898], [-8.595364411057801, 52.64901355012318], [-8.595306108491544, 52.64899377256439], [-8.595278234547827, 52.64898272238504], [-8.594995645286245, 52.6488879417974], [-8.59486429215028, 52.648844020193785], [-8.59467895524214, 52.648780523605815], [-8.594255454918274, 52.64862980520524], [-8.59379843456535, 52.648467703535076], [-8.593753087705474, 52.64845402613998], [-8.593738741829952, 52.64846738245223], [-8.593271369097534, 52.64830334424779], [-8.592898483607172, 52.648189111007504], [-8.59268654841834, 52.64812533991862], [-8.592126121436474, 52.6479641534166], [-8.591709791393614, 52.64784198129632], [-8.591229270352185, 52.64771771019294], [-8.591176015246484, 52.647702660134904], [-8.590942880150603, 52.6476367896038], [-8.5902365616065, 52.648584906584794], [-8.590208898995574, 52.64861029197254], [-8.590164775720318, 52.648640226424064], [-8.590013294418217, 52.64962353417216], [-8.58999636926711, 52.64988346472953], [-8.589886180159542, 52.651061743296864], [-8.589875483889061, 52.65117622415437], [-8.589751653262423, 52.65239668849747], [-8.589673736773353, 52.653289801902204], [-8.589671995665366, 52.6533053959407], [-8.589552181707052, 52.65438140080109], [-8.589519719080485, 52.65474906786933], [-8.589482061059822, 52.655175551927165], [-8.589447441960546, 52.6555675874072], [-8.58937779043936, 52.65635622626636], [-8.589362641760074, 52.6565366927831], [-8.589337595467558, 52.656834961611985], [-8.589287969551476, 52.657425825395904], [-8.589275112480838, 52.65754911616354], [-8.589161174850625, 52.65864044226917], [-8.589135461751631, 52.65890919734941], [-8.589128501526803, 52.658981900711225], [-8.589023186961594, 52.66008183907714], [-8.588955715143788, 52.66082573248337], [-8.588923000370846, 52.6611864434387], [-8.588863276720303, 52.6618043569967], [-8.588806510306647, 52.662391642325815], [-8.588735215917376, 52.66310912031983], [-8.588758662864144, 52.66333912591964], [-8.588791148101702, 52.66361794586094], [-8.588793398421242, 52.663651190613095], [-8.588772236426415, 52.66395425726861], [-8.588764644193217, 52.6642693454748], [-8.588761280719556, 52.664768201080435], [-8.588742108811802, 52.66522270705693], [-8.588726508086452, 52.66544573404857], [-8.588725737049899, 52.66563808293341], [-8.588727135585136, 52.66586096255227], [-8.588704475960425, 52.666130798577925], [-8.588680701833962, 52.66680509496149], [-8.588665508569845, 52.667368759261535], [-8.588648784978783, 52.66773605047626], [-8.588638051140478, 52.66816842158948], [-8.588636849913204, 52.66821655873773], [-8.5886146014122, 52.66847200267441], [-8.588605205689342, 52.668708013452076], [-8.588584872099615, 52.668982763238645], [-8.588583146312216, 52.6693274647213], [-8.58857765515039, 52.66941064971335], [-8.588573025299075, 52.66949961875083], [-8.588573416321335, 52.66951331464399], [-8.58858185705257, 52.66952970294043], [-8.589162285931744, 52.67001958173401], [-8.589013717463164, 52.670085106210806], [-8.588760242009704, 52.67025038005024], [-8.588506827730258, 52.67041924826701], [-8.588408153436738, 52.670488081714744], [-8.588387342723497, 52.6705025947122], [-8.587441883285448, 52.67019236721545], [-8.587190831361301, 52.67010998791708], [-8.586931586125527, 52.67006808423063], [-8.58683316116883, 52.670062621469654], [-8.586328176289353, 52.66996261155737], [-8.586270051740716, 52.669942451193386], [-8.586232054709265, 52.66992927385859], [-8.586213281713363, 52.669918545060874], [-8.58616390540262, 52.669890297046635], [-8.586132251861635, 52.66973462725418], [-8.586111715245433, 52.66964402111262], [-8.586086170034317, 52.66959345466255], [-8.58604679563686, 52.669552447996956], [-8.586015426833848, 52.669506422341335], [-8.585957883096789, 52.66938152086068], [-8.585873997624235, 52.66923708364133], [-8.585885626094388, 52.66919563605327], [-8.586035338154447, 52.66904417480223], [-8.586072105812141, 52.669011941509545], [-8.586113392656916, 52.66896828897184], [-8.586148868390865, 52.66892680432038], [-8.586169325930786, 52.668891092374416], [-8.586176308759516, 52.668878159945024], [-8.586177737940803, 52.66884353977857], [-8.586166789709385, 52.66881757342995], [-8.586166498574048, 52.668817472405614], [-8.586128779143781, 52.668804414104706], [-8.586077070762535, 52.66880619777353], [-8.586020594113922, 52.66882510032466], [-8.585945684405464, 52.66887965082255], [-8.585846891238289, 52.668922724701616], [-8.585698857815624, 52.66897970371189], [-8.585517041975377, 52.66888415991984], [-8.585516841154382, 52.668884178888064], [-8.58546909493736, 52.668888612178066], [-8.585451725019722, 52.66890537985401], [-8.585428802813, 52.66893704123623], [-8.58539638766704, 52.668974160323764], [-8.585351027895989, 52.66899520972736], [-8.585284440404964, 52.668992177015184], [-8.585284047033047, 52.668992059416205], [-8.585247953149075, 52.668981256905916], [-8.585197942837086, 52.66895965380994], [-8.585125528207051, 52.668928804706894], [-8.585066406604305, 52.66889694619503], [-8.58495623808523, 52.66886326334832], [-8.584795637087208, 52.668822827525226], [-8.58460617902257, 52.668780376681376], [-8.584496333530298, 52.66876198952682], [-8.584138884640073, 52.66864590899179], [-8.584136870158728, 52.668590192823345], [-8.584159921543549, 52.66853157580148], [-8.584124714798701, 52.66789373939461], [-8.584074948090718, 52.66781819714847], [-8.58404174097285, 52.66775601945262], [-8.583987652734036, 52.66771782596554], [-8.58386923880341, 52.66764646874604], [-8.583886922103417, 52.667612164007885], [-8.583959692320088, 52.667561229562274], [-8.584004311991183, 52.66754017534302], [-8.584089271418492, 52.667538561277254], [-8.584212531804233, 52.66752988248666], [-8.584283987019615, 52.667518951286105], [-8.584302519856006, 52.667500703998776], [-8.584320848825698, 52.66748269140365], [-8.58438962743779, 52.66738638655571], [-8.584445521843977, 52.667309523504066], [-8.58465585257855, 52.66709968402649], [-8.58469630107332, 52.66710246494276], [-8.584696591114225, 52.66710248508336], [-8.584733994930879, 52.667122388923076], [-8.584800856994697, 52.6671694621895], [-8.584852459524948, 52.66720130670869], [-8.584852584749003, 52.6672013842871], [-8.58491451731522, 52.66722692839178], [-8.584964844024649, 52.66722920567032], [-8.585003645350714, 52.66721314120939], [-8.585010413398527, 52.66718522677159], [-8.585002953152673, 52.66715023703559], [-8.584976415367446, 52.667120347820145], [-8.584919036845129, 52.66706825744114], [-8.584881033686912, 52.667022291177034], [-8.584879832349555, 52.667002073918916], [-8.584899767537982, 52.66696819832738], [-8.584931138720327, 52.666950408891445], [-8.584971635754865, 52.66694288373811], [-8.585111295532384, 52.666941259605906], [-8.58531556665188, 52.66695212426907], [-8.585443498591877, 52.66695462926318], [-8.585557893706348, 52.6669464872026], [-8.585675572403437, 52.66692076609123], [-8.585728118279697, 52.66689111539529], [-8.585778434702101, 52.66686058587414], [-8.585783946851977, 52.66681065679183], [-8.585797693829605, 52.6667651540863], [-8.58606100790429, 52.66677237307589], [-8.586097186281826, 52.666778009469695], [-8.586282941579025, 52.66641475053771], [-8.58624037154849, 52.6663781225436], [-8.586207418748197, 52.66634835520991], [-8.586190710750252, 52.666317267168814], [-8.58611255296198, 52.666104402401956], [-8.586106149276189, 52.666083240165214], [-8.58610982896372, 52.66605329164642], [-8.586119432320613, 52.66601083837188], [-8.58613734614823, 52.66597957910431], [-8.586167511935303, 52.66595686982623], [-8.58624392158264, 52.665886645499086], [-8.586276054477853, 52.665854066533484], [-8.586342193198362, 52.66577642384735], [-8.58640289198489, 52.66552819709591], [-8.586366863833847, 52.665495603885134], [-8.586360541541492, 52.66547942065673], [-8.586347830210038, 52.66544206614138], [-8.586327282100928, 52.665122928954204], [-8.586332936743975, 52.66508923160912], [-8.586316279061215, 52.66506187338691], [-8.586315005714358, 52.66506095391315], [-8.586295723245609, 52.665047018897454], [-8.586265030200078, 52.66503469526045], [-8.586103922742385, 52.66501179947233], [-8.585919078413069, 52.665040154035765], [-8.585876347757184, 52.66504522782489], [-8.585542691315634, 52.66505809382161], [-8.585471470539737, 52.66505969500311], [-8.585434804013433, 52.66505613707883], [-8.585395982670878, 52.665045102710565], [-8.5853673319087, 52.66503402708646], [-8.585264918691985, 52.66498589831936], [-8.585113414125459, 52.664919298632014], [-8.584961828754606, 52.664847719750334], [-8.584808120629116, 52.664769913417246], [-8.584423959302402, 52.664657084397334], [-8.584185338024117, 52.66452837575719], [-8.583778183132427, 52.66462010817721], [-8.583776891452334, 52.664618917326365], [-8.583689860265865, 52.66453861677729], [-8.58349109123096, 52.66421627606843], [-8.583452785352726, 52.66415726910926], [-8.583451713748751, 52.66411010490621], [-8.583462330336165, 52.6640569869788], [-8.583469519324062, 52.66401513002042], [-8.583440308982683, 52.66396638761396], [-8.583438244349948, 52.663965876468495], [-8.583357812763273, 52.663945968293085], [-8.5832816876161, 52.66394660361224], [-8.583261267098584, 52.66395845153686], [-8.583225086993911, 52.66399246073925], [-8.58311539475089, 52.664044619053605], [-8.58302761976746, 52.6640529963394], [-8.582937428050178, 52.664051956944], [-8.58293640327291, 52.66405093464605], [-8.582927599804156, 52.664042154340684], [-8.582911409623087, 52.66401307661641], [-8.582912173679242, 52.66398161455564], [-8.582948828214397, 52.66393546919871], [-8.582991127457687, 52.66387803399145], [-8.582991164422875, 52.66384748330261], [-8.582961807739581, 52.66382435754555], [-8.582960026009491, 52.663823886345455], [-8.582900834487527, 52.66380824519118], [-8.582852135681215, 52.663811351889656], [-8.58283646519082, 52.663837997736756], [-8.582530051176803, 52.66378663624274], [-8.582354471563823, 52.66357755536175], [-8.582336494240767, 52.66353076183145], [-8.582331539691621, 52.663442729885986], [-8.582315147837008, 52.66340510539858], [-8.582312568958919, 52.66340460664704], [-8.582243887976572, 52.66339133520918], [-8.582160328456128, 52.663389786274706], [-8.582029397230354, 52.66338549486847], [-8.581923505101543, 52.66337649645543], [-8.581706214709184, 52.663344612811855], [-8.5816191284188, 52.66331792315019], [-8.581618745084013, 52.66331766617444], [-8.581547069639955, 52.663269552327776], [-8.581515614931886, 52.66321858242508], [-8.581500210910177, 52.66315174169489], [-8.581497253447223, 52.663151341854466], [-8.581469599635287, 52.663147604563825], [-8.581226116973145, 52.66319719072972], [-8.581142721292052, 52.66320239032846], [-8.581073631624431, 52.66318723361777], [-8.581071985839774, 52.66318653162781], [-8.581011680310471, 52.663160788788154], [-8.581002734499972, 52.66314725164297], [-8.581007227306188, 52.66305017625371], [-8.581024978494119, 52.663016500750174], [-8.581129157971393, 52.6629343511802], [-8.58118237485486, 52.662886318547265], [-8.581142512937173, 52.66284230160928], [-8.581140618816987, 52.66284271446198], [-8.580864791983263, 52.66290284960917], [-8.580862772127194, 52.66290147264665], [-8.580821978176223, 52.662873659399374], [-8.580712018136046, 52.662748356014085], [-8.58048539682685, 52.66256643276932], [-8.580371712395882, 52.662505789634146], [-8.580370235541544, 52.662505785181615], [-8.58019814180814, 52.66250530023741], [-8.580083702745076, 52.66247470769788], [-8.579653771306724, 52.662311160744586], [-8.579652411788993, 52.662310974149854], [-8.579575117371911, 52.66230033725671], [-8.579498302267435, 52.66229218317586], [-8.579427062952435, 52.662281997442214], [-8.5793833776971, 52.662275101430794], [-8.579382330152791, 52.66227447199278], [-8.579209309607917, 52.662166459360684], [-8.579175130145941, 52.66212045458703], [-8.57914444229333, 52.66207242839784], [-8.579125448189854, 52.66204011016703], [-8.579079555923872, 52.661867322699216], [-8.579083023159018, 52.66185451570873], [-8.57909265207734, 52.66181019333845], [-8.579097089681722, 52.66179139553927], [-8.579102898779293, 52.66176675776913], [-8.579114226092132, 52.66172008120656], [-8.579123702693462, 52.66171009407476], [-8.579138145928463, 52.66169896814977], [-8.579158651726019, 52.66168238379186], [-8.579189855173423, 52.661667670602824], [-8.579236044397746, 52.6616504483938], [-8.579268076414232, 52.661643622676266], [-8.579326429330902, 52.66163741430494], [-8.579673397281983, 52.66164369920327], [-8.579764245036658, 52.66164666131455], [-8.579818546467427, 52.66164372620795], [-8.58020246614292, 52.6615313387964], [-8.580237220808142, 52.66146668809776], [-8.580220274557716, 52.661390354326755], [-8.580119174618712, 52.66126505193529], [-8.580066189693394, 52.661151890572505], [-8.579956784204652, 52.66102890267642], [-8.579969814133083, 52.66098921042626], [-8.57997036128715, 52.6609871045357], [-8.57997379475632, 52.66097389321778], [-8.57999859691154, 52.66091340783127], [-8.58001555648745, 52.6608668384314], [-8.580048096311918, 52.660837009492965], [-8.580061723717307, 52.66081454447582], [-8.58012192046176, 52.66072104334056], [-8.58012987230561, 52.660708690733316], [-8.580121792373987, 52.66066782548444], [-8.580059134955318, 52.660618994277115], [-8.579599072173206, 52.660437995899834], [-8.579524872138707, 52.66040825763407], [-8.57948450816996, 52.66037292507854], [-8.579483403121927, 52.66035531382409], [-8.579483623427947, 52.660332851508414], [-8.579740386622964, 52.65997755488225], [-8.579745929404963, 52.65993506802517], [-8.57974757124575, 52.659880403409915], [-8.579747853540432, 52.65982018181603], [-8.579722652523827, 52.659797987659104], [-8.579693987268142, 52.659777626035975], [-8.579636819092993, 52.65976369547594], [-8.579585332426598, 52.65975239757885], [-8.579527822379784, 52.6597372013173], [-8.57945097801786, 52.65971755158539], [-8.579420960574467, 52.659692172164284], [-8.579379919184671, 52.659663682820025], [-8.579363128242727, 52.65963582092702], [-8.579347590152397, 52.65960992129924], [-8.579338644770283, 52.659587377952896], [-8.579326268173801, 52.65954904132495], [-8.579313657026901, 52.659501906500125], [-8.579302908853473, 52.659458160066144], [-8.57918860649901, 52.65932207276036], [-8.579015008621996, 52.659208934031795], [-8.578636369818323, 52.65909082822554], [-8.578635854324322, 52.65905290998138], [-8.578633579608624, 52.65899594557054], [-8.57862295252906, 52.658795634898446], [-8.578598828637178, 52.65875977334139], [-8.5785761630711, 52.65872352716001], [-8.578440247491574, 52.65851524441689], [-8.578419087023564, 52.65848885978453], [-8.578396758898412, 52.658453519718236], [-8.578376797690696, 52.65841832089409], [-8.578357553944524, 52.658387082314206], [-8.578554599798327, 52.658282640631896], [-8.578696448410946, 52.6582507234405], [-8.57882877465905, 52.6582174594325], [-8.579014065811178, 52.6581755326532], [-8.579110946511772, 52.65815236435307], [-8.579578608401112, 52.65804264353369], [-8.579621881671473, 52.65802653196336], [-8.579677115750322, 52.657984934555905], [-8.579827138687877, 52.65790960846746], [-8.580481437656616, 52.657633616816334], [-8.580765313269847, 52.65751352026598], [-8.580839724286582, 52.65744462136718], [-8.580912158336144, 52.65737936330154], [-8.58093992234774, 52.657347427324986], [-8.580977500336147, 52.657297610849405], [-8.581010585237923, 52.65724782537695], [-8.581035726030747, 52.6572075702723], [-8.581071987492146, 52.65712759616908], [-8.581095234683449, 52.657073850214594], [-8.58112767854008, 52.656991351179435], [-8.581166894805568, 52.65689346725435], [-8.58122235475213, 52.65676101632378], [-8.581265233008533, 52.656659546127315], [-8.581282240335053, 52.6566357431223], [-8.581447698656948, 52.65656797912354], [-8.58156735300904, 52.65652041122496], [-8.581664099422603, 52.65646968397339], [-8.581743150897692, 52.65642435546888], [-8.58180297484179, 52.65640146571592], [-8.581938857658097, 52.65638173479976], [-8.582081386578384, 52.656368298705424], [-8.58241066594816, 52.656217829067344], [-8.582928434683364, 52.656024762695644], [-8.583162532909306, 52.655888429983435], [-8.58335082531797, 52.65575767020264], [-8.583425098527666, 52.65567672627098], [-8.583707562845381, 52.65529797000163], [-8.583949166908248, 52.65496779731404], [-8.584029395086553, 52.654876945722236], [-8.58417293481471, 52.65485548473026], [-8.584184032929066, 52.65484869793593], [-8.584215129998382, 52.65482427676882], [-8.584239638104368, 52.654788994498], [-8.584242854240005, 52.654737548728505], [-8.58424974234857, 52.65466330900733], [-8.584304547872117, 52.65457580029311], [-8.584374269674706, 52.65452291207174], [-8.584502430470513, 52.65449543257696], [-8.584485715260541, 52.65427829057473], [-8.584493409761786, 52.654048444831574], [-8.584504364711215, 52.65390238806583], [-8.584536142234706, 52.653831530914935], [-8.584610160534599, 52.65369199401841], [-8.584722600178855, 52.65360189981076], [-8.584565683362186, 52.65335919521261], [-8.58444339135897, 52.653228023797354], [-8.584359607957238, 52.653116229476986], [-8.58427261681749, 52.652903469564954], [-8.584217237850707, 52.65271607097331], [-8.58420914496873, 52.6526045505198], [-8.584191619939455, 52.65253161755257], [-8.584097707175129, 52.65234828271823], [-8.58396189661125, 52.65218384952958], [-8.583887700063823, 52.652105838848264], [-8.583696883830077, 52.651969215909624], [-8.583648292888574, 52.651908399033985], [-8.583627366737122, 52.65187185758962], [-8.583620482988943, 52.65183104055285], [-8.583684373119256, 52.651566898029735], [-8.583671023976205, 52.65146451734931], [-8.583676364532613, 52.65141275550841], [-8.583593954995873, 52.651248337484205], [-8.58354562172123, 52.65111799629054], [-8.583454995480082, 52.65095463428028], [-8.583217953342942, 52.6507454973924], [-8.583025447148728, 52.65051343696779], [-8.582976714627657, 52.65047511773554], [-8.582756459954535, 52.650360020789456], [-8.582767758379273, 52.65030389741567], [-8.582788932137664, 52.65026691508404], [-8.58284315149981, 52.650181081646416], [-8.582939958001177, 52.65004046290817], [-8.58296598817692, 52.65000640475248], [-8.583006649681625, 52.64992350513674], [-8.582996838252152, 52.649811390807], [-8.582972641231253, 52.64974658874076], [-8.582942279001204, 52.64970047630955], [-8.582895925666348, 52.64965873884413], [-8.582813818814085, 52.649597753903535], [-8.582738601942037, 52.649523657327194], [-8.582687272383344, 52.64947219215245], [-8.582659711403949, 52.64942887915176], [-8.582638269467926, 52.649340038254074], [-8.582623690746626, 52.64925943266843], [-8.582598459204153, 52.64923236768828], [-8.582440083350328, 52.64910467018029], [-8.582306219770029, 52.64917790701904], [-8.581699726466537, 52.64934650056326], [-8.581135690750553, 52.64950424985546], [-8.581112368315205, 52.64951077274598], [-8.580731700498374, 52.64960617806933], [-8.58052644607398, 52.649659934949526], [-8.580484941296021, 52.64967056447021], [-8.579916228512324, 52.649816133981396], [-8.579865701446858, 52.649829575772664], [-8.579852935862828, 52.64979070175855], [-8.57985368108336, 52.649763248434084], [-8.579867066554991, 52.64967358948765], [-8.579965698023901, 52.64911513410209], [-8.580067344384423, 52.64878470112006], [-8.580190296589766, 52.6486651056411], [-8.58040732299613, 52.64823953449162], [-8.580577171577024, 52.6478728774241], [-8.5807177592609, 52.64747176824433], [-8.580768619769618, 52.64729520821018], [-8.580806510563951, 52.64721163080955], [-8.580852722548427, 52.64713151797122], [-8.580921061100874, 52.64704842044981], [-8.581014405759852, 52.646889718123205], [-8.5810500807172, 52.64682744433833], [-8.581771265949776, 52.64615608016947], [-8.581851905068177, 52.64609816931084], [-8.581927382009306, 52.646052148056334], [-8.582002898963795, 52.64598577746792], [-8.582067973356086, 52.645939825189515], [-8.58229036037939, 52.64566099990326], [-8.582491340569634, 52.645398332182296], [-8.582515824466425, 52.6453626278818], [-8.582519522087493, 52.645318397169476], [-8.581752912525053, 52.64510595411643], [-8.581312394585526, 52.64499749923663], [-8.580501515125322, 52.64479990690307], [-8.58047964726965, 52.64479445937294], [-8.580458683837206, 52.64478924109951], [-8.580351481825785, 52.644760473910495], [-8.580114078155795, 52.644771613177404], [-8.579940084463303, 52.64477516127905], [-8.579877355114212, 52.64482416586822], [-8.579572659704827, 52.64502102216412], [-8.579473172115035, 52.64508287955373], [-8.57914767745401, 52.64497960649561], [-8.5788509365982, 52.64513013326096], [-8.5785382996113, 52.64526206857411], [-8.578097529605003, 52.64552623216607], [-8.578020009674544, 52.64558565323157], [-8.577957049720133, 52.64566225142005], [-8.577881734086988, 52.64582839547143], [-8.577746407647474, 52.64581623828797], [-8.577651598546675, 52.645808449407106], [-8.577617379332247, 52.645777391510784], [-8.577584001361183, 52.64572045272997], [-8.57765292768298, 52.64567829506729], [-8.5776823445406, 52.645624142098725], [-8.577663932641567, 52.6455277175065], [-8.577646646750175, 52.64542590354178], [-8.577622518956876, 52.645355473460434], [-8.577581454019302, 52.645288190875355], [-8.577531883817844, 52.64523819791644], [-8.577498184938767, 52.64519163295342], [-8.577454420432009, 52.64512130752104], [-8.577420197179721, 52.64505847660634], [-8.577449587405349, 52.64493387498966], [-8.577443136059046, 52.64480307545215], [-8.577386374379724, 52.64452001075047], [-8.577368216899531, 52.64444281942052], [-8.577329564671059, 52.6443353571037], [-8.577281392739447, 52.644210773852066], [-8.577232439205654, 52.64403802708175], [-8.577198366611054, 52.6439079822401], [-8.577186942210073, 52.64387302019345], [-8.577147728378392, 52.64375312998181], [-8.577124115573417, 52.64363076394676], [-8.577103374468994, 52.64349193566844], [-8.577091566242785, 52.64336942224956], [-8.577079330090491, 52.643236844221825], [-8.577081475800057, 52.64311920630386], [-8.577066868668593, 52.64307479525571], [-8.57702227783579, 52.643021182575744], [-8.577001177925498, 52.64300111868537], [-8.577001089651784, 52.643001035525735], [-8.576980095575562, 52.64298104032471], [-8.576987831042683, 52.64295129693617], [-8.577009974703408, 52.64293963039399], [-8.577354326367086, 52.64277533110796], [-8.577599244209752, 52.642652276645066], [-8.577856145584969, 52.64253270455033], [-8.578288194553844, 52.64233095277308], [-8.578685639720332, 52.6421587056189], [-8.57942211857695, 52.641840414648975], [-8.579685178174156, 52.64172803488717], [-8.579651507753336, 52.64169700184013], [-8.579570573449082, 52.64161705293157], [-8.579416294349688, 52.64140078929325], [-8.579359390388184, 52.64128649597336], [-8.579314556141581, 52.64117986441135], [-8.579249826306787, 52.64105473367121], [-8.579183137538378, 52.64087075825995], [-8.579102271652964, 52.64070966394285], [-8.578989455407346, 52.64047756674045], [-8.578862214241697, 52.64015999095979], [-8.578712330440448, 52.63979470881162], [-8.57855440925178, 52.63950315931092], [-8.578468284722499, 52.63935746888652], [-8.578400297463961, 52.639220219591984], [-8.578297520083176, 52.639110176325715], [-8.578226519469153, 52.63902445256343], [-8.578135737211145, 52.639052030677355], [-8.578096580251758, 52.63906183901335], [-8.577998353183308, 52.63909628431577], [-8.577827585444815, 52.639151216697734], [-8.57759545018782, 52.6392246848866], [-8.577363615941007, 52.63928628683109], [-8.577127981927607, 52.6393522301136], [-8.576824934162614, 52.639457869088076], [-8.576803019946993, 52.63946550781082], [-8.576711866044592, 52.63948743310914], [-8.576623326348571, 52.639505921141385], [-8.576562402383926, 52.63950091461104], [-8.57652653890002, 52.63948033553988], [-8.576490955582969, 52.63945521609373], [-8.576480023906997, 52.63944748556554], [-8.576436578199656, 52.639390730215965], [-8.576399517791316, 52.63933528301936], [-8.576317797485652, 52.639186873182204], [-8.576224512394292, 52.63896788187926], [-8.576117939714807, 52.638658462691616], [-8.576089448759733, 52.638592826137454], [-8.576056592658203, 52.638519930418624], [-8.575998605493481, 52.6383447102393], [-8.575942424678399, 52.63817199792171], [-8.575876792385328, 52.638022071459794], [-8.575840234489597, 52.637960869238306], [-8.575562148340756, 52.63754876669197], [-8.575441997927284, 52.63732990522211], [-8.575321058297824, 52.63710710167037], [-8.575252315881961, 52.63701262869408], [-8.575173159365606, 52.63694641995165], [-8.575093923426422, 52.63689666879705], [-8.574761896097765, 52.63670659910666], [-8.574682912465056, 52.636687307206714], [-8.574621405770435, 52.63667133699888], [-8.574522028974767, 52.63660541462954], [-8.574437570705479, 52.63652907452091], [-8.574355146337929, 52.63646136208038], [-8.574262508116034, 52.636403397271266], [-8.574080863164694, 52.636258975461665], [-8.574038149808992, 52.63622269960307], [-8.57333624119803, 52.635455213516835], [-8.57367702286354, 52.6352473045426], [-8.57427546012386, 52.63508637635472], [-8.57451227269154, 52.635107312178924], [-8.574739833295297, 52.6350107007451], [-8.574995369013546, 52.63499373173222], [-8.575319544425096, 52.63488009415608], [-8.5758887991329, 52.63458471035464], [-8.575892380889266, 52.63458285127848], [-8.576060078273006, 52.63466649752272], [-8.577250076796433, 52.635130470514746], [-8.57847617087675, 52.63565439491224], [-8.579380445559652, 52.63614922219196], [-8.57977744189863, 52.636309650824714], [-8.579797243910347, 52.63631784997091], [-8.580065140005521, 52.63642067521869], [-8.580609887447398, 52.6366206264861], [-8.580952045411138, 52.63676165386836], [-8.581675116980822, 52.637110270240335], [-8.581928108000426, 52.637213667785446], [-8.582240831721126, 52.63734148863632], [-8.582285381453106, 52.63735969537648], [-8.582851236440964, 52.63764322106771], [-8.583175003183852, 52.637778876709376], [-8.584018092130771, 52.638170678193575], [-8.584314315719325, 52.63830108258959], [-8.584471604656828, 52.638387455714245], [-8.584712680834436, 52.638504828697826], [-8.584967865711171, 52.63863863373898], [-8.585133628241122, 52.63873203780715], [-8.585306574689062, 52.638837818758915], [-8.585466422712345, 52.63895622058939], [-8.585606088776588, 52.63907901827201], [-8.585702006106008, 52.63911102727808], [-8.585872838065582, 52.639154539134324], [-8.586031247543117, 52.63923143116435], [-8.586521482089868, 52.6395034399993], [-8.586694579005766, 52.639613361705344], [-8.586852862139024, 52.6396861007492], [-8.586976725056877, 52.63974266968352], [-8.587134891300396, 52.639825367772325], [-8.587317442081755, 52.639932707072475], [-8.587622758989786, 52.640143564763434], [-8.587846565118554, 52.64029391355209], [-8.587885888367962, 52.64027454679248], [-8.587908551682512, 52.64026779212552], [-8.588251268673195, 52.64012940880972], [-8.58832807133019, 52.640116282340905], [-8.589107995103346, 52.639828175885626], [-8.589271949367689, 52.63980911474657], [-8.589459398890344, 52.63975180887163], [-8.58979740399022, 52.63964714097863], [-8.59019959816307, 52.639514531899984], [-8.590457073469398, 52.63940637134025], [-8.590770603211134, 52.63927296173887], [-8.591121772481795, 52.63912603414052], [-8.591369608574155, 52.63901338066377], [-8.591490588117935, 52.63895885703527], [-8.591589547424135, 52.63892801908419], [-8.591646890362204, 52.63890845324051], [-8.591689494025026, 52.6388915225873], [-8.591710166101095, 52.638868688382736], [-8.591713479862456, 52.638829582465014], [-8.591655618500557, 52.63872311040665], [-8.591585335029865, 52.6386157745615], [-8.591514750127775, 52.638507972795516], [-8.591436900291951, 52.63838730928395], [-8.591581604175706, 52.63833921947847], [-8.591912515295807, 52.63826402602272], [-8.592088940036435, 52.63824772993062], [-8.592208773902156, 52.63823550042933], [-8.592345233511258, 52.63821922392912], [-8.592604832773224, 52.63816641491297], [-8.592980925868131, 52.638101391754304], [-8.59309500802088, 52.638095436889486], [-8.593302101373016, 52.63807788892281], [-8.593506262458872, 52.638057658842214], [-8.59361346727538, 52.63804463730255], [-8.593730220138724, 52.638025348036635], [-8.593878646883216, 52.637997145469654], [-8.594352501041588, 52.63793007297834], [-8.594920825153803, 52.63780554854312], [-8.595267823816075, 52.63772005439781], [-8.595945863196038, 52.63757098446888], [-8.596417657005263, 52.63740838818922], [-8.596117318559257, 52.63705682773983], [-8.595648447840109, 52.636509857966956], [-8.595389759679726, 52.6362076468297], [-8.595380992738043, 52.63619740845719], [-8.595296765502875, 52.636117855238474], [-8.595205082218975, 52.636017945337876], [-8.595105629778937, 52.63593120605033], [-8.595029565676432, 52.6358891910295], [-8.594787877085963, 52.635680801220545], [-8.594642444768587, 52.63554678106647], [-8.59450517115852, 52.63543694281979], [-8.594478277268486, 52.635404900233816], [-8.5944472836049, 52.63536031279791], [-8.594523680406674, 52.635323446653665], [-8.594602962539403, 52.63528474138889], [-8.594775874979275, 52.63519887274515], [-8.59483204965082, 52.63517097020958], [-8.595032677334435, 52.63509171213692], [-8.595231645417684, 52.635029557492935], [-8.59540304099891, 52.634960530323816], [-8.595936769402188, 52.63473929158755], [-8.59617711751872, 52.63463168992385], [-8.596503565525856, 52.63446776610579], [-8.596974897345662, 52.634236922846796], [-8.597193077742938, 52.63412912519231], [-8.597190943048222, 52.634119905134185], [-8.597177631597212, 52.63406234028631], [-8.597080594958166, 52.633940321000075], [-8.59698807125155, 52.63382095735985], [-8.596984239987183, 52.63377066106635], [-8.597047567774052, 52.63372910439653], [-8.59720056457688, 52.63362872679718], [-8.597591093283027, 52.63338940799142], [-8.598056324169876, 52.633107844086766], [-8.598380764292067, 52.63290528513687], [-8.598541630228565, 52.6328071580135], [-8.598634228029262, 52.632746712344435], [-8.59881464550139, 52.632636217248695], [-8.598967491625984, 52.63254268705761], [-8.599179009348084, 52.63241205353777], [-8.599210242605777, 52.63239504282065], [-8.599359661765257, 52.6324692211994], [-8.599562720028796, 52.632580078220805], [-8.599737889436925, 52.63267371996396], [-8.599807759636931, 52.63264097301688], [-8.599948568187681, 52.63256287221526], [-8.600076089168853, 52.632485377829944], [-8.599913434312594, 52.63234436863129], [-8.599827706303246, 52.63225235063854], [-8.599782756231095, 52.63223310987655], [-8.599854997410223, 52.63220527639703], [-8.599961479480582, 52.632162196379625], [-8.600722539352297, 52.63191693665006], [-8.601322611168653, 52.63171224371427], [-8.60150550903034, 52.63165200257578], [-8.60163684161795, 52.631622313048105], [-8.601765201246378, 52.63159021167504], [-8.601875751306128, 52.63155316727335], [-8.601973980581864, 52.63151178117614], [-8.602038793572678, 52.63147676661687], [-8.602464170303083, 52.63130746088465], [-8.602506405636806, 52.631295741292675], [-8.602770758769237, 52.63118746475588], [-8.60285878877659, 52.63113390592992], [-8.602908123390383, 52.631113161926486], [-8.603314273314945, 52.63104900439294], [-8.603755381854494, 52.63097154463646], [-8.60392580889102, 52.63092763183152], [-8.604105123470893, 52.63087585377903], [-8.604199924457598, 52.6308314273342], [-8.604294584602112, 52.63079823671339], [-8.60446925571104, 52.630752593728936], [-8.604504888619756, 52.6307560071904], [-8.604652444751908, 52.63072479342699], [-8.60471574208457, 52.6307097298229], [-8.604895780562462, 52.630623809893635], [-8.605147192291845, 52.630509742807995], [-8.605264892909805, 52.6304560396202], [-8.60550893644927, 52.63040653530714], [-8.605597936968268, 52.63039259820886], [-8.605763995647234, 52.63036104580078], [-8.605972855629503, 52.63030863747361], [-8.606153692982229, 52.630258376501544], [-8.606197605706193, 52.63024525384296], [-8.606230918092441, 52.63022507578237], [-8.606257121928387, 52.63018969917616], [-8.606273909097562, 52.63013778761737], [-8.606282791082705, 52.630093196907445], [-8.606282812580229, 52.63000283894753], [-8.606266855480147, 52.629897840163444], [-8.606255417077518, 52.62979593714122], [-8.6062560191769, 52.62976896062762], [-8.606889573178732, 52.62971414309291], [-8.607165786636154, 52.62968834308379], [-8.607480617543114, 52.629669274297264], [-8.60783107231181, 52.629655163141905], [-8.608146750131182, 52.62963968349884], [-8.608313520723886, 52.62963317382135], [-8.608564549004008, 52.62962880176755], [-8.608866012852992, 52.62963012016131], [-8.60896871330482, 52.62963067990977], [-8.60902957537745, 52.6296393911761], [-8.609648218261176, 52.629580231330564], [-8.609775499835045, 52.62956387402897], [-8.609903353593415, 52.62954299260538], [-8.609997089550866, 52.629517145482275], [-8.61012070948275, 52.62947969349576], [-8.610209966089007, 52.629452548011876], [-8.610447640835199, 52.629378205070104], [-8.610723856753015, 52.62928497662304], [-8.611265683528494, 52.62913593624489], [-8.611530289881934, 52.62907160878136], [-8.611801568940322, 52.629008109130936], [-8.612152508929425, 52.62894138400558], [-8.612238262154396, 52.62892057375802], [-8.612352493102499, 52.628889073164174], [-8.612439193152614, 52.62885251063418], [-8.61254710437256, 52.62880851303467], [-8.612601766535052, 52.62878581396271], [-8.612597113650112, 52.62875620408172], [-8.612575228444733, 52.62871960962204], [-8.612564217554727, 52.62869906570556], [-8.612550991382573, 52.628678551217554], [-8.612664564928192, 52.62864975016436], [-8.613494737462121, 52.62844013799264], [-8.613626213355365, 52.628394498382484], [-8.613814634796068, 52.62832793580353], [-8.614203840247864, 52.62819908693113], [-8.61434497759989, 52.628174725322005], [-8.614567047764664, 52.62815048305041], [-8.614720891168659, 52.62811580858756], [-8.61492469973293, 52.628063886994696], [-8.615201797479218, 52.62798319093607], [-8.615425304652673, 52.62792460483807], [-8.61567015679633, 52.62784401225367], [-8.615857266243234, 52.627785389767126], [-8.616029077158112, 52.62773026202846], [-8.616107408108888, 52.627708184276486], [-8.616271390862641, 52.62766259737262], [-8.616480736033953, 52.62760341781391], [-8.616619292695669, 52.627571175313214], [-8.616817724678771, 52.627539555711515], [-8.616992581401837, 52.62750999999269], [-8.61718551936437, 52.62746902474894], [-8.617301198589331, 52.62743704443146], [-8.617432846774502, 52.627396792570515], [-8.617572756655628, 52.627338008859546], [-8.617793866879017, 52.627254416725926], [-8.617951518879062, 52.62719586362138], [-8.61809567023764, 52.6271541076999], [-8.618306639428347, 52.62709941050538], [-8.61842529798673, 52.6270682943754], [-8.618494261653298, 52.627053535352005], [-8.61859024320372, 52.62718767685661], [-8.618691865024758, 52.62733523511171], [-8.61857793301887, 52.62755598593198], [-8.618380827770094, 52.62794361345323], [-8.618232651341838, 52.628269056916466], [-8.618089092993205, 52.62853242185627], [-8.617899274920346, 52.62889478971581], [-8.617740202897673, 52.62918126275376], [-8.61754144409082, 52.62951857269081], [-8.617375970236214, 52.62981231403026], [-8.617251169818939, 52.63003949268707], [-8.61718436623241, 52.63018819015274], [-8.61722437161937, 52.63023670652621], [-8.617317357402122, 52.63023332789732], [-8.617402509230619, 52.63021701112616], [-8.61749253506956, 52.63019120436704], [-8.617601532945597, 52.630158413720935], [-8.617713514099105, 52.630125589444084], [-8.617779347379768, 52.630128392050096], [-8.617797642312334, 52.63014569771953], [-8.617893803623355, 52.63023983252428], [-8.61800487199376, 52.630360305675424], [-8.618115721491638, 52.630473589341285], [-8.618249924324019, 52.63060141970887], [-8.618374204869365, 52.63071903724009], [-8.618345353973593, 52.63074096610648], [-8.618285135178578, 52.63079699792212], [-8.618216149514817, 52.63087874561212], [-8.618181335915853, 52.63092097383188], [-8.618180479434667, 52.63093986240732], [-8.618295389755067, 52.631177610608766], [-8.618529771811668, 52.631408524245124], [-8.618729351057182, 52.63159219767921], [-8.618867549413924, 52.63172852723634], [-8.618925881726128, 52.631795256164985], [-8.618958097923807, 52.631831723573235], [-8.619029204973751, 52.63192749833396], [-8.619083513766455, 52.63198438820409], [-8.619183631240162, 52.63206318546796], [-8.61932164590556, 52.63217165218489], [-8.619466328651761, 52.63228047036847], [-8.620044286713629, 52.632151640077595], [-8.62012734409931, 52.63213849614881], [-8.62023731876508, 52.63208995973017], [-8.620395308933942, 52.63201880928201], [-8.620567682409035, 52.63191288003591], [-8.620693963313352, 52.63182143822882], [-8.620777322427788, 52.63172738092052], [-8.620863295252763, 52.631600925544], [-8.620921599792695, 52.631508958832704], [-8.620941621916035, 52.63148848675005], [-8.620985654609322, 52.631456932265515], [-8.621026517816418, 52.63142375853357], [-8.621145936631178, 52.631356970749074], [-8.621232501806283, 52.63130584169404], [-8.621333289234686, 52.63128994345605], [-8.62172540193953, 52.63127835908435], [-8.621857206176712, 52.63127255312026], [-8.622090208409297, 52.63122774641819], [-8.622250135662236, 52.631194648130915], [-8.622332398321202, 52.63118396957657], [-8.622555822728925, 52.63117111121978], [-8.622802949068713, 52.63112236399147], [-8.623336390747582, 52.63107269450976], [-8.623407039679494, 52.631068089382424], [-8.62349926492027, 52.63106619295201], [-8.623535018677766, 52.63107174822633], [-8.623602182426062, 52.63108384333765], [-8.623662884815639, 52.63109967554171], [-8.623850034003205, 52.6311443680801], [-8.623980293392151, 52.6311753923534], [-8.624123892873738, 52.631207496697], [-8.624240406725361, 52.63123071047987], [-8.62434119455145, 52.63125021401665], [-8.624483673094515, 52.63127514229664], [-8.624575991705226, 52.63128807499102], [-8.624657014240517, 52.631297184286254], [-8.624777347788061, 52.6313095466781], [-8.624873102531817, 52.63131791301587], [-8.624931711003816, 52.63132254738601], [-8.62502381613451, 52.631331885596175], [-8.625138968189848, 52.63134344804448], [-8.625240778363855, 52.63135482911966], [-8.625281773349961, 52.63136118311925], [-8.625391642726944, 52.631384538695016], [-8.625473859115212, 52.63140172148136], [-8.625510472362567, 52.63140950068535], [-8.625588698597138, 52.63142138347017], [-8.625628982597979, 52.631428630931104], [-8.626166132699895, 52.63147105771421], [-8.626559781424575, 52.6314966511979], [-8.627096205378495, 52.631499529726426], [-8.62730651331607, 52.63148261525824], [-8.627325398292006, 52.631476834755986], [-8.627483109207786, 52.631443911909344], [-8.627574653777895, 52.63144292371651], [-8.627630748929006, 52.631442222112504], [-8.6276988427064, 52.63144486342672], [-8.627825754938206, 52.631482255836794], [-8.62833544784982, 52.631668143403594], [-8.628527350303827, 52.6317450798226], [-8.628626319096105, 52.6317848396822], [-8.628938668555564, 52.631782885447464], [-8.629272025063296, 52.63177377210689], [-8.629617793561595, 52.631775179918485], [-8.629853811766134, 52.63176896401849], [-8.629948740519673, 52.63176905075966], [-8.629957973371395, 52.63176905739662], [-8.630045348710317, 52.63198478490671], [-8.63003596029694, 52.63201508896137], [-8.63002327837497, 52.63205264599311], [-8.63000065748121, 52.6320976081824], [-8.629983884990024, 52.63212806834077], [-8.629959904845556, 52.632148338298464], [-8.629926163688094, 52.63217914932389], [-8.62989076590947, 52.63219335903604], [-8.629849021390621, 52.63221309423929], [-8.62981994548771, 52.63222951646312], [-8.629806056631201, 52.63223735695591], [-8.629779903462344, 52.63225856420728], [-8.62974471288068, 52.632329398149416], [-8.629741951550116, 52.63247867012239], [-8.62972162280284, 52.63276357682649], [-8.629726481231813, 52.63282415812756], [-8.629734418918694, 52.63287387435998], [-8.62976405851406, 52.63290202950861], [-8.629827212850032, 52.63294836929803], [-8.629846754668346, 52.63296773375894], [-8.630067668700818, 52.633180701964655], [-8.630112717548297, 52.6332202170018], [-8.630151496447612, 52.63325312312275], [-8.630223996375614, 52.633308257338705], [-8.63026294358073, 52.633331275558966], [-8.630330591556216, 52.633365385263396], [-8.63037272784738, 52.63339237722192], [-8.630393141395176, 52.63344049904531], [-8.630382356311701, 52.63348566796824], [-8.630366972427147, 52.63354081124226], [-8.63035196948262, 52.633629658061245], [-8.630355591953048, 52.6336812667404], [-8.630394399134165, 52.63371507144543], [-8.630468448949772, 52.6337710691146], [-8.630565942589497, 52.63382389499002], [-8.63065801051996, 52.63387231850535], [-8.630690342151574, 52.63389547965477], [-8.630727851022924, 52.63393245499098], [-8.630749898982625, 52.63398323753093], [-8.63076718127428, 52.63402827504299], [-8.630801753189838, 52.63407879316022], [-8.630844206245213, 52.63412465838402], [-8.630872370453002, 52.63415283908451], [-8.630934492034351, 52.63420728210481], [-8.631188848670226, 52.63447664154522], [-8.631475419617487, 52.634806894255206], [-8.631690075944611, 52.635066280608775], [-8.631768140380933, 52.63515455947469], [-8.63184379443016, 52.63522625002671], [-8.6321361070749, 52.635566725980865], [-8.632211822138533, 52.635652805999925], [-8.632272763369539, 52.63571221607048], [-8.632481796361443, 52.63594163751929], [-8.632499834024369, 52.63596511715236], [-8.632507576989338, 52.6359979994146], [-8.63251018010462, 52.63606376080369], [-8.632515376370032, 52.63613108127547], [-8.632535998564865, 52.636178051118556], [-8.632566899996704, 52.63621249052826], [-8.63267757508773, 52.63625473714235], [-8.632726495698977, 52.636270384941334], [-8.63280116892319, 52.636318908662936], [-8.63282140726001, 52.63633320858011], [-8.63289642757899, 52.636386215474765], [-8.632978828865983, 52.63646448453428], [-8.633125617456109, 52.63660223463409], [-8.633202868575433, 52.636672675412946], [-8.6332413552575, 52.636714642132], [-8.63330831020577, 52.63678822080272], [-8.633645684643549, 52.63714357020014], [-8.633956595832403, 52.637473640834166], [-8.63404744332468, 52.63757092871715], [-8.634129857650086, 52.63765388871398], [-8.634230143782235, 52.63775689543427], [-8.634276897928792, 52.63780442616536], [-8.634379523408512, 52.63790875048152], [-8.634693736577827, 52.638226515585124], [-8.634975122980538, 52.63852577839678], [-8.634982184385516, 52.63853489947795], [-8.634982535074501, 52.63853891530071], [-8.634984772219832, 52.638564645367204], [-8.634971944250909, 52.63859909377615], [-8.634848410976694, 52.63875194392084], [-8.634599740915265, 52.638993267601634], [-8.63459681494891, 52.63903304683408], [-8.634585195181694, 52.639237796130296], [-8.634549942629281, 52.63926641442942], [-8.634491910868942, 52.63930754935116], [-8.634438294903024, 52.639342431815116], [-8.634353088230972, 52.63938536598645], [-8.634229653238547, 52.639445303565765], [-8.634134161859963, 52.63948511082319], [-8.63395637820387, 52.63957634806539], [-8.633888075044151, 52.63963984621849], [-8.633780841053726, 52.639738219845455], [-8.633752939034402, 52.63976638513199], [-8.633753931286474, 52.639772986111794], [-8.633670755506236, 52.63997874714948], [-8.633649476221203, 52.640012278867964], [-8.63375244638898, 52.64017495288969], [-8.633787023220158, 52.64022012212973], [-8.633832620216504, 52.640280467316735], [-8.633885543927382, 52.6403059262545], [-8.633939928922292, 52.640310839440225], [-8.633994323985537, 52.64031440432543], [-8.63445995224124, 52.64026434679888], [-8.63448811566371, 52.640262425331535], [-8.634568222356128, 52.64026821615507], [-8.634807165661401, 52.640438484022845], [-8.634849832572163, 52.64051983183532], [-8.634841802561555, 52.64059180697961], [-8.63484180860537, 52.64061773774445], [-8.635036609722873, 52.64070665624819], [-8.635030324854931, 52.64071343103887], [-8.634911770537501, 52.640841239594806], [-8.634872872694304, 52.64090696259516], [-8.634658471029509, 52.641181943933915], [-8.634614390777653, 52.64123470673389], [-8.634547532353332, 52.64123785111291], [-8.634432094640006, 52.64123200586681], [-8.6343278058932, 52.64122672280485], [-8.634174201067111, 52.64121870964959], [-8.63411100236646, 52.64122051293839], [-8.633867040345239, 52.641261249221564], [-8.63383035830607, 52.641375109499755], [-8.633848692376812, 52.6414025331219], [-8.633859825056787, 52.64162478629429], [-8.633846889299587, 52.641706072347176], [-8.63383485304385, 52.64173919511885], [-8.633727755469966, 52.6418289662696], [-8.633554443226815, 52.641971654025156], [-8.633502189929164, 52.64207146808007], [-8.633376514127951, 52.64222135204883], [-8.633275523690397, 52.64227067046316], [-8.633161236580635, 52.6423518419078], [-8.633031334273765, 52.642436323404475], [-8.632536419071705, 52.642739988158986], [-8.632465312855174, 52.64277354293417], [-8.63238944469853, 52.64280477717545], [-8.632198821373015, 52.64287675571328], [-8.631748988366986, 52.643045785940295], [-8.631266138333869, 52.643291551312444], [-8.631215533645166, 52.643335970627774], [-8.631183206084206, 52.6433464432362], [-8.631269071679029, 52.6434696266679], [-8.631393198261515, 52.643646472086765], [-8.631427683187816, 52.643717042958485], [-8.631538111646801, 52.64392454784716], [-8.631561594058955, 52.64396062691336], [-8.631652225506263, 52.644107782986886], [-8.631734029843052, 52.644235032382774], [-8.631841468227764, 52.64440404773645], [-8.631870962873744, 52.644452264619574], [-8.631887504924626, 52.644477352182996], [-8.632001462991145, 52.644649577338505], [-8.632114911916375, 52.64482844733065], [-8.632152736226379, 52.644880412701134], [-8.632169872867681, 52.64490674640311], [-8.631973873678287, 52.64501136217194], [-8.63195104599227, 52.64502281795503], [-8.631820457528898, 52.64506962345475], [-8.63181450641619, 52.64506784857001], [-8.631791977995238, 52.645061110738276], [-8.63175262230383, 52.64497771291732], [-8.631625301645446, 52.644773381229506], [-8.631528659292078, 52.644615255704345], [-8.631449148466004, 52.644485153701524], [-8.631352540351418, 52.644331369115804], [-8.631335705610748, 52.64430645381191], [-8.631317796959317, 52.64428084315232], [-8.631306217582463, 52.644259674862646], [-8.631269911402391, 52.64426377812241], [-8.631038403289276, 52.64435084792362], [-8.630821710987203, 52.644494104135305], [-8.630795939353188, 52.644515597141535], [-8.630771989288005, 52.64453942634937], [-8.630632405717531, 52.644657374586295], [-8.630507204418778, 52.64474074966231], [-8.630385825626322, 52.64482177634154], [-8.630289862302421, 52.644879145759816], [-8.6301877129984, 52.644936916510936], [-8.630113735347145, 52.64500444229865], [-8.630040298695771, 52.64506747109463], [-8.62989765769143, 52.64533489840628], [-8.629856336794997, 52.645412757559136], [-8.629840937798445, 52.64543529177021], [-8.629820309297104, 52.645459992950336], [-8.629796644511018, 52.645488323494305], [-8.629793565398868, 52.645491027311536], [-8.629778797708344, 52.64550402174768], [-8.629743531520758, 52.64552196972496], [-8.629729818131995, 52.64552503565105], [-8.629702568014249, 52.64553112161901], [-8.629671653624142, 52.64553003654391], [-8.629652625915408, 52.64552936467145], [-8.629291630553285, 52.64550932429283], [-8.629192309715622, 52.64550799115587], [-8.629051206259103, 52.64551537353425], [-8.6288065458156, 52.64554031086095], [-8.62856917834585, 52.64555551079981], [-8.628334935307882, 52.64556189431226], [-8.628140355274606, 52.64554672030259], [-8.6280968631189, 52.64554133325551], [-8.628077374220894, 52.64553838058858], [-8.627907543002028, 52.6455126847352], [-8.627883469578034, 52.64550844406159], [-8.627679675614102, 52.645800262885544]]]}}, {"type": "Feature", "properties": {"code": "6", "nbhd": "Dooradoyle", "eds": "BALLYCUMMIN"}, "geometry": {"type": "Polygon", "coordinates": [[[-8.671868282172113, 52.65744797210637], [-8.671918403154057, 52.65677980643732], [-8.671961593648822, 52.65617449806669], [-8.671973260652688, 52.65602262224958], [-8.67200688609893, 52.65558488896495], [-8.672028743934394, 52.65526086841221], [-8.672035811226387, 52.65518323372195], [-8.672041607884914, 52.65511951088873], [-8.671852051296542, 52.654833225842694], [-8.671784614757854, 52.6547362036572], [-8.671706484143495, 52.65464924584793], [-8.671415652951714, 52.65445615686932], [-8.671335877086056, 52.654420916911036], [-8.671227868019418, 52.65438159441271], [-8.671129693316955, 52.65434841794014], [-8.671007395999652, 52.65432188538852], [-8.67089481908568, 52.65429792221943], [-8.670723637032685, 52.654268969668884], [-8.67061063736251, 52.65425309794977], [-8.670420684977838, 52.65425409180567], [-8.67015792423362, 52.654246257300194], [-8.669951832692934, 52.654250190910545], [-8.669769827469187, 52.654247022227395], [-8.669553011371963, 52.65424165910141], [-8.66944454555658, 52.65422842114519], [-8.669309496574957, 52.65421557590942], [-8.669024842909593, 52.65415905693625], [-8.668756559377984, 52.654104997534226], [-8.668489373973959, 52.65404149378431], [-8.668384093856778, 52.654015159144734], [-8.668251261956732, 52.653983838560535], [-8.668125846877352, 52.65393487723473], [-8.667972056041508, 52.65387824705101], [-8.667914270085408, 52.65385616531681], [-8.667844439836362, 52.65382931581097], [-8.667620575996901, 52.653739536306716], [-8.667416682993867, 52.65364991355302], [-8.66727205360407, 52.653600789892124], [-8.667210602916708, 52.65356122854112], [-8.667160449804996, 52.65352689757127], [-8.667068399359989, 52.653461703459726], [-8.667018039732572, 52.65340310561294], [-8.666950099217754, 52.65331193479946], [-8.666851861126657, 52.653202337975614], [-8.666762597250493, 52.65309484773121], [-8.666709066921392, 52.65303179149688], [-8.666607861008908, 52.65292133032745], [-8.666487447559941, 52.652774287505025], [-8.66643372477117, 52.65270629773766], [-8.666310319636626, 52.652595709481744], [-8.666163030571834, 52.652460744697585], [-8.666109107716764, 52.652405788711384], [-8.666003478167044, 52.65231428091208], [-8.665894549158663, 52.652214720207084], [-8.66569839127612, 52.6521335178636], [-8.665634826992116, 52.652115125652465], [-8.665452167641511, 52.65205755779906], [-8.665175411849855, 52.65195731187283], [-8.664886019418654, 52.65185500601188], [-8.66476284537483, 52.651806010582526], [-8.664552353180671, 52.65171782207473], [-8.664267254862922, 52.65159342473685], [-8.664123891772189, 52.65153842987419], [-8.663967678012144, 52.651457540098065], [-8.663866769762159, 52.65141091768761], [-8.663626188796501, 52.65129035901832], [-8.66345864405233, 52.651203788602366], [-8.663330065857625, 52.65114903357846], [-8.66320813485582, 52.651112595000534], [-8.663086512005243, 52.65108381247016], [-8.662998517007745, 52.65106614876395], [-8.662911549390792, 52.651049962288766], [-8.661902309520045, 52.65118982358847], [-8.66175944484986, 52.65121845774196], [-8.661588393762262, 52.65124299769488], [-8.661522302422766, 52.65125085377383], [-8.661326317304946, 52.65126843190194], [-8.661153256814364, 52.651290097246005], [-8.661124580615294, 52.65129369070092], [-8.660749102375046, 52.651350378827495], [-8.660613349226999, 52.65135280746659], [-8.660488807075946, 52.651335302485], [-8.660449175958426, 52.65132973320368], [-8.660106870251965, 52.65125555583938], [-8.660033609756928, 52.651231150341665], [-8.660027701081933, 52.65122918518743], [-8.659932527302177, 52.65118422625534], [-8.659878823781453, 52.65114419552395], [-8.659863257614802, 52.65112930795956], [-8.659698111492501, 52.6508086946686], [-8.659641033315996, 52.65069855713936], [-8.659640616638267, 52.65069640230492], [-8.659636054185256, 52.650673112463586], [-8.659633272026959, 52.65065243724947], [-8.659628932760302, 52.650620211953154], [-8.659633104575338, 52.65058415527374], [-8.659654652056522, 52.650536038656995], [-8.65966175105143, 52.650517627379294], [-8.659714505062318, 52.650380830804096], [-8.659737724528982, 52.65032009449952], [-8.659787545420567, 52.65022302382598], [-8.65992301859518, 52.64991461436373], [-8.659978098242593, 52.64983216498837], [-8.66001632031582, 52.64979126279084], [-8.660141572137563, 52.6496472761479], [-8.660286407677729, 52.64948191430329], [-8.660324661346259, 52.64943824347839], [-8.660360935580393, 52.64941033089818], [-8.660389454742432, 52.649390505912585], [-8.660412153109304, 52.64937473105946], [-8.660623267541213, 52.649222122089995], [-8.66061074564558, 52.64917474348565], [-8.66060861420131, 52.649166675026535], [-8.660603693447925, 52.649137284263446], [-8.660600787621593, 52.64910136586338], [-8.660607683025889, 52.649085274599166], [-8.660641030921534, 52.6490073682108], [-8.660756076981404, 52.648745432438474], [-8.660770497142455, 52.64871285988956], [-8.660811157391585, 52.64862107991822], [-8.660876544340342, 52.64846971444383], [-8.660923774395826, 52.648357935119066], [-8.660933202772648, 52.648320689588644], [-8.660930550494022, 52.64814771853727], [-8.66089902470952, 52.64802294116726], [-8.66086048966251, 52.64787040254162], [-8.66085341974756, 52.647828826854095], [-8.660850443786355, 52.647692196667265], [-8.660838541782438, 52.647612403363226], [-8.660832353554897, 52.64756559165478], [-8.66081714477277, 52.64753209675317], [-8.660780377818321, 52.647456612598425], [-8.660706721622788, 52.64730436861774], [-8.660647475527718, 52.64722968386318], [-8.66059614891704, 52.647176472553625], [-8.660391228223988, 52.646933236016565], [-8.660343882000117, 52.64683225737673], [-8.66031003986394, 52.64678799957135], [-8.660226736266644, 52.64671618105244], [-8.660111488693692, 52.646623076730414], [-8.660067830976148, 52.64658838299345], [-8.660006116838176, 52.64655869733936], [-8.65985631214991, 52.64648662875108], [-8.659742101392357, 52.6464407240464], [-8.659426776879588, 52.6463067941215], [-8.659391147826932, 52.646297007453114], [-8.659390273851763, 52.64629676873758], [-8.65939005194004, 52.64629675199613], [-8.659322813910745, 52.64629176020114], [-8.659222382810686, 52.64628753725915], [-8.659157203056003, 52.6462847899448], [-8.658979682219657, 52.64627195351271], [-8.658897442144163, 52.646265768586055], [-8.658860859659693, 52.646251429170476], [-8.658742183909318, 52.64622099895482], [-8.658661634797994, 52.64621031039093], [-8.658610330346763, 52.646218334344624], [-8.658486661111134, 52.6462479814382], [-8.657845682655298, 52.64637417583746], [-8.657717539121856, 52.64639326791578], [-8.657681057876568, 52.646397478210595], [-8.657584787400927, 52.64640858344151], [-8.657446539261624, 52.646431838882], [-8.657075100436938, 52.646513030725814], [-8.656953170137513, 52.646540509415715], [-8.656798118211954, 52.64657651256491], [-8.656665361412534, 52.646607331637625], [-8.656634220562676, 52.64661589014107], [-8.656599074231332, 52.646614529941466], [-8.656562838770085, 52.64661346338662], [-8.656539407042326, 52.646612829218995], [-8.656420741940178, 52.64660576580125], [-8.656376860982107, 52.64659840489852], [-8.656313636220391, 52.646579187896045], [-8.656267759003805, 52.646557127111464], [-8.656115939927366, 52.646484136489136], [-8.655933321524587, 52.64638936081821], [-8.655860964910337, 52.646349404541304], [-8.655758673448526, 52.64629291390518], [-8.655628866274606, 52.64621167825881], [-8.655149451831296, 52.64580167502289], [-8.655137842030197, 52.64577729145249], [-8.65509649385176, 52.64570201961699], [-8.655074835366996, 52.64565684808064], [-8.655071806609724, 52.64561337118345], [-8.655076267789873, 52.645556900961346], [-8.655074963586047, 52.64552994373148], [-8.655068098359838, 52.645486838579544], [-8.65504404499194, 52.645440601697786], [-8.655004225901079, 52.645368736870076], [-8.654962840882328, 52.64529095749485], [-8.654936696177575, 52.64524220648027], [-8.654942210527315, 52.64521665865303], [-8.654942633991356, 52.64516686197793], [-8.654936513041953, 52.64513399919024], [-8.654870480190594, 52.64487318655201], [-8.654804023959487, 52.64483725067364], [-8.654704836037785, 52.64478639551958], [-8.654603276470212, 52.64473503207153], [-8.654480692640863, 52.64468089047573], [-8.654458085870784, 52.64467506518123], [-8.65436052390853, 52.64464993382571], [-8.654285143776441, 52.64463680492538], [-8.654205570945368, 52.644622944120194], [-8.654112975302915, 52.64460283648164], [-8.654081324411928, 52.644595964485355], [-8.653992697277433, 52.64455857760424], [-8.653964428835053, 52.64454665354614], [-8.653536920824958, 52.644360135189345], [-8.65326776697464, 52.64417093577837], [-8.653241833986685, 52.644151098090894], [-8.653197783716584, 52.64411739358566], [-8.65317657550048, 52.64410116914007], [-8.653100008478894, 52.644041011052146], [-8.653020985466542, 52.64397567129986], [-8.652963265994684, 52.643905072884515], [-8.652958961419769, 52.64389980258524], [-8.652903809165627, 52.64382892933779], [-8.6529236151082, 52.64380448928989], [-8.652933960753096, 52.643791732030635], [-8.652954648750251, 52.64376718824741], [-8.652976794459525, 52.64374091070317], [-8.652980700334247, 52.64373627825954], [-8.652998027668279, 52.64371011714453], [-8.653080798346485, 52.6435757285887], [-8.653084283924095, 52.64355180989098], [-8.653087120608053, 52.64352500058553], [-8.65308804785008, 52.64348904288025], [-8.6530898273362, 52.643469627659464], [-8.652813315873606, 52.64326213193247], [-8.65276838374928, 52.64323650258265], [-8.652531873498406, 52.643139142325765], [-8.652231317721272, 52.643059229599245], [-8.651927227308661, 52.64298201402683], [-8.651145417199832, 52.642950099499785], [-8.650736343438467, 52.64299524713814], [-8.650388859771773, 52.64305757322683], [-8.650197019648942, 52.6430944168366], [-8.650132262525657, 52.64310287046995], [-8.6500751730925, 52.64311124604991], [-8.650014761205286, 52.643116781596916], [-8.64987910575488, 52.6431161414927], [-8.649748291550253, 52.643110153703695], [-8.649743574714625, 52.643109936887576], [-8.649611348729811, 52.64311537163619], [-8.6493486616779, 52.643125691730035], [-8.64933559733535, 52.64312953834325], [-8.649234451761854, 52.64315933100552], [-8.648997793856061, 52.64323910292851], [-8.648771492684837, 52.64324294153284], [-8.648745805979923, 52.64324157036039], [-8.648720206239473, 52.64323908597363], [-8.648391523665667, 52.643240165885764], [-8.648346641381258, 52.643243710117154], [-8.64828383966413, 52.64324853880475], [-8.648191867716589, 52.643255243765154], [-8.6481644134023, 52.64325724550034], [-8.647833658409596, 52.64327408243351], [-8.647758115171907, 52.6432776232913], [-8.647719978887297, 52.64327071314592], [-8.647700170002688, 52.64326712729534], [-8.647618937361042, 52.64324862427492], [-8.64757539690047, 52.64324497935139], [-8.647505975463188, 52.64325582092036], [-8.6474467298833, 52.643270327941835], [-8.647409752215095, 52.64327883502536], [-8.647372914626564, 52.643291826417055], [-8.647353114133487, 52.643311825358644], [-8.647311695824234, 52.64335884391324], [-8.647287734777764, 52.6433822810671], [-8.647282709665927, 52.643387207056556], [-8.647247042254337, 52.64341941766102], [-8.647202109761965, 52.643447607228865], [-8.647187695817118, 52.64345113740243], [-8.647131409462618, 52.643464936015256], [-8.647091731615879, 52.643459705881675], [-8.64705723556627, 52.64345515750279], [-8.646739889292032, 52.6434675589068], [-8.646558248121528, 52.64349292600117], [-8.646370302557472, 52.643484576719246], [-8.646230690709363, 52.64347723987221], [-8.646192290161263, 52.64347545391964], [-8.646138619334799, 52.643469230184884], [-8.646091611577722, 52.64344889466012], [-8.64605392464432, 52.64342433779922], [-8.646040484692953, 52.64341575549067], [-8.645746212212302, 52.64330428863361], [-8.645689744371337, 52.64328370789359], [-8.645641601336932, 52.64325548678494], [-8.64539033692235, 52.643086278545276], [-8.645328255828533, 52.64304670928955], [-8.645276493022608, 52.64301546975261], [-8.645218716744623, 52.642981242920186], [-8.645163416424449, 52.642950588849104], [-8.645092536875786, 52.64291255041804], [-8.644804505018579, 52.64276184994713], [-8.64476219441248, 52.64273125982532], [-8.644720129355907, 52.64269525748846], [-8.644549516391086, 52.642515793564], [-8.644343803830429, 52.64238706060669], [-8.644275921788168, 52.64235078504046], [-8.644259742445243, 52.642333714638], [-8.644209153306441, 52.64228268534318], [-8.64414964783691, 52.642211094677315], [-8.644089708741948, 52.64214417118624], [-8.644018909287265, 52.642070188079224], [-8.643979762042964, 52.64203558075895], [-8.643951311233552, 52.64200389936155], [-8.643875283615463, 52.64197130803148], [-8.643820981350673, 52.64196419685485], [-8.643440483693272, 52.641957841731774], [-8.643298446142643, 52.641961048719544], [-8.643211350853027, 52.64196363373803], [-8.64316577156418, 52.64197097279097], [-8.643089090835842, 52.6419955581017], [-8.643043648513904, 52.6420172773982], [-8.642997199938327, 52.642044943302096], [-8.6429406079725, 52.642079180631164], [-8.64275090891117, 52.64220677185511], [-8.642695881571031, 52.642263102428814], [-8.64261595462149, 52.64231224267494], [-8.642569958408945, 52.64234258442281], [-8.642523073740021, 52.642369776131], [-8.64246897678482, 52.6423918207652], [-8.642389147530906, 52.64240026200431], [-8.642335032244794, 52.64240895928054], [-8.642032528074271, 52.64260808623107], [-8.641950792828869, 52.642650881201945], [-8.641928944829967, 52.64266137188144], [-8.641890263521526, 52.64265245845861], [-8.641864127770944, 52.64263854257544], [-8.641839416692056, 52.64261293438143], [-8.641808281517713, 52.642579487362596], [-8.64171844667007, 52.64248180538644], [-8.641705711004773, 52.6424415085978], [-8.641698984338412, 52.642404918334776], [-8.641699572234208, 52.64237542504705], [-8.641656701577835, 52.64232557525795], [-8.641628348177113, 52.64229640946085], [-8.641582873746872, 52.64225844708357], [-8.641540045106726, 52.64222962928426], [-8.641465353621557, 52.64220242206546], [-8.641399604302148, 52.642187516108386], [-8.641331468535673, 52.64217209273063], [-8.64061704423051, 52.641891383620624], [-8.64050885572539, 52.64184081693833], [-8.64040611854999, 52.64179522709247], [-8.640363990965021, 52.64176981158679], [-8.639915492525063, 52.64173274958879], [-8.639884044826282, 52.64173849206516], [-8.63968084770041, 52.641808330518494], [-8.639679023905982, 52.64180890661724], [-8.639531411212968, 52.64194954994506], [-8.639317170897115, 52.64207991061809], [-8.639316063087948, 52.642080950231716], [-8.639142624965213, 52.642229030770935], [-8.639088501242599, 52.64223717833243], [-8.639063562512888, 52.64223941606019], [-8.63901305051583, 52.642243948850755], [-8.638907097817908, 52.64225143206443], [-8.638810961021798, 52.64225822410734], [-8.638676724157447, 52.64224927646765], [-8.638548385365407, 52.64224049463153], [-8.638492818299971, 52.64223984131762], [-8.638407301206383, 52.642252436079254], [-8.638330171562863, 52.64227684994579], [-8.638295579694892, 52.64227574199454], [-8.638165013896057, 52.64227739798603], [-8.638052650340104, 52.64226979690381], [-8.63794476534262, 52.642217608387924], [-8.637882614115039, 52.642182826301415], [-8.637869932005774, 52.642159165872215], [-8.637858425492599, 52.64211068284854], [-8.637862239083718, 52.642083356339086], [-8.637884644367531, 52.642029873118], [-8.637894945731318, 52.64200161286714], [-8.63792813633939, 52.641959234850134], [-8.637960975732632, 52.6419384212719], [-8.638039313909207, 52.641916868353974], [-8.638085385528987, 52.64191487656935], [-8.638690305297732, 52.641748320949006], [-8.638819682529396, 52.641720973676904], [-8.638899121271395, 52.641703009512526], [-8.638902449593044, 52.64170225453884], [-8.638934064692547, 52.64166134979779], [-8.63894830450046, 52.641633697385366], [-8.63895364219745, 52.64160251569253], [-8.638955085452782, 52.641594077030035], [-8.638952336011148, 52.64152200693241], [-8.638945712443, 52.64147914223164], [-8.638937254252692, 52.64145334692247], [-8.638927375541659, 52.641429437794564], [-8.63891312638668, 52.64140777230301], [-8.638902748007817, 52.64139621557874], [-8.6388946023427, 52.641392879956285], [-8.638871859992324, 52.641383574012195], [-8.638537160101777, 52.641165312364805], [-8.63847321401185, 52.641134036645], [-8.638367348428048, 52.64108846189113], [-8.638309273354478, 52.64106970190454], [-8.638116725013171, 52.641051881855546], [-8.637984414766859, 52.64099737114191], [-8.637832243165438, 52.640933484700014], [-8.637738880692712, 52.640887024161124], [-8.63768741120954, 52.64086422859353], [-8.637535310644031, 52.640858009330195], [-8.637381723051012, 52.64088264518553], [-8.637188481920141, 52.64091264428958], [-8.637093685456875, 52.64092607896652], [-8.637026813432117, 52.64093637938275], [-8.636940093655024, 52.64092299483122], [-8.63675856134074, 52.640890399768494], [-8.636592445330031, 52.64086630528485], [-8.636473394188002, 52.64085068526227], [-8.636400633518393, 52.64083193131822], [-8.636314623705454, 52.640789043404595], [-8.636309012586581, 52.640785317390744], [-8.636258736651836, 52.64075195282546], [-8.636149196421071, 52.64067285206788], [-8.63602500738793, 52.64066662482654], [-8.635948578210552, 52.64067199650156], [-8.63586995842679, 52.64069034977594], [-8.63577808741834, 52.6406966401031], [-8.635553981625273, 52.64071145039217], [-8.635343799002525, 52.640709260927], [-8.635180599164231, 52.640707878050485], [-8.635036609722873, 52.64070665624819], [-8.63484180860537, 52.64061773774445], [-8.634841802561555, 52.64059180697961], [-8.634849832572163, 52.64051983183532], [-8.634807165661401, 52.640438484022845], [-8.634568222356128, 52.64026821615507], [-8.63448811566371, 52.640262425331535], [-8.63445995224124, 52.64026434679888], [-8.633994323985537, 52.64031440432543], [-8.633939928922292, 52.640310839440225], [-8.633885543927382, 52.6403059262545], [-8.633832620216504, 52.640280467316735], [-8.633787023220158, 52.64022012212973], [-8.63375244638898, 52.64017495288969], [-8.633649476221203, 52.640012278867964], [-8.633670755506236, 52.63997874714948], [-8.633753931286474, 52.639772986111794], [-8.633752939034402, 52.63976638513199], [-8.633780841053726, 52.639738219845455], [-8.633888075044151, 52.63963984621849], [-8.63395637820387, 52.63957634806539], [-8.634134161859963, 52.63948511082319], [-8.634229653238547, 52.639445303565765], [-8.634353088230972, 52.63938536598645], [-8.634438294903024, 52.639342431815116], [-8.634491910868942, 52.63930754935116], [-8.634549942629281, 52.63926641442942], [-8.634585195181694, 52.639237796130296], [-8.63459681494891, 52.63903304683408], [-8.634599740915265, 52.638993267601634], [-8.634848410976694, 52.63875194392084], [-8.634971944250909, 52.63859909377615], [-8.634984772219832, 52.638564645367204], [-8.634982535074501, 52.63853891530071], [-8.634982184385516, 52.63853489947795], [-8.634975122980538, 52.63852577839678], [-8.634693736577827, 52.638226515585124], [-8.634379523408512, 52.63790875048152], [-8.634276897928792, 52.63780442616536], [-8.634230143782235, 52.63775689543427], [-8.634129857650086, 52.63765388871398], [-8.63404744332468, 52.63757092871715], [-8.633956595832403, 52.637473640834166], [-8.633645684643549, 52.63714357020014], [-8.63330831020577, 52.63678822080272], [-8.6332413552575, 52.636714642132], [-8.633202868575433, 52.636672675412946], [-8.633125617456109, 52.63660223463409], [-8.632978828865983, 52.63646448453428], [-8.63289642757899, 52.636386215474765], [-8.63282140726001, 52.63633320858011], [-8.63280116892319, 52.636318908662936], [-8.632726495698977, 52.636270384941334], [-8.63267757508773, 52.63625473714235], [-8.632566899996704, 52.63621249052826], [-8.632535998564865, 52.636178051118556], [-8.632515376370032, 52.63613108127547], [-8.63251018010462, 52.63606376080369], [-8.632507576989338, 52.6359979994146], [-8.632499834024369, 52.63596511715236], [-8.632481796361443, 52.63594163751929], [-8.632272763369539, 52.63571221607048], [-8.632211822138533, 52.635652805999925], [-8.6321361070749, 52.635566725980865], [-8.63184379443016, 52.63522625002671], [-8.631768140380933, 52.63515455947469], [-8.631690075944611, 52.635066280608775], [-8.631475419617487, 52.634806894255206], [-8.631188848670226, 52.63447664154522], [-8.630934492034351, 52.63420728210481], [-8.630872370453002, 52.63415283908451], [-8.630844206245213, 52.63412465838402], [-8.630801753189838, 52.63407879316022], [-8.63076718127428, 52.63402827504299], [-8.630749898982625, 52.63398323753093], [-8.630727851022924, 52.63393245499098], [-8.630690342151574, 52.63389547965477], [-8.63065801051996, 52.63387231850535], [-8.630565942589497, 52.63382389499002], [-8.630468448949772, 52.6337710691146], [-8.630394399134165, 52.63371507144543], [-8.630355591953048, 52.6336812667404], [-8.63035196948262, 52.633629658061245], [-8.630366972427147, 52.63354081124226], [-8.630382356311701, 52.63348566796824], [-8.630393141395176, 52.63344049904531], [-8.63037272784738, 52.63339237722192], [-8.630330591556216, 52.633365385263396], [-8.63026294358073, 52.633331275558966], [-8.630223996375614, 52.633308257338705], [-8.630151496447612, 52.63325312312275], [-8.630112717548297, 52.6332202170018], [-8.630067668700818, 52.633180701964655], [-8.629846754668346, 52.63296773375894], [-8.629827212850032, 52.63294836929803], [-8.62976405851406, 52.63290202950861], [-8.629734418918694, 52.63287387435998], [-8.629726481231813, 52.63282415812756], [-8.62972162280284, 52.63276357682649], [-8.629741951550116, 52.63247867012239], [-8.62974471288068, 52.632329398149416], [-8.629779903462344, 52.63225856420728], [-8.629806056631201, 52.63223735695591], [-8.62981994548771, 52.63222951646312], [-8.629849021390621, 52.63221309423929], [-8.62989076590947, 52.63219335903604], [-8.629926163688094, 52.63217914932389], [-8.629959904845556, 52.632148338298464], [-8.629983884990024, 52.63212806834077], [-8.63000065748121, 52.6320976081824], [-8.63002327837497, 52.63205264599311], [-8.63003596029694, 52.63201508896137], [-8.630045348710317, 52.63198478490671], [-8.629957973371395, 52.63176905739662], [-8.62995546667776, 52.63174798451101], [-8.6299538075919, 52.63173408865516], [-8.62996103805257, 52.63170473084746], [-8.6300939136345, 52.631305588310006], [-8.630120691598181, 52.63124257374536], [-8.630142903259214, 52.63117739034942], [-8.63018420326456, 52.63104350780924], [-8.630225148553341, 52.63091682665179], [-8.630266857898281, 52.63077754001591], [-8.630309516141963, 52.63061487011556], [-8.630353340364874, 52.63047373860578], [-8.630389607742941, 52.630355683932116], [-8.63039864069462, 52.63027910170477], [-8.63040578027509, 52.630221872066436], [-8.630422355507225, 52.630161311543645], [-8.63044368576167, 52.63009345429596], [-8.63047265035847, 52.629950388448286], [-8.630523924975018, 52.62974394520029], [-8.630559300674195, 52.62961017491269], [-8.630598071959382, 52.629444433631434], [-8.630634522596301, 52.62932998213575], [-8.630667868136424, 52.62923896131119], [-8.630693114543174, 52.62916203208338], [-8.631000954453478, 52.62901321185991], [-8.631038087035511, 52.62899041785721], [-8.631090248007219, 52.62895878932541], [-8.631119577059438, 52.628928522760454], [-8.631387300284995, 52.628457833443264], [-8.63138996339316, 52.62842631574557], [-8.631389685863054, 52.62838137641735], [-8.631435044112191, 52.628307189083095], [-8.6314933827783, 52.628214300085666], [-8.631731334424968, 52.62795186253308], [-8.631779222626575, 52.62789649176983], [-8.631823682198837, 52.62784613668911], [-8.631838913624884, 52.627827845444294], [-8.631869620573475, 52.627809237971825], [-8.63229435319265, 52.62754518278361], [-8.632393458920577, 52.627481125495], [-8.632468042195972, 52.627414853122055], [-8.632524952457553, 52.62736245390919], [-8.63258603963562, 52.62729242455396], [-8.632625949165023, 52.6272534005676], [-8.63268690943249, 52.62722068170413], [-8.632737350656035, 52.62719805876621], [-8.632781864240549, 52.62717512591577], [-8.632983839251095, 52.62700915913321], [-8.633506421343437, 52.62657994049435], [-8.633542098654834, 52.626478084581706], [-8.63358722265169, 52.62630726587237], [-8.633598906317804, 52.626250002703706], [-8.633618550367059, 52.62615381415556], [-8.633681147437734, 52.62593903970022], [-8.633728007559986, 52.62575964591085], [-8.633788445852362, 52.62554580871067], [-8.633828771440951, 52.625381388158054], [-8.633868449817786, 52.62521921809107], [-8.633901786380697, 52.625071004609524], [-8.633926434579596, 52.62496140583191], [-8.633981327851453, 52.624806560552635], [-8.633996413848608, 52.624666929524665], [-8.634033425477446, 52.62457582512259], [-8.634078046000301, 52.6244225537629], [-8.634272723297638, 52.623954261711695], [-8.634313898756327, 52.62391116769476], [-8.634358490201155, 52.62387654020451], [-8.634398609998803, 52.62381458564142], [-8.634445937554053, 52.62373630590148], [-8.634479512652366, 52.62367629184888], [-8.634529254219903, 52.62360154947219], [-8.634591188902247, 52.62354678538219], [-8.634667075276568, 52.623477349731125], [-8.634761687951936, 52.62341292796772], [-8.634821985029745, 52.62336853588884], [-8.634915574161548, 52.623298735570565], [-8.634961641091603, 52.62326408196356], [-8.63500165949207, 52.623226854188374], [-8.635058182674587, 52.62319421177753], [-8.635133286756979, 52.623176938370804], [-8.63522018784401, 52.623159403924596], [-8.635309243113515, 52.62315396492918], [-8.635407335896344, 52.62315148843337], [-8.63561087117569, 52.62315941176885], [-8.635731203487751, 52.62318524527265], [-8.635792537305779, 52.62317273716397], [-8.635859837722558, 52.62314798207507], [-8.635918000474359, 52.62311845833576], [-8.635920632240948, 52.62308604185111], [-8.635904423084899, 52.623046832569244], [-8.635871200859748, 52.622967968904476], [-8.635840123252498, 52.62288726912062], [-8.63582250452913, 52.62283639175646], [-8.635817318447502, 52.6227965031179], [-8.635819197351745, 52.62276410865068], [-8.636232122807563, 52.622234672597116], [-8.636288881970385, 52.622145124197786], [-8.63636194330451, 52.62202891017597], [-8.636397345445124, 52.621941372941116], [-8.636415911928308, 52.62183151861798], [-8.636436123199656, 52.62169964341605], [-8.636484091593331, 52.62152747790023], [-8.636523304315691, 52.62135855020421], [-8.636562817418733, 52.62120220432026], [-8.636605496598387, 52.620996379478655], [-8.636639789122862, 52.6208670620895], [-8.636657965111294, 52.620798564399436], [-8.636689764863359, 52.62068678732921], [-8.636729394674658, 52.62053449440946], [-8.636798698234102, 52.62027358165222], [-8.636834051637265, 52.62015638353604], [-8.636860750104757, 52.62007477118369], [-8.636879936866267, 52.619959960929265], [-8.636900629054281, 52.61981863644239], [-8.63691190438185, 52.619740774164775], [-8.636924997039927, 52.619704688149845], [-8.636960524497491, 52.61965040628779], [-8.636985258491306, 52.619607471600105], [-8.637337186568796, 52.61967959646169], [-8.637529146256952, 52.6197060764136], [-8.637728551313346, 52.619734718079414], [-8.637952458564921, 52.61976852150518], [-8.638143045399037, 52.61979905253627], [-8.63836421460939, 52.619840527860774], [-8.63853630963376, 52.619869881579746], [-8.638773003773583, 52.6199125487845], [-8.639045290113948, 52.61996027262677], [-8.639301960852647, 52.62000454775877], [-8.63949845616276, 52.62003501776346], [-8.639736677903395, 52.62007901403813], [-8.639935388811347, 52.620109462366635], [-8.639942191588949, 52.61999060190746], [-8.640179728766817, 52.619867196170865], [-8.640251401951287, 52.61982280272167], [-8.640340008761918, 52.61976487138597], [-8.640430821946326, 52.61970735948806], [-8.640562532680077, 52.61963192866838], [-8.640628733205777, 52.619593083319955], [-8.640748499095672, 52.6195128273133], [-8.640871997078202, 52.61943433065375], [-8.640993389631351, 52.61936034833313], [-8.641132274574215, 52.61927675273915], [-8.641422435169469, 52.619123830116244], [-8.641540749654133, 52.619052569334706], [-8.641671599768225, 52.61897712394911], [-8.641755038936044, 52.618927596512975], [-8.64180014702536, 52.61889773609335], [-8.641875044844321, 52.6188448303471], [-8.642001997151905, 52.61875640880059], [-8.64216865610518, 52.61866266660027], [-8.642336889296404, 52.618571594104814], [-8.642555916724142, 52.618446773886895], [-8.642745164327023, 52.61834066644057], [-8.64287049190205, 52.61827563102497], [-8.642976179844181, 52.61819460423625], [-8.643055216492902, 52.618138106959876], [-8.643566942153987, 52.61793809145383], [-8.643839880886695, 52.61784152241874], [-8.64408380524287, 52.617765441771446], [-8.644168519435121, 52.617728668902295], [-8.644263239150566, 52.617707525938876], [-8.644493143826796, 52.61766035478024], [-8.644974505594165, 52.61754243462206], [-8.645050174260504, 52.6175273179599], [-8.645197678031279, 52.61751960279381], [-8.645436657117415, 52.61750919597905], [-8.645564110244013, 52.61749672698849], [-8.645649933439243, 52.61747522692452], [-8.645736232549202, 52.61744292040618], [-8.645796217469229, 52.6174207701122], [-8.645858838917258, 52.61741521557893], [-8.645974065721653, 52.617415899598576], [-8.646118774104561, 52.617414948653696], [-8.646246516808526, 52.617414153000375], [-8.646389616795966, 52.617408275985085], [-8.646598563154189, 52.617406254878105], [-8.646793530219917, 52.617406619690264], [-8.646971683301672, 52.61741342166673], [-8.647128357318476, 52.617417743122644], [-8.647308167150191, 52.617431735079606], [-8.647474744305647, 52.617447659641996], [-8.647595472258324, 52.61746085952493], [-8.647692560969416, 52.617474305377215], [-8.647803490314148, 52.617479972591696], [-8.647918577125138, 52.61747616139312], [-8.648037779468838, 52.61748803891815], [-8.648492733282655, 52.617573516710884], [-8.648557546441836, 52.617595362719456], [-8.648617986091354, 52.617619048251754], [-8.648670993508055, 52.61764145318597], [-8.64880628661515, 52.61764688718425], [-8.649449855960954, 52.61763253002263], [-8.649629739455412, 52.61762046130361], [-8.64980453748508, 52.61761202446851], [-8.64998221221451, 52.617600398762114], [-8.650111126150357, 52.61758791686224], [-8.65019425205817, 52.617575874887535], [-8.650267584995733, 52.61755672302437], [-8.650318806142616, 52.61753825875598], [-8.650358649256903, 52.617520324315], [-8.650458586516656, 52.617463851136684], [-8.650562853091413, 52.617411542593366], [-8.65099415906207, 52.61720571665965], [-8.651144677243016, 52.61710868886381], [-8.651483076224162, 52.616925779306044], [-8.651699846553091, 52.616823299118046], [-8.651756439979469, 52.61677887374504], [-8.651827712052242, 52.616713568911265], [-8.651913825777672, 52.61663141040067], [-8.651970965789184, 52.616563172202824], [-8.652100831344688, 52.61644801080791], [-8.652244857550663, 52.61633580032148], [-8.652228262200303, 52.61630818110384], [-8.652180520281561, 52.61623964834498], [-8.652129399943473, 52.616160393277816], [-8.652082822929005, 52.616083773683584], [-8.652019650851376, 52.61597952583283], [-8.652000415181337, 52.61592226907645], [-8.652008421781387, 52.61588170625012], [-8.652102163913458, 52.61567403945553], [-8.652184002987442, 52.61555779407636], [-8.652240799292002, 52.61546257507617], [-8.652284940523547, 52.61538328089722], [-8.652344426624541, 52.615300163114206], [-8.652456323401273, 52.61517852987438], [-8.652618314898849, 52.61499773892005], [-8.652706020691843, 52.61489983270457], [-8.652813131626274, 52.614788166424], [-8.652838591644386, 52.61476111367472], [-8.652931505803252, 52.61466238941993], [-8.653024738810819, 52.614554951976075], [-8.653120244470038, 52.61448615115364], [-8.65314903265763, 52.6144668475821], [-8.653623935977757, 52.6143385732915], [-8.653761829388152, 52.61431500034145], [-8.653857711956773, 52.61431225106881], [-8.654139455142504, 52.61432297351251], [-8.654487208093304, 52.61434083575184], [-8.654674516973847, 52.61435337292152], [-8.654854083402023, 52.61437548008042], [-8.655093938070022, 52.61441018760086], [-8.655190809718544, 52.614432140323856], [-8.655266316348255, 52.61445621551585], [-8.655444086305184, 52.614544862326866], [-8.655589339686104, 52.614614651833655], [-8.655837550185622, 52.61473012445559], [-8.65595508033093, 52.6147895418192], [-8.656018552176295, 52.61475131409762], [-8.656065245970995, 52.61471782615823], [-8.65614071864175, 52.614665483360646], [-8.6562828764443, 52.61456271584624], [-8.656384388579326, 52.614496980031376], [-8.65654157076027, 52.6144569294644], [-8.65672998077273, 52.61440383447753], [-8.656809664799864, 52.61438334902633], [-8.65701543426514, 52.614321016339424], [-8.657210868907105, 52.61425883949973], [-8.65740261194046, 52.61419670079864], [-8.657485269423775, 52.61417662083466], [-8.65758348467587, 52.61415810828047], [-8.657667463438269, 52.61415329179791], [-8.65775370187339, 52.61416820977373], [-8.657905907175373, 52.614189358678715], [-8.658021650794343, 52.614203393536826], [-8.65820277250064, 52.61422771605578], [-8.658354161956515, 52.61424662186977], [-8.658505918853447, 52.614256546240874], [-8.658656760014086, 52.61426153200179], [-8.658770393062373, 52.61425986649842], [-8.658914922907243, 52.61425461352039], [-8.659112810220364, 52.61423599466543], [-8.659890603846089, 52.61420529317082], [-8.660004821927973, 52.61421799534942], [-8.66025589825239, 52.6142377005109], [-8.660568995298679, 52.6142564930604], [-8.660871892969942, 52.61427947625357], [-8.661071802182892, 52.61429318237568], [-8.661216149810922, 52.61430230872086], [-8.661393757790309, 52.614311833429774], [-8.661633374807808, 52.61434024629773], [-8.661869811439734, 52.61436239370149], [-8.662106119311094, 52.6143818628708], [-8.662276666993572, 52.6144000364106], [-8.662502798476323, 52.61442324684186], [-8.662714266375279, 52.614449352181026], [-8.662937302777935, 52.614469010784305], [-8.663182634010395, 52.614492382118186], [-8.663415955330736, 52.61451054413147], [-8.663810207872983, 52.614546562376596], [-8.664141516954752, 52.614578105548254], [-8.664289721502023, 52.614591215264106], [-8.664462907529323, 52.614619680327436], [-8.664527449575733, 52.61462728183297], [-8.66462598931858, 52.614636175619104], [-8.664821229241376, 52.614643645830284], [-8.664938302887498, 52.61465362178373], [-8.66556618644096, 52.61464126036783], [-8.665700388908911, 52.61463658743839], [-8.665816202059187, 52.614633545708756], [-8.666001201851815, 52.6146249826546], [-8.666072724869162, 52.614622594135696], [-8.666221039663526, 52.61460108726477], [-8.666671006735074, 52.61451537006097], [-8.666772788117374, 52.614493656978084], [-8.667287197805488, 52.614338230732116], [-8.66746358357498, 52.61427991029839], [-8.667705922431498, 52.61420938041796], [-8.668015999527643, 52.61411492798132], [-8.668330719294238, 52.61402580550313], [-8.66847393554839, 52.61398775032487], [-8.668694979450635, 52.61392022378697], [-8.668923426031078, 52.61385305051421], [-8.669261217781491, 52.61375009724839], [-8.669703594999495, 52.61362178930612], [-8.669870249667753, 52.61357933951558], [-8.670006052940682, 52.613540479503015], [-8.670224011040967, 52.61346940822096], [-8.670544969895708, 52.61337075298766], [-8.670887254800071, 52.61326953131326], [-8.67110400611159, 52.613205664787294], [-8.671271210251195, 52.61315781698117], [-8.671532556218189, 52.613082497656706], [-8.671721020813573, 52.613031634487214], [-8.671880319342854, 52.61298928648423], [-8.671989489512736, 52.61296834491788], [-8.672163077837258, 52.612932530788605], [-8.672255335753231, 52.61291320394443], [-8.672336783924743, 52.61312324543578], [-8.672410352986326, 52.61328350997809], [-8.672491743775185, 52.61347332822184], [-8.67258178028842, 52.61369538294302], [-8.672685621965758, 52.61392980785824], [-8.672777288374904, 52.614154990045606], [-8.672872967297113, 52.61437021740123], [-8.672964489657659, 52.614573361179104], [-8.67304713721928, 52.614738894739745], [-8.67309813723251, 52.614832981086714], [-8.673154879346669, 52.61494135298654], [-8.673244002747396, 52.61514004303083], [-8.67332109163007, 52.6153146501103], [-8.673508800706069, 52.61568942466865], [-8.673678232273375, 52.61582760759589], [-8.673708241139593, 52.61583929237406], [-8.673858545688445, 52.61592426581426], [-8.673969661521271, 52.61598825886037], [-8.674196393908748, 52.61611885256854], [-8.674367228455264, 52.61621835030061], [-8.674559740169396, 52.61634270256167], [-8.674727610085856, 52.61644136277645], [-8.67490104309758, 52.616550264572524], [-8.67505595291479, 52.616676070613295], [-8.675484863005268, 52.61711784952901], [-8.67558612657538, 52.61721299640436], [-8.675726011724402, 52.61729497090699], [-8.675843254319359, 52.61736515607027], [-8.67611191877143, 52.61749152511109], [-8.676271244186454, 52.61757951797024], [-8.67638060556826, 52.61765565283904], [-8.676498084418268, 52.61774965473235], [-8.67658870676954, 52.61783731142848], [-8.67668525001268, 52.617924880305324], [-8.676829539747498, 52.61804320358495], [-8.676987618258632, 52.61819278075091], [-8.677167448981285, 52.618331699200596], [-8.677376100419774, 52.618508400759275], [-8.677570600772471, 52.61866373704713], [-8.677778156765221, 52.61883145596313], [-8.677885929239212, 52.61892290543087], [-8.677938394743206, 52.618960778079355], [-8.678204738601888, 52.61912134676026], [-8.67843206588108, 52.619284726887315], [-8.678676319911105, 52.61942809176425], [-8.678876408765879, 52.619538389986516], [-8.678994617813812, 52.619613051602734], [-8.679129240735302, 52.61969285912694], [-8.679197078355243, 52.61965320078895], [-8.679294231849203, 52.61958974434768], [-8.679454879543682, 52.61948848783842], [-8.679573008535463, 52.61941392728367], [-8.679675026208328, 52.6193423083032], [-8.679763309482219, 52.619297409060316], [-8.67991377994644, 52.61921522934214], [-8.6799566231089, 52.619207640089186], [-8.680026473593486, 52.61921886988283], [-8.68012251597997, 52.61925251863605], [-8.68029959992992, 52.61932002788728], [-8.680422988549578, 52.61933620808898], [-8.680602073162062, 52.61936412137322], [-8.681304694316486, 52.61985531444391], [-8.681540865743564, 52.62005084247143], [-8.68174604820802, 52.62023738938831], [-8.681934709015835, 52.6204440657436], [-8.682014536029186, 52.6205354476129], [-8.682058774301169, 52.62057859693317], [-8.682093307877171, 52.62060643229562], [-8.682162528930112, 52.620652044311576], [-8.68224760809082, 52.620691722635385], [-8.682657933927834, 52.62083358352555], [-8.682745007643241, 52.62084953014761], [-8.682816418128837, 52.620864937810474], [-8.68290851396935, 52.62089136256904], [-8.682992245608139, 52.6209297897793], [-8.683022382905781, 52.62095028888302], [-8.683057623291676, 52.62100354749904], [-8.683042063935986, 52.62103815188457], [-8.683018111487357, 52.62107342484276], [-8.682958610388077, 52.62112957558604], [-8.682937910562403, 52.62116223218746], [-8.682921130331895, 52.621220887019646], [-8.682922109196497, 52.62128378077624], [-8.682941083494162, 52.621366093158144], [-8.682984827393957, 52.62145042889609], [-8.683010976748417, 52.621539198366044], [-8.68301198946848, 52.621604258078946], [-8.682964619028283, 52.62174334487031], [-8.682923440135795, 52.62182382886508], [-8.682902826464225, 52.621862992412716], [-8.682889488932695, 52.621915119934336], [-8.682890973984788, 52.62201053904518], [-8.682889114506972, 52.62216626125815], [-8.682917399262477, 52.62230301539101], [-8.682963846446224, 52.62241768867656], [-8.683032940285823, 52.62252699126016], [-8.683126283032117, 52.622604812146925], [-8.683220704607283, 52.62266273586382], [-8.683637658992753, 52.62247693543849], [-8.683850776625112, 52.62236772127437], [-8.684063343897556, 52.62226211416655], [-8.684258319528785, 52.62215836996572], [-8.684526706694546, 52.62203252175983], [-8.68479951259678, 52.62189180788544], [-8.684976857978404, 52.62180083775244], [-8.685261135368346, 52.62166004748745], [-8.685563547313734, 52.621507916345955], [-8.685702217933544, 52.62143543292865], [-8.685869957462739, 52.62135754093958], [-8.68644971580365, 52.62106887068544], [-8.687069102041018, 52.620727135108304], [-8.687084491002565, 52.62071958565258], [-8.68845582077133, 52.62004520327923], [-8.688569732653752, 52.619955944548295], [-8.68866814396368, 52.61991322683779], [-8.68888398431264, 52.619807816658266], [-8.689335493786118, 52.619591226149986], [-8.689944003677576, 52.61929312243493], [-8.690207654345857, 52.619158408456585], [-8.690538728426677, 52.61901108592729], [-8.690765919807948, 52.61891432467391], [-8.691087227601864, 52.61872849814578], [-8.691340682110333, 52.61858351364901], [-8.691514524021436, 52.61851276853148], [-8.69173787531327, 52.61838817336209], [-8.692149009543057, 52.6181874472362], [-8.692426404661505, 52.6180495560153], [-8.692637280885172, 52.61793486514163], [-8.69294926500809, 52.61775807621531], [-8.69350972201283, 52.61749589126029], [-8.693629697750342, 52.6174484501686], [-8.693644799198651, 52.617442474470735], [-8.693667898964371, 52.61743333302937], [-8.693717893449525, 52.61742063655184], [-8.693873782526884, 52.61737219393937], [-8.693932871005787, 52.61734718418952], [-8.694055786406238, 52.61729518639829], [-8.69423698175508, 52.617204449331126], [-8.69436659452093, 52.617110050539615], [-8.69459890430549, 52.61700193570414], [-8.6947222364538, 52.61693066405081], [-8.694924253884176, 52.61685875994217], [-8.696138684904636, 52.6162201720337], [-8.697330180475427, 52.61564685309318], [-8.69803386400653, 52.61529619521193], [-8.6985611025525, 52.615121807926094], [-8.69862191867768, 52.615121269519875], [-8.698892255875846, 52.615205674150175], [-8.698905761179514, 52.61520990881483], [-8.699092973871398, 52.615312689921716], [-8.699119262953616, 52.61534074877916], [-8.69956146174111, 52.61557439346727], [-8.699624107337737, 52.615595945761044], [-8.699599055215218, 52.61568164352592], [-8.699587664783627, 52.615745248471555], [-8.699506191015622, 52.61595995465458], [-8.69952869311703, 52.61600052939672], [-8.699560149185343, 52.61602937557089], [-8.699594280718602, 52.61604911885362], [-8.699774584839247, 52.61611653511095], [-8.699838856945817, 52.61614742542451], [-8.69988756382921, 52.616173643911495], [-8.699920495214066, 52.61622089812128], [-8.699999862953836, 52.61630939449285], [-8.700034682589699, 52.616345402247255], [-8.700091420870272, 52.61636591960486], [-8.700340942811188, 52.616440826560755], [-8.700382112176495, 52.6164582899451], [-8.701080546082046, 52.61654697988243], [-8.701547912909659, 52.616615965946956], [-8.7016323821448, 52.61662427323757], [-8.701647572099288, 52.616625766094735], [-8.70234132068631, 52.61675447390686], [-8.702611873627566, 52.616805154001554], [-8.702752512083581, 52.6168379446968], [-8.702765918092343, 52.61684514562169], [-8.702929199836095, 52.616963962788425], [-8.703369568815813, 52.617339132541765], [-8.703671345852339, 52.61759614698931], [-8.703947948411281, 52.61783021055546], [-8.704042893304162, 52.61790494957533], [-8.70409750961507, 52.61793563430883], [-8.704142500951981, 52.61796101925262], [-8.70420705344106, 52.617989694434065], [-8.70434443396653, 52.618041854231954], [-8.70496531102121, 52.61828131925057], [-8.705360551405851, 52.61842595982229], [-8.705811990771446, 52.618599314163944], [-8.707305280452507, 52.619186928546675], [-8.707602492556482, 52.619299663493045], [-8.707908242450921, 52.61942430998743], [-8.707964373450153, 52.61944790117969], [-8.708031761896644, 52.61947997285404], [-8.708138716208307, 52.619545990160844], [-8.708185218548545, 52.61958330987348], [-8.708535564354309, 52.61988030675631], [-8.708623083896967, 52.61994990930963], [-8.708879989663822, 52.62015517309813], [-8.709362475625063, 52.62052315662079], [-8.709430710468629, 52.62060650017464], [-8.709467597146784, 52.62068471040533], [-8.709542406451378, 52.62078543367341], [-8.709586247983767, 52.62084445732272], [-8.709671077537875, 52.62096849882522], [-8.7099049516277, 52.62131415037748], [-8.710145331808569, 52.62165001025045], [-8.710374249753956, 52.62200471472559], [-8.710475549595447, 52.62214779277532], [-8.710655063826257, 52.62239728936545], [-8.710831668596136, 52.62265578235535], [-8.711085679879693, 52.62301072135239], [-8.711230832825294, 52.62319647219057], [-8.711269453801401, 52.62323008991786], [-8.711402051513089, 52.62329362236766], [-8.711614552176725, 52.623382578764094], [-8.712009222836707, 52.623548889165086], [-8.712400132754825, 52.62370171159234], [-8.712871616610352, 52.62386828525097], [-8.713464565112371, 52.62408896267003], [-8.713872507101387, 52.624235054267935], [-8.713879832861645, 52.6242376787242], [-8.714622309925563, 52.624511953744985], [-8.714905116294728, 52.6246173779813], [-8.71510207898756, 52.62469916841258], [-8.715487760963425, 52.62483986916182], [-8.715848322067057, 52.62498152039844], [-8.716220021160552, 52.62512853208441], [-8.716616838354847, 52.62527953424025], [-8.716677751173407, 52.6253038644741], [-8.717323975612574, 52.62556196068672], [-8.717685403812146, 52.6257215775093], [-8.717819185660506, 52.625774209102275], [-8.7178853087825, 52.625800217603874], [-8.718051784840643, 52.62584432055199], [-8.718336706360022, 52.6259326551899], [-8.718333204128943, 52.62596322734117], [-8.718317907759436, 52.62599876957417], [-8.718300908194793, 52.62611522498307], [-8.718292214827976, 52.62625906203547], [-8.7182750908462, 52.62635439590394], [-8.718233654219382, 52.626460555150956], [-8.71819868856955, 52.62653793985857], [-8.718179860401325, 52.6265995692774], [-8.718186726412636, 52.626633709804594], [-8.718228149114744, 52.6267621608197], [-8.718263049876043, 52.626908151394595], [-8.718288225621166, 52.62703753678371], [-8.718295903512752, 52.62708155940635], [-8.718281411188837, 52.627127442176686], [-8.718267759820888, 52.627187700975085], [-8.718266634155986, 52.62724254484025], [-8.718267153623929, 52.62732479275703], [-8.71829461820797, 52.62744870841977], [-8.71832470085866, 52.627550281499765], [-8.71836832747514, 52.62767071958482], [-8.718517785662986, 52.627979402985865], [-8.71852377839613, 52.62799176137576], [-8.71853080545677, 52.62802578405294], [-8.718055628369866, 52.62810509162042], [-8.717713283777778, 52.62816700943966], [-8.71727634504521, 52.62833927191566], [-8.716876264304014, 52.6285002003357], [-8.717073998650159, 52.628701094479865], [-8.717172055304685, 52.628788064030026], [-8.71729692357927, 52.62887238144497], [-8.71741527638863, 52.62896020762745], [-8.717775166954093, 52.62922723349493], [-8.718010155974355, 52.62940333561014], [-8.718036578363265, 52.62942654480568], [-8.718088533296054, 52.62946642516132], [-8.718122580128979, 52.62947623165832], [-8.718198044524783, 52.62949762454807], [-8.71828751276464, 52.62951000720662], [-8.718353347013595, 52.629525139674996], [-8.718360389210934, 52.62958804135455], [-8.718366339466497, 52.62964830712253], [-8.718363634755997, 52.62982861785763], [-8.718505610832711, 52.62989289443695], [-8.718723408446909, 52.62999395802533], [-8.718958297159231, 52.630109379518814], [-8.719085727129054, 52.63017020232111], [-8.719142729162554, 52.63018894728503], [-8.719215189666597, 52.63020180998208], [-8.71944504667193, 52.63022015252934], [-8.719660110317843, 52.63023897996973], [-8.719754713499066, 52.63024639581048], [-8.719823452115296, 52.630252980016955], [-8.71984565335029, 52.63025921776586], [-8.719890114881768, 52.63027979126199], [-8.71999099499277, 52.63034742567837], [-8.72010381041557, 52.630433907632245], [-8.72019798508307, 52.63049166864079], [-8.720271339842924, 52.630526555339074], [-8.720348343307142, 52.63055333941517], [-8.720437097701542, 52.63057245695814], [-8.720503657915337, 52.63058487837179], [-8.720582700291159, 52.630587390741105], [-8.720635818877101, 52.63057379209343], [-8.720691071674642, 52.63055163266012], [-8.720762344424784, 52.63049034897406], [-8.72086380209274, 52.630415938583496], [-8.7209609095134, 52.63035368864879], [-8.720980374841796, 52.63034624481385], [-8.72101176011273, 52.630334243324185], [-8.721115802547171, 52.63031557080233], [-8.721233914746167, 52.63030450644226], [-8.721418698208767, 52.63032340715877], [-8.721684104376797, 52.63035918173159], [-8.72193480631927, 52.63040174152013], [-8.722138158528034, 52.630435870830766], [-8.722239360105267, 52.630448331794305], [-8.722226323334862, 52.63047835995511], [-8.722189286984161, 52.6305777795165], [-8.722100575658503, 52.63080001422498], [-8.721997941792507, 52.631037128278535], [-8.721903939922244, 52.63124140067866], [-8.721849907127044, 52.63133950354037], [-8.721811138123117, 52.63140644117542], [-8.721468417056768, 52.63199186281014], [-8.72138506462128, 52.632124451932825], [-8.721197019293312, 52.632408059863884], [-8.721074906617917, 52.632602957181845], [-8.721034689659826, 52.632669121381745], [-8.721024141255342, 52.63273917667643], [-8.721022529885621, 52.632749891426805], [-8.72101177122468, 52.63281255071165], [-8.720862864779777, 52.633069845122755], [-8.720694522829701, 52.63333928376105], [-8.720613902236762, 52.63345051770191], [-8.720729604427667, 52.633953036122605], [-8.720733526511696, 52.633988533617156], [-8.720736791220002, 52.6340370679949], [-8.72071411509846, 52.63407307782318], [-8.720658348089708, 52.634132541384886], [-8.720622870909008, 52.63424633200928], [-8.720586618202228, 52.63435519281748], [-8.720574459793442, 52.63441813919014], [-8.720564015073021, 52.634519751344584], [-8.720505623128101, 52.63486281733886], [-8.720489217090318, 52.63495678981069], [-8.72048316498517, 52.634989471736155], [-8.72047566232948, 52.635030081081105], [-8.720472966061681, 52.63507099376228], [-8.72047321683365, 52.635111439113295], [-8.720485618270658, 52.63520625207291], [-8.72049420090359, 52.63527724257198], [-8.720523377473627, 52.6353329088006], [-8.720565687507301, 52.63536696842629], [-8.72061101124951, 52.6354082092515], [-8.720630638894773, 52.635422192354035], [-8.720717991232082, 52.635480344962865], [-8.720794192081865, 52.63552426512985], [-8.720862202146629, 52.635564208369736], [-8.720941936911395, 52.63558043229182], [-8.721022621759491, 52.63560142310988], [-8.72104345074761, 52.635612981009345], [-8.72112637947848, 52.63565901718703], [-8.721207584719306, 52.635719723542024], [-8.721296637315573, 52.635800326872335], [-8.72142571773606, 52.63589830328455], [-8.721575991776708, 52.636045208051215], [-8.721693224660916, 52.63614945817549], [-8.721749358544955, 52.6362396902808], [-8.72183117969985, 52.63634757148327], [-8.721909877191283, 52.63640837352679], [-8.722072117665924, 52.63663579289139], [-8.722147109957627, 52.636690451455955], [-8.722200532178988, 52.63672357990354], [-8.722339199560462, 52.636796959115664], [-8.72245634909492, 52.63685645677665], [-8.722587199113924, 52.636866013264296], [-8.722789656495479, 52.63686730409631], [-8.722915350831283, 52.6368777815033], [-8.723004931962613, 52.636903183828785], [-8.72305981023816, 52.63693406494512], [-8.723088812284459, 52.636960960396266], [-8.723168902528478, 52.637003911541555], [-8.723326793143272, 52.637079940636454], [-8.723475051406066, 52.637148801829], [-8.723589099322508, 52.63718671868297], [-8.724101500768095, 52.63734591516441], [-8.72416297625782, 52.63736824363485], [-8.724298514596144, 52.63741375830812], [-8.724462153147096, 52.63746368499694], [-8.724684290878384, 52.63753101435659], [-8.724900587347904, 52.63761138495285], [-8.72507408534756, 52.637698155999665], [-8.725198106671506, 52.63778954395487], [-8.725248712816663, 52.637843352122516], [-8.725311686123105, 52.63797581214629], [-8.725376695652653, 52.63808218492207], [-8.725467544850567, 52.63818489406054], [-8.725673108591248, 52.638423521149534], [-8.725771459248236, 52.638542857207064], [-8.725911303787575, 52.638786596215866], [-8.72598190833151, 52.63895588766958], [-8.725996771061698, 52.63907542044721], [-8.72601604980128, 52.63930193058009], [-8.726028635007976, 52.63952126419828], [-8.725987195812683, 52.63972949584799], [-8.725941949856754, 52.639922003488216], [-8.725904100137006, 52.64000616709152], [-8.725882261395824, 52.640053416971654], [-8.725855229418308, 52.64010024026267], [-8.725807127186876, 52.640197014149436], [-8.72573496224123, 52.64034239072661], [-8.725669445634303, 52.64048865232262], [-8.725653493919204, 52.640532747200055], [-8.725620000364415, 52.64060699701562], [-8.725541305471422, 52.640768574213055], [-8.725462066760238, 52.640960723510794], [-8.725409643186941, 52.641076839291394], [-8.725404989928045, 52.64115281796866], [-8.725389788537852, 52.641308388706065], [-8.725363673895526, 52.64138037318173], [-8.72531976171513, 52.64144297506894], [-8.725290624332226, 52.64150463262548], [-8.725230947036499, 52.64164053976091], [-8.72519248297272, 52.641742224842275], [-8.725114748673564, 52.64215687620865], [-8.725019729160683, 52.642311757834136], [-8.724928410123475, 52.64246617631755], [-8.724891437374232, 52.64257145642228], [-8.724878701655733, 52.64265554690437], [-8.724903264373916, 52.64278899702956], [-8.724928536263462, 52.64292064517142], [-8.72504546559977, 52.64294328106166], [-8.725293466865583, 52.64300828488008], [-8.725630287816063, 52.643093740703115], [-8.726194382640104, 52.6432343745734], [-8.726267487432999, 52.64325883278803], [-8.726276854370036, 52.6432997884662], [-8.72616152909006, 52.64329558771466], [-8.725636351000437, 52.64333152196381], [-8.72510323316437, 52.6433958062621], [-8.724565696058544, 52.64346548112584], [-8.724271755641517, 52.64349274166326], [-8.724070662885067, 52.643480200730714], [-8.723650695099082, 52.643449348168836], [-8.723354851554255, 52.64341502203084], [-8.723103932983898, 52.643356764112816], [-8.722658475913027, 52.64327110982856], [-8.722249952531318, 52.643181327887326], [-8.721871728471033, 52.64309641131841], [-8.721644447359768, 52.64303405151248], [-8.72145919580485, 52.64296123379085], [-8.721290840611532, 52.642869950071976], [-8.720951007105146, 52.64266626071218], [-8.720797481347342, 52.64258257995069], [-8.720382260510558, 52.64237592302238], [-8.720259949832059, 52.64231959158351], [-8.720072369369618, 52.642227901680585], [-8.719579444923257, 52.64200390852532], [-8.71920517615155, 52.6418421014872], [-8.718795953516027, 52.64164622437739], [-8.718444606872774, 52.64148525560213], [-8.718108806163352, 52.64132695094622], [-8.717862740971555, 52.6412183187122], [-8.717369100277715, 52.640996118356775], [-8.716833905210146, 52.64074434455107], [-8.716455188526673, 52.64057579663858], [-8.716164574274542, 52.6404340121726], [-8.715667264876917, 52.6402095618928], [-8.715055665818134, 52.63991121533387], [-8.714991836620984, 52.63987948572359], [-8.714625664757232, 52.63969739197645], [-8.714213585393653, 52.63950958769063], [-8.714103935768637, 52.63946490317438], [-8.713963259618493, 52.63942299410896], [-8.713815401283025, 52.639380975345404], [-8.713737030334498, 52.6394079536039], [-8.713692862977265, 52.63943308096116], [-8.71315385953178, 52.63961329463691], [-8.713110281862074, 52.63961475233708], [-8.712959436475868, 52.6395998318825], [-8.71276795397162, 52.639584562472145], [-8.712359155058943, 52.63955902267039], [-8.71210560484476, 52.639544790448895], [-8.711968093089736, 52.63953569383651], [-8.71165908825797, 52.639515753796296], [-8.711408486429317, 52.63950017212471], [-8.711339741375001, 52.639496737904], [-8.711158695146503, 52.63949447206033], [-8.710990214083491, 52.63949533033766], [-8.710945616154445, 52.63956781798642], [-8.710868991297545, 52.63971903650473], [-8.71080618144645, 52.63983201726033], [-8.710754940963866, 52.63990675577192], [-8.710752100274537, 52.6399247491763], [-8.71076918398668, 52.639938641300375], [-8.710814504487086, 52.63997540074685], [-8.7108813124019, 52.64002243957997], [-8.710887386468494, 52.640048046422706], [-8.710864296650591, 52.64013395917083], [-8.710828030698977, 52.64023923060775], [-8.710820111925834, 52.640270269363505], [-8.710737922170336, 52.64035902633128], [-8.710648365327241, 52.64045363378933], [-8.710617737299089, 52.640502039069894], [-8.710609611888298, 52.640514868993435], [-8.710584801026585, 52.64056392248004], [-8.710607916270478, 52.64059623119178], [-8.710640642528952, 52.64062896761999], [-8.7107252168646, 52.640681814207596], [-8.710780887455197, 52.64071988677447], [-8.710831644159473, 52.64079753679076], [-8.710717472697748, 52.64085490112018], [-8.7104802644463, 52.64096695019522], [-8.710318193621474, 52.64104645159885], [-8.710244560144906, 52.641087088126056], [-8.710154673464586, 52.64112955673662], [-8.710128128530194, 52.64113636707801], [-8.710053598714948, 52.64115452043015], [-8.71000857666855, 52.64116451542332], [-8.709970957506197, 52.64117270436027], [-8.709732221701472, 52.64121433868612], [-8.709693416161935, 52.64124143678296], [-8.70966924953724, 52.641260088185646], [-8.709627483331309, 52.64129232725483], [-8.709537859176422, 52.64136021239324], [-8.709436615224687, 52.641433218389764], [-8.709387813868137, 52.64146901387141], [-8.709345689318567, 52.641505614251415], [-8.709315893375454, 52.641536172664566], [-8.709289624539982, 52.64158108205543], [-8.709194749427997, 52.64175648799165], [-8.709159712285125, 52.64180376878067], [-8.709101228002474, 52.64189230180565], [-8.708986220500877, 52.6420819484673], [-8.708828399232834, 52.64236349458986], [-8.708681146707983, 52.64261431860277], [-8.70847336076876, 52.64297618476952], [-8.70829225823752, 52.64328595736533], [-8.708138317379486, 52.64355396107921], [-8.708019229408857, 52.643756807778516], [-8.707863764177228, 52.644036765498804], [-8.707806811610938, 52.64412807502188], [-8.707608478162182, 52.6444502542231], [-8.70763909000623, 52.644493852813184], [-8.70774791650758, 52.644644617645255], [-8.70790513036078, 52.644858055471595], [-8.708048387524693, 52.64503160607463], [-8.708179949509182, 52.64520101993247], [-8.708178065418144, 52.64522800470002], [-8.708200943813523, 52.645260243367936], [-8.708272134797127, 52.645360566302045], [-8.708376575416716, 52.64549386577632], [-8.708511784232405, 52.64567480726021], [-8.708641882121231, 52.64585763071526], [-8.708722560001608, 52.645969707097876], [-8.708851722872135, 52.646147601403655], [-8.70900966415359, 52.64636057498939], [-8.709135404847519, 52.64652683179733], [-8.709185558489775, 52.646597106772944], [-8.709111588978919, 52.64661395285371], [-8.708918190778595, 52.6466748454064], [-8.708504141667571, 52.646799291217846], [-8.708344976314805, 52.64684797893755], [-8.707943474672437, 52.646971790506406], [-8.707589326257837, 52.64707869883062], [-8.7073287990094, 52.64716127358686], [-8.707049167123646, 52.64724683797422], [-8.706871838944872, 52.64730299338491], [-8.706630939038769, 52.64737763879539], [-8.706589301709368, 52.64738994920137], [-8.706397762527626, 52.647460255119306], [-8.706190834275382, 52.64753393311814], [-8.706069110856092, 52.64757621076287], [-8.70602501665523, 52.647601154996835], [-8.705920006274045, 52.64765442430861], [-8.705735860376956, 52.64774349734064], [-8.705615519340618, 52.647801944984764], [-8.70554011407055, 52.647838139910704], [-8.70549083365233, 52.64786225195757], [-8.705277672077676, 52.64796479949974], [-8.705268278949514, 52.64806159505064], [-8.705254988275252, 52.64817149157875], [-8.705240760091137, 52.64825802444841], [-8.705280377984808, 52.64834240326461], [-8.705364238286814, 52.648533109395494], [-8.705382109025575, 52.648572847563], [-8.705548752757819, 52.6488917892752], [-8.705597877474315, 52.64899197548893], [-8.705676505025938, 52.64912828020929], [-8.705684953529678, 52.64916195349664], [-8.705692969964515, 52.64922753734504], [-8.705698288248124, 52.64931829513607], [-8.70575806796316, 52.64954324546746], [-8.705779713220394, 52.64964113249609], [-8.705867731545306, 52.6499603532225], [-8.705843573086609, 52.65005975342484], [-8.705847520788751, 52.650162653383305], [-8.705847938040918, 52.65028309230102], [-8.705848407337196, 52.650332425539425], [-8.705849051052079, 52.65039993180643], [-8.70584312540667, 52.65055139968922], [-8.705831534427167, 52.65065391581973], [-8.705817334306364, 52.650714634550425], [-8.705820561246716, 52.6507424876258], [-8.705825259005996, 52.650768983715956], [-8.705911531194888, 52.65105853584155], [-8.705954377726092, 52.65121008168832], [-8.705998729491164, 52.65136697549391], [-8.70602700460297, 52.65146440050925], [-8.706101707251708, 52.65177871187969], [-8.706154360792532, 52.65202884428147], [-8.706183567798009, 52.65214828469371], [-8.706159548611662, 52.65216370769927], [-8.706204395347195, 52.652384234640245], [-8.706198587297001, 52.65240259611283], [-8.705874086619414, 52.65246936104896], [-8.705646768843025, 52.65249628616447], [-8.705611323673104, 52.65250521573592], [-8.705592995868958, 52.652517989181796], [-8.705546154210134, 52.65256355042703], [-8.705517684982938, 52.652600948882885], [-8.70543331357086, 52.65266551876437], [-8.705276961207671, 52.65277390284606], [-8.7046585547794, 52.6531057213709], [-8.704546903694565, 52.65315962208525], [-8.70431770657709, 52.65330807572108], [-8.70424129000862, 52.65335373131468], [-8.703804452292362, 52.65326674150869], [-8.703683678187188, 52.65323211728149], [-8.70342902845106, 52.65310808250628], [-8.703413809205394, 52.653063196097015], [-8.703397183434236, 52.65302460075712], [-8.70336723594577, 52.6529829116638], [-8.703332910677275, 52.652949319911855], [-8.703203114654068, 52.65289856106661], [-8.703077822515825, 52.65285675452951], [-8.703034743053326, 52.65291038179446], [-8.703054685217243, 52.65298805600106], [-8.702912859615848, 52.65307557912242], [-8.702645751270076, 52.653052796266984], [-8.702271585767276, 52.653044237380364], [-8.70226285173392, 52.65322876209743], [-8.702073192757814, 52.65333726738116], [-8.701877992398046, 52.65339421315263], [-8.70167952389153, 52.65354523901849], [-8.70041015906697, 52.65467344535834], [-8.700095010014287, 52.65454261541849], [-8.699629997514995, 52.65436672203486], [-8.699263615233532, 52.65422599078656], [-8.698790410601713, 52.65404293395331], [-8.698365353333688, 52.65387319058867], [-8.698047952978117, 52.6537543047534], [-8.697565953621638, 52.65357891680058], [-8.697244855183202, 52.653460491006555], [-8.696956643081805, 52.653380151491326], [-8.696563466121582, 52.65329792958544], [-8.696017991689569, 52.65320769369762], [-8.695572694837717, 52.65316115199039], [-8.69508019606138, 52.65312600382465], [-8.694642352920205, 52.65308617399838], [-8.694181602315625, 52.653048220447026], [-8.6938894987911, 52.653024953084696], [-8.693636745960095, 52.653022675714396], [-8.693126276082797, 52.65303971996089], [-8.692646847673288, 52.65305799171951], [-8.692533054233623, 52.65306422043482], [-8.692103973353573, 52.65308771448693], [-8.691514779574755, 52.653142773019134], [-8.690956771954019, 52.65321298956538], [-8.690505880121657, 52.653282840047105], [-8.689942356652844, 52.65339532825875], [-8.68933887089015, 52.6535861353011], [-8.68889918958104, 52.653748069947405], [-8.688326211473278, 52.65396123672924], [-8.687893282126128, 52.654135729782894], [-8.687335423166271, 52.65438434311465], [-8.6869086284945, 52.65458487157663], [-8.686356175450829, 52.65486133914028], [-8.68579938895651, 52.65515129342035], [-8.685392410771927, 52.655337365589304], [-8.685024528172837, 52.65551522889255], [-8.684603490100454, 52.65569865618685], [-8.68414193758518, 52.655899294469585], [-8.683646449463751, 52.656104989293084], [-8.683152366247636, 52.656304391215414], [-8.68266859812533, 52.65650016334845], [-8.68223031277466, 52.65666026737224], [-8.681775997444431, 52.65684289638617], [-8.681364955038571, 52.656992126590836], [-8.681096177326184, 52.65709953392994], [-8.680900916968882, 52.65716399538805], [-8.68068046768608, 52.65722360379383], [-8.680503688317334, 52.65725703025068], [-8.680285472542604, 52.65730156995709], [-8.680051239733887, 52.65736078892431], [-8.679820941485042, 52.657406889135665], [-8.679642306770116, 52.65745134440628], [-8.679397324124356, 52.65749992783663], [-8.6791574547659, 52.65754752871319], [-8.678999503564034, 52.65757233324917], [-8.678889827595956, 52.65758474502778], [-8.678666273385225, 52.65761502118114], [-8.678424217986938, 52.657644674784905], [-8.678168551819098, 52.657666882707524], [-8.677900216380012, 52.65768612455723], [-8.677403155811872, 52.65771774678249], [-8.676874408910905, 52.65775162416051], [-8.676433069925814, 52.65777161697017], [-8.676074858252601, 52.657780950386375], [-8.675704672966214, 52.65778640519607], [-8.675423039302744, 52.65778785782217], [-8.67515157747886, 52.65778466788094], [-8.674747155228749, 52.65776589396969], [-8.674395101090735, 52.65774410627031], [-8.673949371046858, 52.65770931414223], [-8.673501619200158, 52.65767949328075], [-8.673209723706533, 52.657646026124795], [-8.672875517829617, 52.65760824149948], [-8.672523040096099, 52.65755678080867], [-8.672299884412745, 52.65752274155051], [-8.671868282172113, 52.65744797210637]]]}}, {"type": "Feature", "properties": {"code": "7", "nbhd": "Ballinacurra", "eds": "BALLINACURRA A, BALLINACURRA B, PROSPECT B"}, "geometry": {"type": "Polygon", "coordinates": [[[-8.63078660369399, 52.64796351312413], [-8.630655124431627, 52.64796450054123], [-8.630555916702598, 52.6479673114621], [-8.630223144654204, 52.647997870691846], [-8.630102288223291, 52.648008975564174], [-8.62957142264751, 52.648057357964575], [-8.628961942364656, 52.64811432547885], [-8.628943332427202, 52.64811606908008], [-8.62844962654159, 52.648162092066926], [-8.628245140534332, 52.64818142224761], [-8.627750808177057, 52.64822817367892], [-8.627295960831098, 52.64826661573049], [-8.627175075515138, 52.64827683692971], [-8.627129132143574, 52.64828209545461], [-8.627063820304155, 52.648289802355414], [-8.62690169872398, 52.648308932995576], [-8.626711798408486, 52.64833558059444], [-8.626489167884579, 52.648376934734266], [-8.62624105315491, 52.64842300707843], [-8.626217426763267, 52.64842740129471], [-8.626146607180853, 52.64844061955288], [-8.626041549218408, 52.648460211474685], [-8.62591948776039, 52.64848230193429], [-8.62600580980552, 52.6483490553394], [-8.626071709857124, 52.64825110509915], [-8.62609756899183, 52.6482126610699], [-8.62613978005189, 52.64814991661494], [-8.626436413558018, 52.647720486945474], [-8.6264803047397, 52.64765645716572], [-8.626518245783133, 52.64760107844446], [-8.6269824954445, 52.6469237581992], [-8.627017931231007, 52.646872050733215], [-8.627052281461237, 52.64682193989962], [-8.627096305087454, 52.64673733534345], [-8.627149590425274, 52.646634921204], [-8.627180885642488, 52.64657477776702], [-8.627405516067224, 52.646217460869664], [-8.627534165346123, 52.64602119787966], [-8.627679675614102, 52.645800262885544], [-8.627883469578034, 52.64550844406159], [-8.627907543002028, 52.6455126847352], [-8.628077374220894, 52.64553838058858], [-8.6280968631189, 52.64554133325551], [-8.628140355274606, 52.64554672030259], [-8.628334935307882, 52.64556189431226], [-8.62856917834585, 52.64555551079981], [-8.6288065458156, 52.64554031086095], [-8.629051206259103, 52.64551537353425], [-8.629192309715622, 52.64550799115587], [-8.629291630553285, 52.64550932429283], [-8.629652625915408, 52.64552936467145], [-8.629671653624142, 52.64553003654391], [-8.629702568014249, 52.64553112161901], [-8.629729818131995, 52.64552503565105], [-8.629743531520758, 52.64552196972496], [-8.629778797708344, 52.64550402174768], [-8.629793565398868, 52.645491027311536], [-8.629796644511018, 52.645488323494305], [-8.629820309297104, 52.645459992950336], [-8.629840937798445, 52.64543529177021], [-8.629856336794997, 52.645412757559136], [-8.62989765769143, 52.64533489840628], [-8.630040298695771, 52.64506747109463], [-8.630113735347145, 52.64500444229865], [-8.6301877129984, 52.644936916510936], [-8.630289862302421, 52.644879145759816], [-8.630385825626322, 52.64482177634154], [-8.630507204418778, 52.64474074966231], [-8.630632405717531, 52.644657374586295], [-8.630771989288005, 52.64453942634937], [-8.630795939353188, 52.644515597141535], [-8.630821710987203, 52.644494104135305], [-8.631038403289276, 52.64435084792362], [-8.631269911402391, 52.64426377812241], [-8.631306217582463, 52.644259674862646], [-8.631317796959317, 52.64428084315232], [-8.631335705610748, 52.64430645381191], [-8.631352540351418, 52.644331369115804], [-8.631449148466004, 52.644485153701524], [-8.631528659292078, 52.644615255704345], [-8.631625301645446, 52.644773381229506], [-8.63175262230383, 52.64497771291732], [-8.631791977995238, 52.645061110738276], [-8.63181450641619, 52.64506784857001], [-8.631820457528898, 52.64506962345475], [-8.63195104599227, 52.64502281795503], [-8.631973873678287, 52.64501136217194], [-8.632169872867681, 52.64490674640311], [-8.632152736226379, 52.644880412701134], [-8.632114911916375, 52.64482844733065], [-8.632001462991145, 52.644649577338505], [-8.631887504924626, 52.644477352182996], [-8.631870962873744, 52.644452264619574], [-8.631841468227764, 52.64440404773645], [-8.631734029843052, 52.644235032382774], [-8.631652225506263, 52.644107782986886], [-8.631561594058955, 52.64396062691336], [-8.631538111646801, 52.64392454784716], [-8.631427683187816, 52.643717042958485], [-8.631393198261515, 52.643646472086765], [-8.631269071679029, 52.6434696266679], [-8.631183206084206, 52.6433464432362], [-8.631215533645166, 52.643335970627774], [-8.631266138333869, 52.643291551312444], [-8.631748988366986, 52.643045785940295], [-8.632198821373015, 52.64287675571328], [-8.63238944469853, 52.64280477717545], [-8.632465312855174, 52.64277354293417], [-8.632536419071705, 52.642739988158986], [-8.633031334273765, 52.642436323404475], [-8.633161236580635, 52.6423518419078], [-8.633275523690397, 52.64227067046316], [-8.633376514127951, 52.64222135204883], [-8.633502189929164, 52.64207146808007], [-8.633554443226815, 52.641971654025156], [-8.633727755469966, 52.6418289662696], [-8.63383485304385, 52.64173919511885], [-8.633846889299587, 52.641706072347176], [-8.633859825056787, 52.64162478629429], [-8.633848692376812, 52.6414025331219], [-8.63383035830607, 52.641375109499755], [-8.633867040345239, 52.641261249221564], [-8.63411100236646, 52.64122051293839], [-8.634174201067111, 52.64121870964959], [-8.6343278058932, 52.64122672280485], [-8.634432094640006, 52.64123200586681], [-8.634547532353332, 52.64123785111291], [-8.634614390777653, 52.64123470673389], [-8.634658471029509, 52.641181943933915], [-8.634872872694304, 52.64090696259516], [-8.634911770537501, 52.640841239594806], [-8.635030324854931, 52.64071343103887], [-8.635036609722873, 52.64070665624819], [-8.635180599164231, 52.640707878050485], [-8.635343799002525, 52.640709260927], [-8.635553981625273, 52.64071145039217], [-8.63577808741834, 52.6406966401031], [-8.63586995842679, 52.64069034977594], [-8.635948578210552, 52.64067199650156], [-8.63602500738793, 52.64066662482654], [-8.636149196421071, 52.64067285206788], [-8.636258736651836, 52.64075195282546], [-8.636309012586581, 52.640785317390744], [-8.636314623705454, 52.640789043404595], [-8.636400633518393, 52.64083193131822], [-8.636473394188002, 52.64085068526227], [-8.636592445330031, 52.64086630528485], [-8.63675856134074, 52.640890399768494], [-8.636940093655024, 52.64092299483122], [-8.637026813432117, 52.64093637938275], [-8.637093685456875, 52.64092607896652], [-8.637188481920141, 52.64091264428958], [-8.637381723051012, 52.64088264518553], [-8.637535310644031, 52.640858009330195], [-8.63768741120954, 52.64086422859353], [-8.637738880692712, 52.640887024161124], [-8.637832243165438, 52.640933484700014], [-8.637984414766859, 52.64099737114191], [-8.638116725013171, 52.641051881855546], [-8.638309273354478, 52.64106970190454], [-8.638367348428048, 52.64108846189113], [-8.63847321401185, 52.641134036645], [-8.638537160101777, 52.641165312364805], [-8.638871859992324, 52.641383574012195], [-8.6388946023427, 52.641392879956285], [-8.638902748007817, 52.64139621557874], [-8.63891312638668, 52.64140777230301], [-8.638927375541659, 52.641429437794564], [-8.638937254252692, 52.64145334692247], [-8.638945712443, 52.64147914223164], [-8.638952336011148, 52.64152200693241], [-8.638955085452782, 52.641594077030035], [-8.63895364219745, 52.64160251569253], [-8.63894830450046, 52.641633697385366], [-8.638934064692547, 52.64166134979779], [-8.638902449593044, 52.64170225453884], [-8.638899121271395, 52.641703009512526], [-8.638819682529396, 52.641720973676904], [-8.638690305297732, 52.641748320949006], [-8.638085385528987, 52.64191487656935], [-8.638039313909207, 52.641916868353974], [-8.637960975732632, 52.6419384212719], [-8.63792813633939, 52.641959234850134], [-8.637894945731318, 52.64200161286714], [-8.637884644367531, 52.642029873118], [-8.637862239083718, 52.642083356339086], [-8.637858425492599, 52.64211068284854], [-8.637869932005774, 52.642159165872215], [-8.637882614115039, 52.642182826301415], [-8.63794476534262, 52.642217608387924], [-8.638052650340104, 52.64226979690381], [-8.638165013896057, 52.64227739798603], [-8.638295579694892, 52.64227574199454], [-8.638330171562863, 52.64227684994579], [-8.638407301206383, 52.642252436079254], [-8.638492818299971, 52.64223984131762], [-8.638548385365407, 52.64224049463153], [-8.638676724157447, 52.64224927646765], [-8.638810961021798, 52.64225822410734], [-8.638907097817908, 52.64225143206443], [-8.63901305051583, 52.642243948850755], [-8.639063562512888, 52.64223941606019], [-8.639088501242599, 52.64223717833243], [-8.639142624965213, 52.642229030770935], [-8.639316063087948, 52.642080950231716], [-8.639317170897115, 52.64207991061809], [-8.639531411212968, 52.64194954994506], [-8.639679023905982, 52.64180890661724], [-8.63968084770041, 52.641808330518494], [-8.639884044826282, 52.64173849206516], [-8.639915492525063, 52.64173274958879], [-8.640363990965021, 52.64176981158679], [-8.64040611854999, 52.64179522709247], [-8.64050885572539, 52.64184081693833], [-8.64061704423051, 52.641891383620624], [-8.641331468535673, 52.64217209273063], [-8.641399604302148, 52.642187516108386], [-8.641465353621557, 52.64220242206546], [-8.641540045106726, 52.64222962928426], [-8.641582873746872, 52.64225844708357], [-8.641628348177113, 52.64229640946085], [-8.641656701577835, 52.64232557525795], [-8.641699572234208, 52.64237542504705], [-8.641698984338412, 52.642404918334776], [-8.641705711004773, 52.6424415085978], [-8.64171844667007, 52.64248180538644], [-8.641808281517713, 52.642579487362596], [-8.641839416692056, 52.64261293438143], [-8.641864127770944, 52.64263854257544], [-8.641890263521526, 52.64265245845861], [-8.641928944829967, 52.64266137188144], [-8.641950792828869, 52.642650881201945], [-8.642032528074271, 52.64260808623107], [-8.642335032244794, 52.64240895928054], [-8.642389147530906, 52.64240026200431], [-8.64246897678482, 52.6423918207652], [-8.642523073740021, 52.642369776131], [-8.642569958408945, 52.64234258442281], [-8.64261595462149, 52.64231224267494], [-8.642695881571031, 52.642263102428814], [-8.64275090891117, 52.64220677185511], [-8.6429406079725, 52.642079180631164], [-8.642997199938327, 52.642044943302096], [-8.643043648513904, 52.6420172773982], [-8.643089090835842, 52.6419955581017], [-8.64316577156418, 52.64197097279097], [-8.643211350853027, 52.64196363373803], [-8.643298446142643, 52.641961048719544], [-8.643440483693272, 52.641957841731774], [-8.643820981350673, 52.64196419685485], [-8.643875283615463, 52.64197130803148], [-8.643951311233552, 52.64200389936155], [-8.643979762042964, 52.64203558075895], [-8.644018909287265, 52.642070188079224], [-8.644089708741948, 52.64214417118624], [-8.64414964783691, 52.642211094677315], [-8.644209153306441, 52.64228268534318], [-8.644259742445243, 52.642333714638], [-8.644275921788168, 52.64235078504046], [-8.644343803830429, 52.64238706060669], [-8.644549516391086, 52.642515793564], [-8.644720129355907, 52.64269525748846], [-8.64476219441248, 52.64273125982532], [-8.644804505018579, 52.64276184994713], [-8.645092536875786, 52.64291255041804], [-8.645163416424449, 52.642950588849104], [-8.645218716744623, 52.642981242920186], [-8.645276493022608, 52.64301546975261], [-8.645328255828533, 52.64304670928955], [-8.64539033692235, 52.643086278545276], [-8.645641601336932, 52.64325548678494], [-8.645689744371337, 52.64328370789359], [-8.645746212212302, 52.64330428863361], [-8.646040484692953, 52.64341575549067], [-8.64605392464432, 52.64342433779922], [-8.646091611577722, 52.64344889466012], [-8.646138619334799, 52.643469230184884], [-8.646192290161263, 52.64347545391964], [-8.646230690709363, 52.64347723987221], [-8.646370302557472, 52.643484576719246], [-8.646558248121528, 52.64349292600117], [-8.646739889292032, 52.6434675589068], [-8.64705723556627, 52.64345515750279], [-8.647091731615879, 52.643459705881675], [-8.647131409462618, 52.643464936015256], [-8.647187695817118, 52.64345113740243], [-8.647202109761965, 52.643447607228865], [-8.647247042254337, 52.64341941766102], [-8.647282709665927, 52.643387207056556], [-8.647287734777764, 52.6433822810671], [-8.647311695824234, 52.64335884391324], [-8.647353114133487, 52.643311825358644], [-8.647372914626564, 52.643291826417055], [-8.647409752215095, 52.64327883502536], [-8.6474467298833, 52.643270327941835], [-8.647505975463188, 52.64325582092036], [-8.64757539690047, 52.64324497935139], [-8.647618937361042, 52.64324862427492], [-8.647700170002688, 52.64326712729534], [-8.647719978887297, 52.64327071314592], [-8.647758115171907, 52.6432776232913], [-8.647833658409596, 52.64327408243351], [-8.6481644134023, 52.64325724550034], [-8.648191867716589, 52.643255243765154], [-8.64828383966413, 52.64324853880475], [-8.648346641381258, 52.643243710117154], [-8.648391523665667, 52.643240165885764], [-8.648720206239473, 52.64323908597363], [-8.648745805979923, 52.64324157036039], [-8.648771492684837, 52.64324294153284], [-8.648997793856061, 52.64323910292851], [-8.649234451761854, 52.64315933100552], [-8.64933559733535, 52.64312953834325], [-8.6493486616779, 52.643125691730035], [-8.649611348729811, 52.64311537163619], [-8.649743574714625, 52.643109936887576], [-8.649748291550253, 52.643110153703695], [-8.64987910575488, 52.6431161414927], [-8.650014761205286, 52.643116781596916], [-8.6500751730925, 52.64311124604991], [-8.650132262525657, 52.64310287046995], [-8.650197019648942, 52.6430944168366], [-8.650388859771773, 52.64305757322683], [-8.650736343438467, 52.64299524713814], [-8.651145417199832, 52.642950099499785], [-8.651927227308661, 52.64298201402683], [-8.652231317721272, 52.643059229599245], [-8.652531873498406, 52.643139142325765], [-8.65276838374928, 52.64323650258265], [-8.652813315873606, 52.64326213193247], [-8.6530898273362, 52.643469627659464], [-8.65308804785008, 52.64348904288025], [-8.653087120608053, 52.64352500058553], [-8.653084283924095, 52.64355180989098], [-8.653080798346485, 52.6435757285887], [-8.652998027668279, 52.64371011714453], [-8.652980700334247, 52.64373627825954], [-8.652976794459525, 52.64374091070317], [-8.652954648750251, 52.64376718824741], [-8.652933960753096, 52.643791732030635], [-8.6529236151082, 52.64380448928989], [-8.652903809165627, 52.64382892933779], [-8.652958961419769, 52.64389980258524], [-8.652963265994684, 52.643905072884515], [-8.653020985466542, 52.64397567129986], [-8.653100008478894, 52.644041011052146], [-8.65317657550048, 52.64410116914007], [-8.653197783716584, 52.64411739358566], [-8.653241833986685, 52.644151098090894], [-8.65326776697464, 52.64417093577837], [-8.653536920824958, 52.644360135189345], [-8.653964428835053, 52.64454665354614], [-8.653992697277433, 52.64455857760424], [-8.654081324411928, 52.644595964485355], [-8.654112975302915, 52.64460283648164], [-8.654205570945368, 52.644622944120194], [-8.654285143776441, 52.64463680492538], [-8.65436052390853, 52.64464993382571], [-8.654458085870784, 52.64467506518123], [-8.654480692640863, 52.64468089047573], [-8.654603276470212, 52.64473503207153], [-8.654704836037785, 52.64478639551958], [-8.654804023959487, 52.64483725067364], [-8.654870480190594, 52.64487318655201], [-8.654936513041953, 52.64513399919024], [-8.654942633991356, 52.64516686197793], [-8.654942210527315, 52.64521665865303], [-8.654936696177575, 52.64524220648027], [-8.654962840882328, 52.64529095749485], [-8.655004225901079, 52.645368736870076], [-8.65504404499194, 52.645440601697786], [-8.655068098359838, 52.645486838579544], [-8.655074963586047, 52.64552994373148], [-8.655076267789873, 52.645556900961346], [-8.655071806609724, 52.64561337118345], [-8.655074835366996, 52.64565684808064], [-8.65509649385176, 52.64570201961699], [-8.655137842030197, 52.64577729145249], [-8.655149451831296, 52.64580167502289], [-8.655628866274606, 52.64621167825881], [-8.655758673448526, 52.64629291390518], [-8.655860964910337, 52.646349404541304], [-8.655933321524587, 52.64638936081821], [-8.656115939927366, 52.646484136489136], [-8.656267759003805, 52.646557127111464], [-8.656313636220391, 52.646579187896045], [-8.656376860982107, 52.64659840489852], [-8.656420741940178, 52.64660576580125], [-8.656539407042326, 52.646612829218995], [-8.656562838770085, 52.64661346338662], [-8.656599074231332, 52.646614529941466], [-8.656634220562676, 52.64661589014107], [-8.656665361412534, 52.646607331637625], [-8.656798118211954, 52.64657651256491], [-8.656953170137513, 52.646540509415715], [-8.657075100436938, 52.646513030725814], [-8.657446539261624, 52.646431838882], [-8.657584787400927, 52.64640858344151], [-8.657681057876568, 52.646397478210595], [-8.657717539121856, 52.64639326791578], [-8.657845682655298, 52.64637417583746], [-8.658486661111134, 52.6462479814382], [-8.658610330346763, 52.646218334344624], [-8.658661634797994, 52.64621031039093], [-8.658742183909318, 52.64622099895482], [-8.658860859659693, 52.646251429170476], [-8.658897442144163, 52.646265768586055], [-8.658979682219657, 52.64627195351271], [-8.659157203056003, 52.6462847899448], [-8.659222382810686, 52.64628753725915], [-8.659322813910745, 52.64629176020114], [-8.65939005194004, 52.64629675199613], [-8.659390273851763, 52.64629676873758], [-8.659391147826932, 52.646297007453114], [-8.659426776879588, 52.6463067941215], [-8.659742101392357, 52.6464407240464], [-8.65985631214991, 52.64648662875108], [-8.660006116838176, 52.64655869733936], [-8.660067830976148, 52.64658838299345], [-8.660111488693692, 52.646623076730414], [-8.660226736266644, 52.64671618105244], [-8.66031003986394, 52.64678799957135], [-8.660343882000117, 52.64683225737673], [-8.660391228223988, 52.646933236016565], [-8.66059614891704, 52.647176472553625], [-8.660647475527718, 52.64722968386318], [-8.660706721622788, 52.64730436861774], [-8.660780377818321, 52.647456612598425], [-8.66081714477277, 52.64753209675317], [-8.660832353554897, 52.64756559165478], [-8.660838541782438, 52.647612403363226], [-8.660850443786355, 52.647692196667265], [-8.66085341974756, 52.647828826854095], [-8.66086048966251, 52.64787040254162], [-8.66089902470952, 52.64802294116726], [-8.660930550494022, 52.64814771853727], [-8.660933202772648, 52.648320689588644], [-8.660923774395826, 52.648357935119066], [-8.660876544340342, 52.64846971444383], [-8.660811157391585, 52.64862107991822], [-8.660770497142455, 52.64871285988956], [-8.660756076981404, 52.648745432438474], [-8.660641030921534, 52.6490073682108], [-8.660607683025889, 52.649085274599166], [-8.660600787621593, 52.64910136586338], [-8.660603693447925, 52.649137284263446], [-8.66060861420131, 52.649166675026535], [-8.66061074564558, 52.64917474348565], [-8.660623267541213, 52.649222122089995], [-8.660412153109304, 52.64937473105946], [-8.660389454742432, 52.649390505912585], [-8.660360935580393, 52.64941033089818], [-8.660324661346259, 52.64943824347839], [-8.660286407677729, 52.64948191430329], [-8.660141572137563, 52.6496472761479], [-8.66001632031582, 52.64979126279084], [-8.659978098242593, 52.64983216498837], [-8.65992301859518, 52.64991461436373], [-8.659787545420567, 52.65022302382598], [-8.659737724528982, 52.65032009449952], [-8.659714505062318, 52.650380830804096], [-8.65966175105143, 52.650517627379294], [-8.659654652056522, 52.650536038656995], [-8.659633104575338, 52.65058415527374], [-8.659628932760302, 52.650620211953154], [-8.659633272026959, 52.65065243724947], [-8.659636054185256, 52.650673112463586], [-8.659640616638267, 52.65069640230492], [-8.659641033315996, 52.65069855713936], [-8.659698111492501, 52.6508086946686], [-8.659863257614802, 52.65112930795956], [-8.659878823781453, 52.65114419552395], [-8.659932527302177, 52.65118422625534], [-8.660027701081933, 52.65122918518743], [-8.660033609756928, 52.651231150341665], [-8.660106870251965, 52.65125555583938], [-8.660449175958426, 52.65132973320368], [-8.660488807075946, 52.651335302485], [-8.660613349226999, 52.65135280746659], [-8.660749102375046, 52.651350378827495], [-8.661124580615294, 52.65129369070092], [-8.661153256814364, 52.651290097246005], [-8.661326317304946, 52.65126843190194], [-8.661522302422766, 52.65125085377383], [-8.661588393762262, 52.65124299769488], [-8.66175944484986, 52.65121845774196], [-8.661902309520045, 52.65118982358847], [-8.662911549390792, 52.651049962288766], [-8.662998517007745, 52.65106614876395], [-8.663086512005243, 52.65108381247016], [-8.66320813485582, 52.651112595000534], [-8.663330065857625, 52.65114903357846], [-8.66345864405233, 52.651203788602366], [-8.663626188796501, 52.65129035901832], [-8.663866769762159, 52.65141091768761], [-8.663967678012144, 52.651457540098065], [-8.664123891772189, 52.65153842987419], [-8.664267254862922, 52.65159342473685], [-8.664552353180671, 52.65171782207473], [-8.66476284537483, 52.651806010582526], [-8.664886019418654, 52.65185500601188], [-8.665175411849855, 52.65195731187283], [-8.665452167641511, 52.65205755779906], [-8.665634826992116, 52.652115125652465], [-8.66569839127612, 52.6521335178636], [-8.665894549158663, 52.652214720207084], [-8.666003478167044, 52.65231428091208], [-8.666109107716764, 52.652405788711384], [-8.666163030571834, 52.652460744697585], [-8.666310319636626, 52.652595709481744], [-8.66643372477117, 52.65270629773766], [-8.666487447559941, 52.652774287505025], [-8.666607861008908, 52.65292133032745], [-8.666709066921392, 52.65303179149688], [-8.666762597250493, 52.65309484773121], [-8.666851861126657, 52.653202337975614], [-8.666950099217754, 52.65331193479946], [-8.667018039732572, 52.65340310561294], [-8.667068399359989, 52.653461703459726], [-8.667160449804996, 52.65352689757127], [-8.667210602916708, 52.65356122854112], [-8.66727205360407, 52.653600789892124], [-8.667416682993867, 52.65364991355302], [-8.667620575996901, 52.653739536306716], [-8.667844439836362, 52.65382931581097], [-8.667914270085408, 52.65385616531681], [-8.667972056041508, 52.65387824705101], [-8.668125846877352, 52.65393487723473], [-8.668251261956732, 52.653983838560535], [-8.668384093856778, 52.654015159144734], [-8.668489373973959, 52.65404149378431], [-8.668756559377984, 52.654104997534226], [-8.669024842909593, 52.65415905693625], [-8.669309496574957, 52.65421557590942], [-8.66944454555658, 52.65422842114519], [-8.669553011371963, 52.65424165910141], [-8.669769827469187, 52.654247022227395], [-8.669951832692934, 52.654250190910545], [-8.67015792423362, 52.654246257300194], [-8.670420684977838, 52.65425409180567], [-8.67061063736251, 52.65425309794977], [-8.670723637032685, 52.654268969668884], [-8.67089481908568, 52.65429792221943], [-8.671007395999652, 52.65432188538852], [-8.671129693316955, 52.65434841794014], [-8.671227868019418, 52.65438159441271], [-8.671335877086056, 52.654420916911036], [-8.671415652951714, 52.65445615686932], [-8.671706484143495, 52.65464924584793], [-8.671784614757854, 52.6547362036572], [-8.671852051296542, 52.654833225842694], [-8.672041607884914, 52.65511951088873], [-8.672035811226387, 52.65518323372195], [-8.672028743934394, 52.65526086841221], [-8.67200688609893, 52.65558488896495], [-8.671973260652688, 52.65602262224958], [-8.671961593648822, 52.65617449806669], [-8.671918403154057, 52.65677980643732], [-8.671868282172113, 52.65744797210637], [-8.671524899424599, 52.657388933818886], [-8.671105808559183, 52.65731731744894], [-8.67067431653065, 52.65724948188051], [-8.670105068524503, 52.65715758952589], [-8.669890066242166, 52.65712388612396], [-8.669640436982649, 52.657093380033146], [-8.66913417159208, 52.657041933262356], [-8.66890041879127, 52.65702018928597], [-8.668475640269168, 52.65697247720739], [-8.6679221175071, 52.65690417840586], [-8.667480346900712, 52.65685671132769], [-8.666964337656099, 52.65680178682774], [-8.666569935314344, 52.6567743000355], [-8.666228861303715, 52.65674963103167], [-8.66580014179526, 52.65671455985795], [-8.66531594115985, 52.65669737042084], [-8.664987758100223, 52.656701971736545], [-8.664824303524602, 52.65671118484972], [-8.664728934582532, 52.656715863344814], [-8.664613236338058, 52.656728942832316], [-8.664272858808152, 52.65675987388175], [-8.663497031829962, 52.65684712653118], [-8.662760389900061, 52.65684081319832], [-8.662430263361546, 52.656888049011705], [-8.662265402646392, 52.656918730113276], [-8.662127194682, 52.65694667349512], [-8.661979969149737, 52.656973570533864], [-8.66169538677795, 52.65702119703042], [-8.661378997877566, 52.657077817707545], [-8.661282357807524, 52.65709334919521], [-8.661029713063385, 52.65713394691852], [-8.660936969440593, 52.657150094547546], [-8.660632556231047, 52.657203123089495], [-8.66029474666291, 52.65726070515423], [-8.660057092691849, 52.6572908180075], [-8.660007836893922, 52.65729733009388], [-8.659646832538947, 52.657343993067194], [-8.65873502751365, 52.65746255788368], [-8.65827759526252, 52.6575204934393], [-8.6578129535457, 52.65758368035833], [-8.657432856729539, 52.65763589834198], [-8.656995385665597, 52.65770042334837], [-8.656608958022785, 52.65774754155831], [-8.656213155349416, 52.65780334800838], [-8.65594284853101, 52.65784561456766], [-8.655482822234912, 52.657916415682884], [-8.655389449013743, 52.65793320958716], [-8.655244624194673, 52.657969908984064], [-8.655015816395792, 52.65803063927687], [-8.654917605379149, 52.65807288695953], [-8.654891780773895, 52.658082664940316], [-8.654729153060112, 52.658122967450254], [-8.654552828988384, 52.65816368693168], [-8.654345182533712, 52.658213288589934], [-8.654248169199258, 52.6582318723509], [-8.654148566528956, 52.658246326797915], [-8.65399927343255, 52.658273962333155], [-8.65370199399634, 52.6583306637301], [-8.652657686586311, 52.657715160094476], [-8.652181057758392, 52.6574354129802], [-8.652147999350891, 52.65741600976984], [-8.652097059038574, 52.65738589222768], [-8.650939762927887, 52.65670041134948], [-8.650780153905803, 52.65660647215998], [-8.650664249705189, 52.65653824153444], [-8.650190996763403, 52.65625616692369], [-8.649857472692668, 52.6560569498395], [-8.64983763896293, 52.65604511337485], [-8.649426588701425, 52.65580164017401], [-8.649305759501502, 52.65572992085063], [-8.649131490377773, 52.655627664850044], [-8.649063922936058, 52.655587345670526], [-8.6490578685176, 52.655583729649535], [-8.648768146997412, 52.65541233053036], [-8.648485849992523, 52.65524509652048], [-8.648194931104662, 52.65507138361511], [-8.647889645972503, 52.65488952439899], [-8.647774141541088, 52.654822726862854], [-8.647733059306924, 52.654802179846634], [-8.647628192784675, 52.65470908767491], [-8.647522455017482, 52.65461601814661], [-8.647489193922327, 52.654592615026914], [-8.647383670397508, 52.65452201452738], [-8.64721609346309, 52.654409904114935], [-8.646987426768796, 52.65423939855767], [-8.646956378708989, 52.65420767817445], [-8.646928010562718, 52.65417627571436], [-8.646909829835963, 52.65414213917419], [-8.646841358622899, 52.65399722879312], [-8.646831564067227, 52.65397550401458], [-8.646826976368345, 52.653957076423865], [-8.646825559064613, 52.653895093026506], [-8.64683744973061, 52.653749402439466], [-8.646843166798005, 52.653641064262736], [-8.64685762436577, 52.653430968687346], [-8.64633347480918, 52.653220405373894], [-8.646266472289698, 52.65319591860297], [-8.64610732116954, 52.65314051172485], [-8.645753901124785, 52.6530174760851], [-8.645176053388605, 52.652813959330125], [-8.645060462869868, 52.65277178709517], [-8.644977499147027, 52.652742227289416], [-8.6437532914577, 52.65232511139562], [-8.643600828107964, 52.65227380835602], [-8.643548536383717, 52.65225854287215], [-8.642914820044732, 52.65207056236391], [-8.642784196037116, 52.65204503459672], [-8.642542011735223, 52.6519958616453], [-8.64250933587781, 52.65198978217267], [-8.642346095981734, 52.65195940728814], [-8.642036676898853, 52.65189575832112], [-8.641759072720268, 52.65183879420385], [-8.641279282739522, 52.65174797786491], [-8.640897068703694, 52.65166944000492], [-8.64054360039006, 52.651604991728455], [-8.640204514946056, 52.65153661777912], [-8.639838380429467, 52.65146186352618], [-8.63955038493357, 52.65140338641337], [-8.639504688464278, 52.651396316682224], [-8.639515636801232, 52.65138699982524], [-8.639584656206456, 52.651328348300886], [-8.639676038826916, 52.65125064701977], [-8.639035388709873, 52.651056292670056], [-8.638951352137731, 52.651034751851256], [-8.637436336676526, 52.65064655223686], [-8.637400600419777, 52.65063732489673], [-8.637258605030864, 52.650595583695704], [-8.6368694719835, 52.65049228081111], [-8.636345323525978, 52.65035747928953], [-8.636130277923433, 52.65029732581458], [-8.635970486238328, 52.65023587775067], [-8.635924874913192, 52.65025492569222], [-8.635732675469184, 52.650335205280015], [-8.63542365504822, 52.65046580638207], [-8.635198831879668, 52.65056408348376], [-8.634930763392418, 52.650712242293196], [-8.634595486302867, 52.65090582689109], [-8.63444968467007, 52.65099000842203], [-8.634076265404426, 52.65120754236647], [-8.633728792475848, 52.651434140210576], [-8.633588225464099, 52.651544313302566], [-8.63337091236149, 52.651732392064076], [-8.633072377555486, 52.6520119990057], [-8.632980787953509, 52.6520977765859], [-8.6329685028773, 52.65210981438854], [-8.632795609518736, 52.65227936396389], [-8.632642089341038, 52.65240889359097], [-8.632591378233604, 52.652451687123026], [-8.632535584076571, 52.65249353704653], [-8.632337686703345, 52.65264198944162], [-8.631757166655111, 52.653068659979], [-8.631719349050446, 52.653098630245516], [-8.631255074321954, 52.65289523123523], [-8.630887152927766, 52.652734047040646], [-8.630871584789494, 52.652727514659226], [-8.6305406094, 52.6525885580726], [-8.630322139776728, 52.652516610883914], [-8.630123428871975, 52.652469194682986], [-8.629914495216832, 52.65243440687466], [-8.629617960189826, 52.65239931117415], [-8.629377357133736, 52.65237083855095], [-8.628570475882073, 52.65227791452669], [-8.628251629890261, 52.65224101029028], [-8.628218600394952, 52.6522339499494], [-8.628216095024175, 52.65223341495515], [-8.628178207863453, 52.65222565231596], [-8.628149651602698, 52.65221618639113], [-8.627874409921507, 52.65212492352227], [-8.62729735914428, 52.65193531904108], [-8.62722707865877, 52.65191222305046], [-8.626701709611433, 52.65173249870167], [-8.626935495981618, 52.651452153891505], [-8.62721560972575, 52.651110758743066], [-8.627304479704096, 52.65100469584586], [-8.627353855098837, 52.650945777959315], [-8.6275540737039, 52.65070487869714], [-8.627761231726083, 52.650458513493085], [-8.627812135425605, 52.65039907498822], [-8.627844286781087, 52.65036154100916], [-8.627932998892975, 52.65025797715627], [-8.628012499585195, 52.65017384045273], [-8.628106718089004, 52.65007413914255], [-8.62816840478149, 52.650006140556414], [-8.62823262287886, 52.64993536017377], [-8.628348743097968, 52.64981717082012], [-8.628482041728654, 52.64969427933471], [-8.628500332035438, 52.649677410483626], [-8.628522389900313, 52.64965738479042], [-8.628614239571123, 52.64957506069081], [-8.628753757635018, 52.64945932640234], [-8.628900165501548, 52.64933561886368], [-8.62900636874832, 52.64925365869481], [-8.62919823336647, 52.64911761146728], [-8.629300085847346, 52.64904972257668], [-8.629396869662378, 52.64898496142285], [-8.629496522521286, 52.64891830642894], [-8.62964502477438, 52.64882853499107], [-8.629825730307209, 52.64872658406995], [-8.630002633728783, 52.64862645969741], [-8.630130863483007, 52.648561710514485], [-8.6303833809465, 52.64843871314025], [-8.630560221307855, 52.64835800262349], [-8.630595548364331, 52.64833079631714], [-8.630634376828699, 52.648293252991955], [-8.630677063880087, 52.64822397899102], [-8.630774976965403, 52.64807775124874], [-8.630781142030136, 52.64806869434826], [-8.630804165856677, 52.64803479439199], [-8.630833224287004, 52.647992017984755], [-8.630850228180213, 52.6479669943871], [-8.63078660369399, 52.64796351312413]]]}}, {"type": "Feature", "properties": {"code": "8", "nbhd": "Caherdavin", "eds": "BALLYNANTY, CASTLE A, CASTLE D, COOLRAINE, FARRANSHONE, KILLEELY A, LIMERICK NORTH RURAL"}, "geometry": {"type": "Polygon", "coordinates": [[[-8.646186875518882, 52.65924585601103], [-8.646469024897522, 52.65922558603255], [-8.64678740516843, 52.65920139657495], [-8.64719552532943, 52.65917325580438], [-8.647643236885697, 52.65914456471742], [-8.647793441498342, 52.65913512418742], [-8.647999866973137, 52.65912211339145], [-8.648288947323081, 52.65909784640488], [-8.648492012055032, 52.659080502883036], [-8.648656813942901, 52.6590646267792], [-8.648747072787533, 52.65905479407365], [-8.64883308151913, 52.659041443247105], [-8.648950000872997, 52.659022260585544], [-8.649116120118565, 52.65899455724597], [-8.649337087831189, 52.65895648647146], [-8.649542478438297, 52.65892759664041], [-8.649733615699027, 52.65889846102309], [-8.649906795947782, 52.658872506497865], [-8.65021722137326, 52.65882753494112], [-8.650514837156225, 52.65878101501943], [-8.650744652196629, 52.65874562544065], [-8.651247915983296, 52.658696715964346], [-8.651536135453311, 52.65866456318942], [-8.651772823517884, 52.658639182551596], [-8.651977949741212, 52.658616572644554], [-8.652169515897569, 52.658584671376055], [-8.652425602562442, 52.65854282429253], [-8.652783501258348, 52.6584800038705], [-8.653026421359009, 52.65843451591143], [-8.65370199399634, 52.6583306637301], [-8.65399927343255, 52.658273962333155], [-8.654148566528956, 52.658246326797915], [-8.654248169199258, 52.6582318723509], [-8.654345182533712, 52.658213288589934], [-8.654552828988384, 52.65816368693168], [-8.654729153060112, 52.658122967450254], [-8.654891780773895, 52.658082664940316], [-8.654917605379149, 52.65807288695953], [-8.655015816395792, 52.65803063927687], [-8.655244624194673, 52.657969908984064], [-8.655389449013743, 52.65793320958716], [-8.655482822234912, 52.657916415682884], [-8.65594284853101, 52.65784561456766], [-8.656213155349416, 52.65780334800838], [-8.656608958022785, 52.65774754155831], [-8.656995385665597, 52.65770042334837], [-8.657432856729539, 52.65763589834198], [-8.6578129535457, 52.65758368035833], [-8.65827759526252, 52.6575204934393], [-8.65873502751365, 52.65746255788368], [-8.659646832538947, 52.657343993067194], [-8.660007836893922, 52.65729733009388], [-8.660057092691849, 52.6572908180075], [-8.66029474666291, 52.65726070515423], [-8.660632556231047, 52.657203123089495], [-8.660936969440593, 52.657150094547546], [-8.661029713063385, 52.65713394691852], [-8.661282357807524, 52.65709334919521], [-8.661378997877566, 52.657077817707545], [-8.66169538677795, 52.65702119703042], [-8.661979969149737, 52.656973570533864], [-8.662127194682, 52.65694667349512], [-8.662265402646392, 52.656918730113276], [-8.662430263361546, 52.656888049011705], [-8.662760389900061, 52.65684081319832], [-8.663497031829962, 52.65684712653118], [-8.664272858808152, 52.65675987388175], [-8.664613236338058, 52.656728942832316], [-8.664728934582532, 52.656715863344814], [-8.664824303524602, 52.65671118484972], [-8.664987758100223, 52.656701971736545], [-8.66531594115985, 52.65669737042084], [-8.66580014179526, 52.65671455985795], [-8.666228861303715, 52.65674963103167], [-8.666569935314344, 52.6567743000355], [-8.666964337656099, 52.65680178682774], [-8.667480346900712, 52.65685671132769], [-8.6679221175071, 52.65690417840586], [-8.668475640269168, 52.65697247720739], [-8.66890041879127, 52.65702018928597], [-8.66913417159208, 52.657041933262356], [-8.669640436982649, 52.657093380033146], [-8.669890066242166, 52.65712388612396], [-8.670105068524503, 52.65715758952589], [-8.67067431653065, 52.65724948188051], [-8.671105808559183, 52.65731731744894], [-8.671524899424599, 52.657388933818886], [-8.671868282172113, 52.65744797210637], [-8.672299884412745, 52.65752274155051], [-8.672523040096099, 52.65755678080867], [-8.672875517829617, 52.65760824149948], [-8.673209723706533, 52.657646026124795], [-8.673501619200158, 52.65767949328075], [-8.673949371046858, 52.65770931414223], [-8.674395101090735, 52.65774410627031], [-8.674747155228749, 52.65776589396969], [-8.67515157747886, 52.65778466788094], [-8.675423039302744, 52.65778785782217], [-8.675704672966214, 52.65778640519607], [-8.676074858252601, 52.657780950386375], [-8.676433069925814, 52.65777161697017], [-8.676874408910905, 52.65775162416051], [-8.677403155811872, 52.65771774678249], [-8.677900216380012, 52.65768612455723], [-8.678168551819098, 52.657666882707524], [-8.678424217986938, 52.657644674784905], [-8.678666273385225, 52.65761502118114], [-8.678889827595956, 52.65758474502778], [-8.678999503564034, 52.65757233324917], [-8.6791574547659, 52.65754752871319], [-8.679397324124356, 52.65749992783663], [-8.679642306770116, 52.65745134440628], [-8.679820941485042, 52.657406889135665], [-8.680051239733887, 52.65736078892431], [-8.680285472542604, 52.65730156995709], [-8.680503688317334, 52.65725703025068], [-8.68068046768608, 52.65722360379383], [-8.680900916968882, 52.65716399538805], [-8.681096177326184, 52.65709953392994], [-8.681364955038571, 52.656992126590836], [-8.681775997444431, 52.65684289638617], [-8.68223031277466, 52.65666026737224], [-8.68266859812533, 52.65650016334845], [-8.683152366247636, 52.656304391215414], [-8.683646449463751, 52.656104989293084], [-8.68414193758518, 52.655899294469585], [-8.684603490100454, 52.65569865618685], [-8.685024528172837, 52.65551522889255], [-8.685392410771927, 52.655337365589304], [-8.68579938895651, 52.65515129342035], [-8.686356175450829, 52.65486133914028], [-8.6869086284945, 52.65458487157663], [-8.687335423166271, 52.65438434311465], [-8.687893282126128, 52.654135729782894], [-8.688326211473278, 52.65396123672924], [-8.68889918958104, 52.653748069947405], [-8.68933887089015, 52.6535861353011], [-8.689942356652844, 52.65339532825875], [-8.690505880121657, 52.653282840047105], [-8.690956771954019, 52.65321298956538], [-8.691514779574755, 52.653142773019134], [-8.692103973353573, 52.65308771448693], [-8.692533054233623, 52.65306422043482], [-8.692646847673288, 52.65305799171951], [-8.693126276082797, 52.65303971996089], [-8.693636745960095, 52.653022675714396], [-8.6938894987911, 52.653024953084696], [-8.694181602315625, 52.653048220447026], [-8.694642352920205, 52.65308617399838], [-8.69508019606138, 52.65312600382465], [-8.695572694837717, 52.65316115199039], [-8.696017991689569, 52.65320769369762], [-8.696563466121582, 52.65329792958544], [-8.696956643081805, 52.653380151491326], [-8.697244855183202, 52.653460491006555], [-8.697565953621638, 52.65357891680058], [-8.698047952978117, 52.6537543047534], [-8.698365353333688, 52.65387319058867], [-8.698790410601713, 52.65404293395331], [-8.699263615233532, 52.65422599078656], [-8.699629997514995, 52.65436672203486], [-8.700095010014287, 52.65454261541849], [-8.70041015906697, 52.65467344535834], [-8.700549083569204, 52.654731119110885], [-8.700856483781946, 52.65488463483479], [-8.701240650103585, 52.655106194271674], [-8.701631584306838, 52.655339414972595], [-8.701975220903966, 52.65557144948824], [-8.702247762264196, 52.655788453680245], [-8.702544976251094, 52.65603502581994], [-8.702720980077, 52.65620068559676], [-8.702980099107569, 52.656405148321674], [-8.7032602113735, 52.65663920972648], [-8.70355553195338, 52.65691903773934], [-8.703844313054729, 52.657207442596444], [-8.704096636051355, 52.657473044696964], [-8.704363025851283, 52.6577381491967], [-8.704593738447693, 52.65798405080475], [-8.704838312672551, 52.65828564100186], [-8.70500058604848, 52.658561456925895], [-8.70511618055823, 52.65882529051762], [-8.705238750008185, 52.65911921975197], [-8.705344849929153, 52.659470735080035], [-8.705402724275674, 52.659727137127085], [-8.705469886991786, 52.6599470998171], [-8.705472717724735, 52.66001090781669], [-8.705468317399614, 52.66016911645128], [-8.705464399287207, 52.66025352950708], [-8.705457900340758, 52.66039340581499], [-8.705451385538131, 52.660638803078456], [-8.705439970595481, 52.660991179472894], [-8.705411675892968, 52.66127664967608], [-8.705396037839927, 52.66157241684891], [-8.705362411356065, 52.661843528722294], [-8.705316346300979, 52.66204907416568], [-8.705220601358334, 52.66247353388045], [-8.705154537567124, 52.66262053260965], [-8.705133773040568, 52.66274670590316], [-8.705073942310053, 52.662948531130986], [-8.705007430287216, 52.66327812658552], [-8.704914367149005, 52.66364542338099], [-8.70483926614044, 52.663890626175586], [-8.70477815838517, 52.66422552825872], [-8.704769989513899, 52.6644620998086], [-8.704751038348594, 52.66476085251337], [-8.704748477601575, 52.66491688390708], [-8.704750901909671, 52.665122724898765], [-8.704772873162877, 52.66524511160455], [-8.704796381731848, 52.66538769450338], [-8.704822060116824, 52.66560172919865], [-8.704883332408986, 52.66589164579375], [-8.704907318268878, 52.666045469981626], [-8.704934732621387, 52.66613855888372], [-8.705006103841336, 52.66642203374748], [-8.705055546141026, 52.66656558582192], [-8.705122530731384, 52.66675922327898], [-8.705216741313212, 52.6670405667446], [-8.705272126456821, 52.66718491925354], [-8.70534740386733, 52.6673820305713], [-8.705420740831604, 52.66754949252975], [-8.705515850591556, 52.667761594751994], [-8.705582030424416, 52.66789860245519], [-8.705648240080711, 52.66803651774363], [-8.705705877900723, 52.66812689184387], [-8.705774822095131, 52.66822251057845], [-8.705909923513673, 52.66841781817365], [-8.706076302861112, 52.668637387016986], [-8.706209569592879, 52.66882419342786], [-8.7063093487762, 52.668968784234046], [-8.706348326089216, 52.66901854396857], [-8.70672370456745, 52.669358601489016], [-8.706871042897633, 52.66949080120815], [-8.70715616317609, 52.6697391503723], [-8.707308406266577, 52.66986453423993], [-8.707468537893734, 52.66998394764437], [-8.707628925161778, 52.6700916747299], [-8.707793667180304, 52.67019709260699], [-8.707977070519082, 52.67030716250049], [-8.70820291645029, 52.67046066085632], [-8.708377423579462, 52.67056997435397], [-8.708519237326367, 52.670638865650155], [-8.708716858621324, 52.670716366287515], [-8.708933626385532, 52.67081020935312], [-8.708984424147046, 52.67084091457417], [-8.708668372397792, 52.67088790713191], [-8.708232119894864, 52.670961880472746], [-8.707941408894245, 52.67101342944742], [-8.707684182264376, 52.671052796604094], [-8.707571708145396, 52.67106932316724], [-8.70748847534391, 52.67107731611995], [-8.707429610941768, 52.671084489462785], [-8.707332479938657, 52.67107786067004], [-8.707224737051671, 52.6710650843169], [-8.70672297046864, 52.67098180010788], [-8.706651365328936, 52.67098467181028], [-8.70656793602617, 52.67100614748846], [-8.706499041076091, 52.671039544620044], [-8.706462980345021, 52.671062562455944], [-8.706408860115074, 52.67109528724178], [-8.706363293842701, 52.67112024920681], [-8.7062534556373, 52.67116549386995], [-8.706127496155567, 52.6712141241314], [-8.706007295519791, 52.67125863035484], [-8.7059162483896, 52.671292806237766], [-8.705798587231158, 52.67134536846646], [-8.705757535360089, 52.67137249641813], [-8.70572621675553, 52.67140264034373], [-8.70569224347189, 52.67145798481351], [-8.705654326494972, 52.67152643947244], [-8.70562910482563, 52.67158352944559], [-8.705612342477712, 52.67162146028428], [-8.705570447321653, 52.67173761164852], [-8.705534025361997, 52.67184199191599], [-8.705489481317684, 52.6719653764834], [-8.70547541099183, 52.67200154757885], [-8.705439506400031, 52.67208299600919], [-8.705399737767133, 52.67215955990388], [-8.705315251979513, 52.67230107746661], [-8.705284969637885, 52.672367167625595], [-8.705283327282293, 52.67237077265054], [-8.70524363110395, 52.67245003249591], [-8.705246750125173, 52.672472016881535], [-8.705247396943303, 52.672475455486996], [-8.7052542829651, 52.672511915313144], [-8.70529841965953, 52.67265238883481], [-8.705394612677438, 52.67292741045241], [-8.705460784091136, 52.67304598351909], [-8.705528594531746, 52.67314970738901], [-8.705587651363356, 52.67323872481965], [-8.705653177564175, 52.67332269731724], [-8.70572074941316, 52.673457440529766], [-8.705745321293804, 52.67351595974718], [-8.705770791476558, 52.673652238904204], [-8.705778251539618, 52.67369033111571], [-8.705778781989915, 52.67373976266704], [-8.705770485867236, 52.673881932360146], [-8.705760945521988, 52.67392028758335], [-8.705752817620699, 52.673956369387035], [-8.70572660050062, 52.67402150066869], [-8.705710897458308, 52.674053645829986], [-8.705672538403183, 52.67411040054842], [-8.705637479139302, 52.67415812950466], [-8.705591091831087, 52.674217709320715], [-8.705542978050337, 52.674289451343626], [-8.705518376819013, 52.67433926617389], [-8.70547169836048, 52.67442852647173], [-8.705443892188656, 52.67449052129699], [-8.705417131725333, 52.674542164556605], [-8.705400806498298, 52.674577018802246], [-8.705368131562558, 52.67461032551536], [-8.705311101921176, 52.67466287691413], [-8.705253186260887, 52.67471183830552], [-8.705176220769077, 52.67476513742264], [-8.705049892936945, 52.674841200436035], [-8.70497993013292, 52.674884948331226], [-8.7049187932152, 52.67492766399023], [-8.70485651426806, 52.67496006803882], [-8.704753559289044, 52.67501104968851], [-8.704632235700416, 52.67508299289852], [-8.704478725607894, 52.67518192987676], [-8.70438070289335, 52.67524542930774], [-8.704092802244775, 52.67540391970745], [-8.704019653876502, 52.67544187063249], [-8.70376412700631, 52.67556031458613], [-8.703692068465987, 52.6755888213045], [-8.70324776893876, 52.67568446728113], [-8.703137162402887, 52.67571039806385], [-8.703031129635729, 52.675740301330734], [-8.702963183166693, 52.675760639972914], [-8.70289224324617, 52.67578058287339], [-8.702834279459882, 52.675791793226104], [-8.702733976890217, 52.675798230208194], [-8.70266128755721, 52.675811451236385], [-8.702597066201415, 52.6758326484213], [-8.702544700856235, 52.6758545572674], [-8.702494699300546, 52.6758800203662], [-8.702429540891515, 52.675896279544936], [-8.702360466963363, 52.67590720496721], [-8.702297848110259, 52.67591308571816], [-8.701849394416053, 52.67590585500505], [-8.701731885445374, 52.67588962610154], [-8.701660674478859, 52.675884394132694], [-8.70150880426385, 52.675877671115714], [-8.701359349149921, 52.67587585910572], [-8.701283307618493, 52.67587923915089], [-8.701185873585255, 52.67588384224933], [-8.701123803523044, 52.67588521608346], [-8.701036996562827, 52.6758784221756], [-8.700965969672508, 52.675858816691644], [-8.700884249792503, 52.675831706393865], [-8.70081018616557, 52.675792353889705], [-8.700736101748065, 52.67573413539109], [-8.700605474504124, 52.675649331637175], [-8.700552540101643, 52.67561445600103], [-8.700474035365977, 52.67556273491259], [-8.700340253997876, 52.67549145865588], [-8.700262182299829, 52.67542609988499], [-8.700206818845947, 52.67539186761353], [-8.700118462499358, 52.67536485890955], [-8.700108727648798, 52.67535992800042], [-8.69987908865593, 52.6752279722955], [-8.699813287283217, 52.67518826478738], [-8.699768302038645, 52.67515477098046], [-8.699684516855495, 52.67507600831411], [-8.699642612708963, 52.675045615150765], [-8.699552590471715, 52.67499571411922], [-8.699472066981173, 52.67496095588368], [-8.699413454458815, 52.674938013522706], [-8.699325238458425, 52.6749141492441], [-8.699158539949863, 52.67487033582818], [-8.699030314121947, 52.674844837793344], [-8.698903537299197, 52.6748183963113], [-8.698671975302661, 52.6747796025268], [-8.697636945055194, 52.67465883156327], [-8.697521941163465, 52.674667741507946], [-8.6973973279058, 52.67467678877293], [-8.697320913878022, 52.67468916558408], [-8.697185203505125, 52.67471636201392], [-8.697076667238791, 52.67473865275165], [-8.696987582589198, 52.67476694992315], [-8.696859810362506, 52.674807958986165], [-8.696770160931026, 52.674846966864365], [-8.696668000723426, 52.674898286434995], [-8.69655235502964, 52.67493996990361], [-8.696474987538776, 52.67496347367296], [-8.696371807569838, 52.67499617468938], [-8.696303768744336, 52.67502598443404], [-8.696219260469425, 52.675057870061885], [-8.695597951642677, 52.67540803957968], [-8.695537217049877, 52.67546767533914], [-8.695475126546366, 52.67553561326037], [-8.695427278747193, 52.67557914303469], [-8.695211506852173, 52.67578027851493], [-8.695172861342833, 52.67581481462535], [-8.695078428867957, 52.675871788649964], [-8.694967439374873, 52.67591640933081], [-8.69490462586073, 52.675937202201354], [-8.694700978430923, 52.67601491898278], [-8.694614628179487, 52.67604246310042], [-8.694495540332017, 52.67608131098542], [-8.694483196842716, 52.67608687774443], [-8.694272336238376, 52.67617131601621], [-8.694219687176664, 52.676192404914715], [-8.694148440230384, 52.67621566098311], [-8.693967490975195, 52.67626952392073], [-8.693846442068713, 52.67630581832007], [-8.693725439753662, 52.67634226601921], [-8.693624347998577, 52.67637335341551], [-8.693453616961799, 52.67641030484403], [-8.693336743639394, 52.6764387788961], [-8.69316808270817, 52.67648500073181], [-8.692960336416832, 52.67654271564008], [-8.692823265389531, 52.67658912440724], [-8.69263329295384, 52.67661010377468], [-8.692501944262382, 52.67661920770166], [-8.692367801758481, 52.676612013469146], [-8.692223302548905, 52.67661429731762], [-8.692141503209186, 52.67661595962497], [-8.69206301394055, 52.676609613910735], [-8.691968787057673, 52.676590590599325], [-8.691903947287958, 52.6765719223812], [-8.691884980237258, 52.676566461360494], [-8.69102679631459, 52.676242079987055], [-8.690855988865868, 52.67615965692382], [-8.69062013013103, 52.675985769363564], [-8.69049394690808, 52.67583301979482], [-8.690474049782138, 52.67581271200041], [-8.690439663820976, 52.67579285711261], [-8.690406539940208, 52.67577276476789], [-8.69036593404944, 52.675752505669635], [-8.690300461743806, 52.67573505096001], [-8.690288631189507, 52.6757332224658], [-8.69014344487779, 52.67572729084959], [-8.690059836531821, 52.67572628559559], [-8.68993017308436, 52.67572011054952], [-8.689825453410842, 52.67570908941231], [-8.689755649876767, 52.67570203549225], [-8.689663815934937, 52.675698902700184], [-8.689193900546801, 52.67569103892267], [-8.689133817278131, 52.67570496930222], [-8.68906162518881, 52.67573030406025], [-8.68901236996556, 52.67575575711432], [-8.688780424162585, 52.6759470959832], [-8.688741062583007, 52.67599801768364], [-8.688716191709092, 52.676049825891624], [-8.688706363456, 52.67611692536095], [-8.68872078162297, 52.6762551687035], [-8.68871962006875, 52.67628285885181], [-8.688717006284282, 52.67634514371044], [-8.688683770075531, 52.67641981235272], [-8.688627575913634, 52.67651280631026], [-8.688602385300245, 52.67660355286539], [-8.688576296142905, 52.67670957544223], [-8.688574931219465, 52.676723398105395], [-8.688567874352984, 52.676794669917356], [-8.688546022258276, 52.67685793836853], [-8.688542743680237, 52.67686385361723], [-8.688515667783523, 52.67691278040927], [-8.688497601141833, 52.67694970965951], [-8.688491741318726, 52.676961688901436], [-8.688469582254665, 52.67718321286459], [-8.688481915914277, 52.67736195977548], [-8.688562255519354, 52.67750191442847], [-8.688592466362158, 52.677554526127906], [-8.688646733244168, 52.67763509490985], [-8.688720886780995, 52.67771357073526], [-8.68872175253247, 52.67775357180233], [-8.688690105565394, 52.677960383434986], [-8.688689137032824, 52.67797120176343], [-8.688666662548119, 52.67822059071224], [-8.688662482110846, 52.678266957713674], [-8.688637785142262, 52.678389150788355], [-8.688602082872919, 52.67845756898988], [-8.688545762564646, 52.678547417763376], [-8.68849573101546, 52.67860930391399], [-8.68836871938653, 52.67870649301408], [-8.688295032595786, 52.67878760719873], [-8.688246610847182, 52.678871037386386], [-8.688170031341594, 52.679045707569884], [-8.688163202437805, 52.67922564427813], [-8.688112792371962, 52.67938868466364], [-8.688070143019583, 52.67943202124596], [-8.6879177764438, 52.67954307287479], [-8.687788313457697, 52.67963979918442], [-8.687693711905215, 52.67971049127448], [-8.687570248607113, 52.67984089693666], [-8.687421740688382, 52.67991907398785], [-8.687320593954208, 52.67996103278936], [-8.687173468633045, 52.680018052485714], [-8.686999380309308, 52.6800485066179], [-8.6867967287789, 52.680086127728266], [-8.686596932389156, 52.68012099956806], [-8.686186351297458, 52.680193619122086], [-8.685675786307941, 52.68030053004318], [-8.685151919763038, 52.680407192069524], [-8.684944329144884, 52.680450716773734], [-8.68488211403954, 52.68048580630528], [-8.684505995176707, 52.680662195333184], [-8.684379934364232, 52.680672612394766], [-8.684140205454664, 52.6806896445267], [-8.68400579400087, 52.680731639666796], [-8.683968227160282, 52.68077311184851], [-8.683915947740612, 52.68081569354862], [-8.683818250763574, 52.68092548065995], [-8.683634155971168, 52.68113095903281], [-8.683586571374112, 52.681198644253556], [-8.683448777531854, 52.68130452774362], [-8.683375042899463, 52.6813474306377], [-8.683332300804835, 52.68137008438722], [-8.683111750690564, 52.68144123809892], [-8.682969660515873, 52.6814766071267], [-8.682570184912539, 52.68156836667733], [-8.682525658860133, 52.68160185208508], [-8.682488935892543, 52.68168241718651], [-8.682444752302713, 52.681798609135804], [-8.682351664324484, 52.68194923738479], [-8.682262299479046, 52.682008551946815], [-8.682156379475037, 52.682078900234444], [-8.682093790842035, 52.68210454393358], [-8.682021396096866, 52.68212539943129], [-8.681754735483217, 52.68219047927053], [-8.681422447445053, 52.682279898068394], [-8.6811380346902, 52.68234479094119], [-8.68089435044908, 52.68240391251898], [-8.680779730613034, 52.68243428551134], [-8.68072061351627, 52.682454048300094], [-8.68070482514109, 52.68246019694615], [-8.680635408972151, 52.68248721830394], [-8.679951425090216, 52.68284169762549], [-8.679870050912763, 52.68289684797711], [-8.679758169593514, 52.68313135102952], [-8.679706367403572, 52.68318606204036], [-8.679687933178311, 52.68320567192058], [-8.67962683038114, 52.6832681570022], [-8.679252198376197, 52.68366433364219], [-8.679207208279962, 52.68372254670461], [-8.679197753366875, 52.68374516101085], [-8.679131789492775, 52.68383379310035], [-8.678951043609231, 52.68403424744788], [-8.678866890550909, 52.684163169355756], [-8.678863360124797, 52.6841682229097], [-8.67884650541212, 52.68419236170004], [-8.678839616787972, 52.684202226040405], [-8.678792987589011, 52.68425686207238], [-8.678759444928032, 52.68428747885637], [-8.678718740253771, 52.68432359241375], [-8.678634693339967, 52.68438597463999], [-8.678578672076537, 52.68442726309642], [-8.678493023455447, 52.684486526530414], [-8.678468513893389, 52.6845026116997], [-8.678380801497202, 52.68454706548761], [-8.678327876975052, 52.684573469785875], [-8.6782735670132, 52.68460305478633], [-8.67826789924386, 52.6846066734674], [-8.678131233871419, 52.68476114285165], [-8.678132143883143, 52.68479220051465], [-8.678073843766212, 52.6848793141015], [-8.677968845247348, 52.68503296399198], [-8.677945994258199, 52.685066404570385], [-8.677847442231807, 52.685209465452004], [-8.677813902452593, 52.685258507544134], [-8.67776860253811, 52.68532750752513], [-8.677745391899178, 52.68537595125357], [-8.677710865815046, 52.68544919491177], [-8.677692287342422, 52.685490178989944], [-8.677673920125393, 52.68554576751514], [-8.677689726621232, 52.68570311266273], [-8.6777077800097, 52.68576578232305], [-8.677764627192685, 52.68596587389967], [-8.677842409396854, 52.686208350445405], [-8.677842420779324, 52.686227234370634], [-8.677841463043446, 52.686277141757394], [-8.677841717062936, 52.686320292154655], [-8.67783446941448, 52.686360402529246], [-8.677825468326104, 52.68639425822617], [-8.677812936256492, 52.686432196731026], [-8.677800259904492, 52.68646654980898], [-8.67778965715632, 52.686497268826706], [-8.677782286045499, 52.686535141866784], [-8.677781537878374, 52.68658999150472], [-8.677773127592685, 52.687044127156305], [-8.677776533812958, 52.68709216702538], [-8.67777072133071, 52.68713136138736], [-8.677763692791428, 52.687158887166206], [-8.677380533897875, 52.68765722898746], [-8.67715761986098, 52.687939659081], [-8.677148218289862, 52.687951505162566], [-8.67709705778648, 52.68796221458557], [-8.677080227882033, 52.687965258805804], [-8.677045461866655, 52.687971551294915], [-8.67701094671696, 52.68797780638875], [-8.676977398448248, 52.687982501010865], [-8.676120887743007, 52.68809650460041], [-8.676001456744435, 52.688090444636494], [-8.67567536686626, 52.687999564550246], [-8.675262608688453, 52.68786700514981], [-8.675017165315486, 52.68778577545508], [-8.674902995569388, 52.687761133005175], [-8.674654187326825, 52.6876687944586], [-8.674339179392513, 52.68757773977849], [-8.674241615060216, 52.68755558181569], [-8.673470333817555, 52.68743120263638], [-8.67339070697561, 52.68741160254377], [-8.673275997946723, 52.68736908427753], [-8.673166819327326, 52.68731972152193], [-8.672976958427107, 52.68725036881236], [-8.672856400624505, 52.68719199239658], [-8.672678916182111, 52.68710692968115], [-8.672451846148615, 52.68702047620136], [-8.672327212862998, 52.68697305188701], [-8.671901700877635, 52.68685146468468], [-8.671727566219781, 52.686776286439255], [-8.671580313923121, 52.686765166580294], [-8.67135249244614, 52.68676833552511], [-8.67105757474431, 52.68678763100552], [-8.670931442933295, 52.68680345392572], [-8.670650383916962, 52.686847845600234], [-8.670474619075566, 52.686871204900484], [-8.670403934617111, 52.686880599044045], [-8.670139368181795, 52.6869289588503], [-8.669937063971956, 52.68699132019884], [-8.669770391458911, 52.687030515316835], [-8.669395598763657, 52.687105867233406], [-8.669209253434232, 52.68715282151034], [-8.668347649317832, 52.68743334700064], [-8.668289160302706, 52.68743053090902], [-8.668288973798472, 52.68743052207353], [-8.668240763447884, 52.687428206173166], [-8.66818687345493, 52.68744382833923], [-8.667999931109312, 52.687498654042315], [-8.667787237079152, 52.687555345733976], [-8.667722688088569, 52.68757134950477], [-8.667528664244402, 52.68762017525075], [-8.667492066669116, 52.687625833499645], [-8.66719290587989, 52.68765894534524], [-8.667061072259413, 52.68766872926605], [-8.666457974395227, 52.68770483801591], [-8.666319914994933, 52.68771181587641], [-8.666191489342053, 52.687719098961374], [-8.66610759955686, 52.68773022124993], [-8.665976503080632, 52.68774473654384], [-8.66551424170595, 52.687783455689114], [-8.665343856483561, 52.6877958539385], [-8.665190908443199, 52.68780035243976], [-8.665055561558994, 52.68781942055995], [-8.664461910860062, 52.68790321985275], [-8.664251560448895, 52.68793328640839], [-8.664046449141102, 52.687965516336064], [-8.663900418589083, 52.687995096124254], [-8.663707101990422, 52.68802580333821], [-8.663577014869537, 52.68804749180395], [-8.663304842789222, 52.68804879030074], [-8.662724409773215, 52.68812969364518], [-8.662323049100394, 52.68819358601579], [-8.662081107690861, 52.688229946093294], [-8.661474669370307, 52.68832180120749], [-8.661425175002233, 52.68833048122811], [-8.661404005285046, 52.688334194575326], [-8.661378247467887, 52.688338706491365], [-8.661367626987964, 52.68834065324083], [-8.661347049686617, 52.68834441720132], [-8.661309833622141, 52.68835123105806], [-8.661185659059962, 52.68836985492554], [-8.660977436076841, 52.68839808819968], [-8.660659655124894, 52.68844320015459], [-8.66037934100935, 52.688481478330544], [-8.660065874131979, 52.68852339186441], [-8.65966123392009, 52.688579222161735], [-8.659368225329478, 52.68862132559901], [-8.65922577971585, 52.688641792720496], [-8.659171341875119, 52.688649339824785], [-8.659005773333963, 52.68867154411888], [-8.658796936016135, 52.68870337220326], [-8.658687292176145, 52.68871757145187], [-8.658609506578617, 52.68873354402365], [-8.65853556081555, 52.688753054494796], [-8.658400807733992, 52.688787400430726], [-8.658344551129789, 52.68880484414691], [-8.658277446055365, 52.688828765567884], [-8.658235984532121, 52.688846441659244], [-8.658218067563975, 52.688855996605064], [-8.658187428209985, 52.68887233628252], [-8.658089824664943, 52.68891017868946], [-8.657905938675361, 52.68897444848387], [-8.65773394095097, 52.68903945197185], [-8.657557220594413, 52.689097326890405], [-8.656872271742484, 52.68930424581806], [-8.65655855963717, 52.68939649365209], [-8.656380136758198, 52.689448551958016], [-8.656277943130096, 52.68948331738926], [-8.655894895572404, 52.68959904664251], [-8.65577776302613, 52.68962997548864], [-8.655691123161725, 52.689646534400595], [-8.655544419626795, 52.68967834561482], [-8.655394917561896, 52.68971788389133], [-8.655317675462356, 52.689737752115555], [-8.65515859444192, 52.68977180638587], [-8.655158551656282, 52.6897718138128], [-8.654601325601995, 52.6898622390649], [-8.654186772739727, 52.68994386608715], [-8.653916645095174, 52.689984787123485], [-8.65382282640522, 52.68991893661439], [-8.653569205025178, 52.68975766886286], [-8.653518679836719, 52.6897282328116], [-8.653288714961603, 52.68958097229608], [-8.653218160885013, 52.689536600443866], [-8.653150614518559, 52.68949354221428], [-8.652916593409085, 52.68935283765867], [-8.652913339556063, 52.68935087820205], [-8.652910056524217, 52.68934894587027], [-8.652906729388885, 52.68934703175746], [-8.652903358284087, 52.68934514485095], [-8.652899957866447, 52.68934327608194], [-8.652896528404035, 52.689341443425135], [-8.652893054704064, 52.689339619999934], [-8.652889551959333, 52.68933783268691], [-8.65288601990174, 52.68933606351136], [-8.652882443874685, 52.68933432154212], [-8.65287883866882, 52.689332606697704], [-8.652875189493487, 52.689330919059564], [-8.65287152592996, 52.6893292584648], [-8.652867818262925, 52.68932761608896], [-8.652864096341736, 52.689326009743816], [-8.652860330317035, 52.68932442161761], [-8.65285653524754, 52.689322869603544], [-8.652852710865144, 52.689321335726945], [-8.652848857303896, 52.68931982897515], [-8.652844974697853, 52.68931835833551], [-8.652841062778913, 52.68931690583332], [-8.652760365032336, 52.68929651583704], [-8.652727573574449, 52.68929070134255], [-8.652679147919585, 52.689281961908996], [-8.652334623948393, 52.68926856050858], [-8.652076130620618, 52.689260203606366], [-8.652007242704862, 52.68925805685504], [-8.65196728536643, 52.689257746314354], [-8.651820772117462, 52.68925673639558], [-8.651731223270664, 52.689255799629024], [-8.651674379658944, 52.689258871459444], [-8.65154816535443, 52.68926611751777], [-8.651423937208532, 52.689275626511666], [-8.651244184848293, 52.68928741778757], [-8.651135784984634, 52.6892950149455], [-8.65102713488488, 52.689283801329566], [-8.650848464375434, 52.689289770776995], [-8.65065174848918, 52.68930374850755], [-8.650543703633431, 52.68931633155882], [-8.650267381911954, 52.68933556307789], [-8.649939830537758, 52.68936440445437], [-8.649763040613491, 52.68937751646449], [-8.649615492637052, 52.68937159301196], [-8.649324912356496, 52.689361015105824], [-8.649122494758299, 52.689352641212814], [-8.649026249033621, 52.68933800528895], [-8.648948170016455, 52.68930456565178], [-8.648745524357668, 52.689186969242954], [-8.648730031180524, 52.68917956695829], [-8.648499214600015, 52.6890693776638], [-8.648256619364325, 52.68897778574717], [-8.647996769069945, 52.68890856909971], [-8.64780661995909, 52.68886846989253], [-8.647779737630316, 52.688864077809114], [-8.64765091240467, 52.68884878289904], [-8.647557547340071, 52.68884278556641], [-8.647486331727666, 52.68883821313548], [-8.647439323557784, 52.68883519821588], [-8.647297994029733, 52.688813526761535], [-8.64729399116538, 52.6888129104645], [-8.647279833036913, 52.68881074075037], [-8.647241758723872, 52.688801699900935], [-8.647131736593769, 52.68877557000074], [-8.646814792746351, 52.688700289870106], [-8.646656451620066, 52.68868649414413], [-8.646114293091962, 52.68867439525405], [-8.645720483172553, 52.68866953026255], [-8.64520774110994, 52.688654112179236], [-8.644831238357398, 52.68862820781777], [-8.644368132557117, 52.68861444853762], [-8.644106256560354, 52.68860100540278], [-8.643849249569756, 52.68855554668132], [-8.643492992657531, 52.688495058839734], [-8.642826712231505, 52.688411821854814], [-8.642388432560864, 52.688402297416665], [-8.642010689591713, 52.688391409899815], [-8.641670003337044, 52.68835757178597], [-8.641438773134102, 52.688336748443554], [-8.64139831484402, 52.688301176831786], [-8.641206784459012, 52.688052083786204], [-8.640908767430123, 52.687671243720416], [-8.640597969830095, 52.68724752692528], [-8.640438897054, 52.687022480085], [-8.640248851452888, 52.68675986836118], [-8.639717358076096, 52.68687156533515], [-8.639059347043169, 52.68702228515465], [-8.638337991427072, 52.68719095005879], [-8.637690068082863, 52.687350452194416], [-8.63713912881959, 52.687471526850736], [-8.636848582252208, 52.68754046267488], [-8.636843143935371, 52.68754181313717], [-8.636814743874423, 52.6875488685431], [-8.636675499374546, 52.687583456564155], [-8.636613673488595, 52.687598816655914], [-8.63643155471289, 52.68763584568958], [-8.636400983433312, 52.68764108807328], [-8.636079881347648, 52.68769615565141], [-8.635922372101403, 52.687565028792136], [-8.635910317523381, 52.68753470657441], [-8.635905131918786, 52.68748177485895], [-8.63590513871324, 52.68748173347737], [-8.635921338523271, 52.68741446611322], [-8.6359436267807, 52.68735018248241], [-8.636304522762575, 52.68724336854735], [-8.636357655914056, 52.687232207768766], [-8.636560686146295, 52.68702276784781], [-8.636614075826547, 52.68691963059835], [-8.636700939337096, 52.686766807219534], [-8.636788526812708, 52.68661397089481], [-8.636870032218456, 52.686471134952185], [-8.636920260363993, 52.6863774969579], [-8.637069905419777, 52.686051674999966], [-8.637147095740545, 52.685871633421854], [-8.63709606877549, 52.6858452670064], [-8.636864533697176, 52.68577903762661], [-8.636455645481055, 52.685662986474256], [-8.635930237351586, 52.685526428072436], [-8.635329991949254, 52.685361290894356], [-8.634754657775837, 52.68519204456511], [-8.634457612620263, 52.68510468873804], [-8.634173082849854, 52.68500314494545], [-8.633777344655433, 52.68485758725657], [-8.633199823390168, 52.68465793842169], [-8.633067729789389, 52.68489202834117], [-8.632947035328174, 52.68507477127199], [-8.63292958820432, 52.68509356861476], [-8.632862391977147, 52.6850851460195], [-8.632799240776684, 52.68507722310192], [-8.632751514437453, 52.68507124013557], [-8.632486389647644, 52.68503799697452], [-8.631804909718111, 52.68495407818159], [-8.631237216973291, 52.6848888020791], [-8.631224979846037, 52.684887393195964], [-8.631228073601614, 52.68490306091516], [-8.631145144891985, 52.68491285546232], [-8.631145035581445, 52.68491286503238], [-8.630987410559099, 52.6849132790129], [-8.630613364157687, 52.68485709948058], [-8.630559176358824, 52.68484864412967], [-8.6305022669144, 52.68483308557242], [-8.630457674203724, 52.68478995617342], [-8.63039592985408, 52.68470403495877], [-8.630311631205418, 52.68457911753011], [-8.63031126850331, 52.68457858017409], [-8.630274285349223, 52.68455236984504], [-8.630247343625568, 52.684546625896736], [-8.62986438186808, 52.68441122376354], [-8.629744456405898, 52.68442699773224], [-8.62956692119939, 52.684501056035124], [-8.629541045878728, 52.68450816190814], [-8.629471974771254, 52.684516330350604], [-8.629214796830269, 52.684455515296186], [-8.62921469711065, 52.684455471783906], [-8.629199528637322, 52.68444870338182], [-8.629196766267297, 52.68444719007091], [-8.629196591814544, 52.684447092128025], [-8.629193039883289, 52.68444487474743], [-8.62918975193363, 52.6844425013707], [-8.629186771112122, 52.684439989744966], [-8.629184132247289, 52.68443739631032], [-8.629184087247237, 52.68443735250759], [-8.629181725738647, 52.6844346074999], [-8.629179688258981, 52.68443176819518], [-8.62917800455419, 52.684428846120035], [-8.629178132491127, 52.68441500470276], [-8.629182222136901, 52.68441048805968], [-8.629225333985557, 52.68435790368697], [-8.629226560567185, 52.68435577599031], [-8.629227903844686, 52.684352506188546], [-8.629228684235063, 52.68434917645804], [-8.629228873776604, 52.68434692843292], [-8.629228797115838, 52.6843446818208], [-8.629224843072105, 52.684333009321854], [-8.629221796719854, 52.68432583503091], [-8.629151698311189, 52.684273824582384], [-8.629104884474877, 52.68424273161018], [-8.629031910022457, 52.684198466099396], [-8.62898528091266, 52.684169924713366], [-8.628663361215603, 52.68413077437927], [-8.628625219165658, 52.684130058069236], [-8.628497886656557, 52.684127664708946], [-8.62839632698923, 52.6841281321159], [-8.62839158420006, 52.68412815905501], [-8.6283914392168, 52.68412815622834], [-8.628344614951647, 52.684127099364616], [-8.62834453655733, 52.68412709888133], [-8.628150801998041, 52.684122706717034], [-8.627875255547506, 52.684116308227004], [-8.627688084602879, 52.68410787096088], [-8.627496533110422, 52.68409924087372], [-8.627368899734837, 52.68409648297776], [-8.62719906599264, 52.68409651882009], [-8.627160699216159, 52.68367725729569], [-8.627161793186554, 52.68353681281559], [-8.627162417469508, 52.683378035140734], [-8.627167046146026, 52.68326649558384], [-8.627174989951936, 52.68312001081781], [-8.6271833599319, 52.682969209515626], [-8.62718772594205, 52.6828207573056], [-8.627196822698604, 52.682717597949264], [-8.62720536684675, 52.68262955047303], [-8.62722391742033, 52.6825111422503], [-8.627245964346558, 52.6823838712526], [-8.627253312540494, 52.682351717966675], [-8.627280102556025, 52.68223447952062], [-8.627312292647984, 52.68208745296056], [-8.627328872998744, 52.6820111732732], [-8.627339196150997, 52.6819637065256], [-8.627339695709987, 52.68196244555079], [-8.627350452866155, 52.681934948016284], [-8.627376898260934, 52.68188451975448], [-8.627384456134317, 52.68187010781563], [-8.627463607730084, 52.68172867489785], [-8.627515720284439, 52.68163547128801], [-8.62756701559108, 52.68154407858396], [-8.627602199513882, 52.68148529901844], [-8.627649422542355, 52.681410070427475], [-8.627698698663595, 52.681331577259776], [-8.627750863543197, 52.681235901539104], [-8.627828799279747, 52.681093378250296], [-8.62784329987169, 52.68106707423006], [-8.627854062978855, 52.6810493107042], [-8.627868640124971, 52.68102525329523], [-8.627929315967238, 52.68093116823961], [-8.627972631187928, 52.68086814804846], [-8.627976317436188, 52.68086325698031], [-8.628029184036679, 52.68079286986941], [-8.628094294274074, 52.680716198107625], [-8.628147420858303, 52.68065468080003], [-8.628309588325633, 52.68047998286602], [-8.62833679050667, 52.680452541874786], [-8.628363152766461, 52.68042634568476], [-8.62844842174037, 52.68034162139518], [-8.628451833680653, 52.68033823277553], [-8.628458263628758, 52.680332859765244], [-8.628608336462115, 52.680212073129674], [-8.628677415013222, 52.68015647502083], [-8.629692923681336, 52.67972327904268], [-8.629807912927344, 52.67968990657937], [-8.630051644240982, 52.67961391138459], [-8.63006727187264, 52.6796095320154], [-8.63037046835351, 52.67950795456514], [-8.630807353915687, 52.679251555274824], [-8.630929862629163, 52.67917878287718], [-8.631058109870514, 52.67909069106848], [-8.631120326081536, 52.67906617289326], [-8.631775173594171, 52.678808159904214], [-8.631890848807588, 52.67875701230461], [-8.632107686400818, 52.678595994096696], [-8.632222712696386, 52.67851123418707], [-8.63232272640749, 52.67843246840912], [-8.63241358353162, 52.6783566096091], [-8.632451345195848, 52.67831925138665], [-8.63258796152496, 52.678180294600324], [-8.632658576662685, 52.67809139405911], [-8.632830015367116, 52.677862253403184], [-8.632886512666996, 52.677779881536914], [-8.632914068476493, 52.677730156115025], [-8.632942204629526, 52.67767863895784], [-8.632964404976414, 52.677625697419835], [-8.63297758788325, 52.67758627717455], [-8.632983781190623, 52.67752981688517], [-8.632966528809657, 52.677273379984314], [-8.632959841005592, 52.677228106742206], [-8.632955749919791, 52.677204930331385], [-8.632949259209212, 52.6771794298308], [-8.632850320210588, 52.67694345452283], [-8.632823224234219, 52.6768980835016], [-8.632732209815327, 52.6767959793204], [-8.63270446357619, 52.67677416053605], [-8.632645745011377, 52.67673035141639], [-8.63247466833608, 52.676607543323826], [-8.632141700166652, 52.67636187741246], [-8.63190763730366, 52.67612876100645], [-8.63141784657142, 52.67568239802957], [-8.631347320547725, 52.67564097008915], [-8.631073027567565, 52.6754610421029], [-8.631031154038569, 52.675417169460616], [-8.630931170014634, 52.67533038240413], [-8.630839565443887, 52.675254525125645], [-8.63055309605409, 52.67501425177994], [-8.630280007633537, 52.6748086096075], [-8.63023457059546, 52.67476896295606], [-8.630176440964902, 52.674718245725735], [-8.63009722491303, 52.674638924508535], [-8.630977447813585, 52.67426569438618], [-8.63108030501289, 52.67421853455573], [-8.631285836998348, 52.674142380530846], [-8.631653651059578, 52.674006696172974], [-8.632144311792056, 52.67381888974547], [-8.632514593332246, 52.673667064896904], [-8.63256291048231, 52.67364724896025], [-8.632672347759096, 52.67359928863216], [-8.632955490555899, 52.67347519735368], [-8.633139255905359, 52.67339739465635], [-8.633492881899079, 52.67324767801247], [-8.633904720920421, 52.67307355190869], [-8.633914932409493, 52.67306395193942], [-8.633923491725215, 52.67305462146021], [-8.634042226538982, 52.6729249442947], [-8.634123553010463, 52.67284337369366], [-8.634179198738375, 52.672787556512965], [-8.63427435607542, 52.6726921240648], [-8.634383415424912, 52.67257651076211], [-8.634461061509587, 52.67249420372082], [-8.634600731600543, 52.67234614201096], [-8.634729768569608, 52.672209335342274], [-8.634756450272521, 52.67218231804707], [-8.634769681918325, 52.67216892682724], [-8.634932597523761, 52.67200390461692], [-8.63501475456976, 52.67192070208938], [-8.635099701853056, 52.671828047049885], [-8.635054767470542, 52.67181581232948], [-8.63438835539842, 52.671623152831984], [-8.634002146974098, 52.67151065698157], [-8.633957046221909, 52.671505271666085], [-8.63391002568536, 52.67150004939848], [-8.633837251057875, 52.6714919538242], [-8.633612885443885, 52.671467025023546], [-8.633330195792352, 52.67143737412099], [-8.63325908580252, 52.67141963405698], [-8.63317013899744, 52.67139744125774], [-8.632980288729414, 52.671350315026274], [-8.632910133725737, 52.67132906429529], [-8.6328068663711, 52.671280711434875], [-8.632587677044283, 52.671186140245844], [-8.632116074194691, 52.670980348126626], [-8.631870827678327, 52.670877025347465], [-8.631627829433148, 52.67077368199136], [-8.63160966488213, 52.670765958244466], [-8.63132959583318, 52.670680751159765], [-8.63133975671471, 52.6706737941788], [-8.631576531393526, 52.67051172669204], [-8.631603170105656, 52.67049294342797], [-8.631765153153228, 52.67037870427496], [-8.631796109381016, 52.670356868964525], [-8.631955915279764, 52.670245517342586], [-8.632169544640572, 52.67009664973656], [-8.63222244647854, 52.670054644813355], [-8.632325136375211, 52.66997311424548], [-8.632447816465842, 52.669874237747415], [-8.632464313097154, 52.669835069464945], [-8.63231999212162, 52.6696802644696], [-8.632187216678556, 52.66940746485748], [-8.63217156941407, 52.66936309317245], [-8.632161361444462, 52.668879111445776], [-8.632168268608108, 52.668788115025116], [-8.632173422646517, 52.668723166481946], [-8.632188773394406, 52.66852368358037], [-8.632195420501095, 52.668410577809894], [-8.632199578560678, 52.668320674615515], [-8.632201225692844, 52.668298555099774], [-8.632194676495613, 52.668277072517114], [-8.632173758191827, 52.66820755326674], [-8.632166614951183, 52.66818383581337], [-8.632101089582099, 52.668046568456155], [-8.632034462479593, 52.66791181461604], [-8.63198587019313, 52.66781478650808], [-8.631974976532835, 52.66778196611582], [-8.631964957490197, 52.66775176558486], [-8.631959160660246, 52.667717857418516], [-8.631967516446728, 52.66769241248828], [-8.632060492294102, 52.667508721196846], [-8.632307197821845, 52.66722276107423], [-8.632391857193685, 52.667131898063545], [-8.632486192435643, 52.66704676180817], [-8.63258473319974, 52.66695782083575], [-8.632695435827882, 52.66685838775812], [-8.632781054113407, 52.66687392950689], [-8.632901865208177, 52.66688887880776], [-8.633292084794597, 52.666924948927516], [-8.633749804691268, 52.66696780239712], [-8.633817045924781, 52.66697409403184], [-8.634031309013833, 52.666994141987665], [-8.6344538716687, 52.66702463341313], [-8.634855661819515, 52.66705300555073], [-8.634930877645251, 52.667056620324026], [-8.636083034209902, 52.6670383176326], [-8.636271328509968, 52.667034340879376], [-8.636891088442638, 52.667021249295594], [-8.637075155546947, 52.66701735869437], [-8.638156437585282, 52.66700130428266], [-8.638733543050089, 52.66698917063995], [-8.638890341500906, 52.66698587267633], [-8.639267579822004, 52.6669799557322], [-8.640083899111112, 52.666967128143185], [-8.640121427670541, 52.66696652998698], [-8.640935210116885, 52.66695010600299], [-8.641022071649065, 52.66694835095071], [-8.641338477606958, 52.666942810334284], [-8.64224546689164, 52.66692690659545], [-8.642474063536515, 52.66692302516165], [-8.643234007566637, 52.66691013091361], [-8.64414176563212, 52.66689230300808], [-8.6449662043449, 52.66687584735289], [-8.645213483062761, 52.666871643255426], [-8.645315398173059, 52.66687012667808], [-8.645597160316623, 52.66686336116326], [-8.645903083324288, 52.66686585588833], [-8.645940830664665, 52.666865065946425], [-8.646094171687126, 52.66688903733201], [-8.646351610461465, 52.66694918427288], [-8.646715279784553, 52.66703768378665], [-8.647100115241203, 52.667134749142036], [-8.647123799304156, 52.667140722758504], [-8.647166958454902, 52.6671509762304], [-8.647550470036188, 52.66724535990988], [-8.648131623090979, 52.66738382698756], [-8.648557778934528, 52.66749530328683], [-8.648570136078016, 52.667340244689385], [-8.648598102076527, 52.666989447468474], [-8.648620417560373, 52.66674322186926], [-8.648638011577821, 52.66648666778945], [-8.648670922352562, 52.666033468834335], [-8.64867342599804, 52.66598289699764], [-8.648676128276511, 52.66587784712105], [-8.648672600377578, 52.66577238193512], [-8.64868098462105, 52.66574254944057], [-8.64876296764011, 52.665537333511196], [-8.648768355710857, 52.665506843301], [-8.648783744452242, 52.665440777322125], [-8.648784132396083, 52.665439121385596], [-8.648751965687238, 52.665335484748695], [-8.64866862320205, 52.66513435549602], [-8.648556443776565, 52.66489762027531], [-8.648300240037939, 52.66435887223715], [-8.648277210543535, 52.66433310344635], [-8.648269588849738, 52.66432355481638], [-8.648206283848575, 52.66426443569088], [-8.648163185930793, 52.66422417094702], [-8.648062014014648, 52.664175568194175], [-8.647862506164405, 52.66409814774535], [-8.647669850231498, 52.66405816995842], [-8.647669614537, 52.66403822661875], [-8.647984623013457, 52.663927676678284], [-8.648084924084127, 52.6638924700818], [-8.647659848607201, 52.66295759385315], [-8.647644416199212, 52.6629236581625], [-8.647589241360878, 52.662802305490686], [-8.646689550161222, 52.66081390511109], [-8.645997818450583, 52.659285005302415], [-8.646141263790163, 52.65925819372023], [-8.646186875518882, 52.65924585601103]]]}}]}